:0200000460009A
:100000004643464200000156000000000101020084
:1000100000000000000000000000000000000000E0
:1000200000000000000000000000000000000000D0
:1000300000000000000000000000000000000000C0
:1000400000000000010406010000000000000000A4
:100050000000200000000000000000000000000080
:100060000000000000000000000000000000000090
:100070000000000000000000000000000000000080
:10008000EB04180AFF1E04320126000000000000E5
:100090000000000000000000000000000000000060
:1000A0000000000000000000000000000000000050
:1000B0000000000000000000000000000000000040
:1000C0000000000000000000000000000000000030
:1000D0000000000000000000000000000000000020
:1000E0000000000000000000000000000000000010
:1000F0000000000000000000000000000000000000
:1001000000000000000000000000000000000000EF
:1001100000000000000000000000000000000000DF
:1001200000000000000000000000000000000000CF
:1001300000000000000000000000000000000000BF
:1001400000000000000000000000000000000000AF
:10015000000000000000000000000000000000009F
:10016000000000000000000000000000000000008F
:10017000000000000000000000000000000000007F
:10018000000000000000000000000000000000006F
:10019000000000000000000000000000000000005F
:1001A000000000000000000000000000000000004F
:1001B000000000000000000000000000000000003F
:1001C000000100000010000001000000000000001D
:1001D000000001000000000000000000000000001E
:1001E000000000000000000000000000000000000F
:1001F00000000000000000000000000000000000FF
:10020000FFFFFFFFFFFFFFFFFFFFFFFFFFFFFFFFFE
:10021000FFFFFFFFFFFFFFFFFFFFFFFFFFFFFFFFEE
:10022000FFFFFFFFFFFFFFFFFFFFFFFFFFFFFFFFDE
:10023000FFFFFFFFFFFFFFFFFFFFFFFFFFFFFFFFCE
:10024000FFFFFFFFFFFFFFFFFFFFFFFFFFFFFFFFBE
:10025000FFFFFFFFFFFFFFFFFFFFFFFFFFFFFFFFAE
:10026000FFFFFFFFFFFFFFFFFFFFFFFFFFFFFFFF9E
:10027000FFFFFFFFFFFFFFFFFFFFFFFFFFFFFFFF8E
:10028000FFFFFFFFFFFFFFFFFFFFFFFFFFFFFFFF7E
:10029000FFFFFFFFFFFFFFFFFFFFFFFFFFFFFFFF6E
:1002A000FFFFFFFFFFFFFFFFFFFFFFFFFFFFFFFF5E
:1002B000FFFFFFFFFFFFFFFFFFFFFFFFFFFFFFFF4E
:1002C000FFFFFFFFFFFFFFFFFFFFFFFFFFFFFFFF3E
:1002D000FFFFFFFFFFFFFFFFFFFFFFFFFFFFFFFF2E
:1002E000FFFFFFFFFFFFFFFFFFFFFFFFFFFFFFFF1E
:1002F000FFFFFFFFFFFFFFFFFFFFFFFFFFFFFFFF0E
:10030000FFFFFFFFFFFFFFFFFFFFFFFFFFFFFFFFFD
:10031000FFFFFFFFFFFFFFFFFFFFFFFFFFFFFFFFED
:10032000FFFFFFFFFFFFFFFFFFFFFFFFFFFFFFFFDD
:10033000FFFFFFFFFFFFFFFFFFFFFFFFFFFFFFFFCD
:10034000FFFFFFFFFFFFFFFFFFFFFFFFFFFFFFFFBD
:10035000FFFFFFFFFFFFFFFFFFFFFFFFFFFFFFFFAD
:10036000FFFFFFFFFFFFFFFFFFFFFFFFFFFFFFFF9D
:10037000FFFFFFFFFFFFFFFFFFFFFFFFFFFFFFFF8D
:10038000FFFFFFFFFFFFFFFFFFFFFFFFFFFFFFFF7D
:10039000FFFFFFFFFFFFFFFFFFFFFFFFFFFFFFFF6D
:1003A000FFFFFFFFFFFFFFFFFFFFFFFFFFFFFFFF5D
:1003B000FFFFFFFFFFFFFFFFFFFFFFFFFFFFFFFF4D
:1003C000FFFFFFFFFFFFFFFFFFFFFFFFFFFFFFFF3D
:1003D000FFFFFFFFFFFFFFFFFFFFFFFFFFFFFFFF2D
:1003E000FFFFFFFFFFFFFFFFFFFFFFFFFFFFFFFF1D
:1003F000FFFFFFFFFFFFFFFFFFFFFFFFFFFFFFFF0D
:10040000FFFFFFFFFFFFFFFFFFFFFFFFFFFFFFFFFC
:10041000FFFFFFFFFFFFFFFFFFFFFFFFFFFFFFFFEC
:10042000FFFFFFFFFFFFFFFFFFFFFFFFFFFFFFFFDC
:10043000FFFFFFFFFFFFFFFFFFFFFFFFFFFFFFFFCC
:10044000FFFFFFFFFFFFFFFFFFFFFFFFFFFFFFFFBC
:10045000FFFFFFFFFFFFFFFFFFFFFFFFFFFFFFFFAC
:10046000FFFFFFFFFFFFFFFFFFFFFFFFFFFFFFFF9C
:10047000FFFFFFFFFFFFFFFFFFFFFFFFFFFFFFFF8C
:10048000FFFFFFFFFFFFFFFFFFFFFFFFFFFFFFFF7C
:10049000FFFFFFFFFFFFFFFFFFFFFFFFFFFFFFFF6C
:1004A000FFFFFFFFFFFFFFFFFFFFFFFFFFFFFFFF5C
:1004B000FFFFFFFFFFFFFFFFFFFFFFFFFFFFFFFF4C
:1004C000FFFFFFFFFFFFFFFFFFFFFFFFFFFFFFFF3C
:1004D000FFFFFFFFFFFFFFFFFFFFFFFFFFFFFFFF2C
:1004E000FFFFFFFFFFFFFFFFFFFFFFFFFFFFFFFF1C
:1004F000FFFFFFFFFFFFFFFFFFFFFFFFFFFFFFFF0C
:10050000FFFFFFFFFFFFFFFFFFFFFFFFFFFFFFFFFB
:10051000FFFFFFFFFFFFFFFFFFFFFFFFFFFFFFFFEB
:10052000FFFFFFFFFFFFFFFFFFFFFFFFFFFFFFFFDB
:10053000FFFFFFFFFFFFFFFFFFFFFFFFFFFFFFFFCB
:10054000FFFFFFFFFFFFFFFFFFFFFFFFFFFFFFFFBB
:10055000FFFFFFFFFFFFFFFFFFFFFFFFFFFFFFFFAB
:10056000FFFFFFFFFFFFFFFFFFFFFFFFFFFFFFFF9B
:10057000FFFFFFFFFFFFFFFFFFFFFFFFFFFFFFFF8B
:10058000FFFFFFFFFFFFFFFFFFFFFFFFFFFFFFFF7B
:10059000FFFFFFFFFFFFFFFFFFFFFFFFFFFFFFFF6B
:1005A000FFFFFFFFFFFFFFFFFFFFFFFFFFFFFFFF5B
:1005B000FFFFFFFFFFFFFFFFFFFFFFFFFFFFFFFF4B
:1005C000FFFFFFFFFFFFFFFFFFFFFFFFFFFFFFFF3B
:1005D000FFFFFFFFFFFFFFFFFFFFFFFFFFFFFFFF2B
:1005E000FFFFFFFFFFFFFFFFFFFFFFFFFFFFFFFF1B
:1005F000FFFFFFFFFFFFFFFFFFFFFFFFFFFFFFFF0B
:10060000FFFFFFFFFFFFFFFFFFFFFFFFFFFFFFFFFA
:10061000FFFFFFFFFFFFFFFFFFFFFFFFFFFFFFFFEA
:10062000FFFFFFFFFFFFFFFFFFFFFFFFFFFFFFFFDA
:10063000FFFFFFFFFFFFFFFFFFFFFFFFFFFFFFFFCA
:10064000FFFFFFFFFFFFFFFFFFFFFFFFFFFFFFFFBA
:10065000FFFFFFFFFFFFFFFFFFFFFFFFFFFFFFFFAA
:10066000FFFFFFFFFFFFFFFFFFFFFFFFFFFFFFFF9A
:10067000FFFFFFFFFFFFFFFFFFFFFFFFFFFFFFFF8A
:10068000FFFFFFFFFFFFFFFFFFFFFFFFFFFFFFFF7A
:10069000FFFFFFFFFFFFFFFFFFFFFFFFFFFFFFFF6A
:1006A000FFFFFFFFFFFFFFFFFFFFFFFFFFFFFFFF5A
:1006B000FFFFFFFFFFFFFFFFFFFFFFFFFFFFFFFF4A
:1006C000FFFFFFFFFFFFFFFFFFFFFFFFFFFFFFFF3A
:1006D000FFFFFFFFFFFFFFFFFFFFFFFFFFFFFFFF2A
:1006E000FFFFFFFFFFFFFFFFFFFFFFFFFFFFFFFF1A
:1006F000FFFFFFFFFFFFFFFFFFFFFFFFFFFFFFFF0A
:10070000FFFFFFFFFFFFFFFFFFFFFFFFFFFFFFFFF9
:10071000FFFFFFFFFFFFFFFFFFFFFFFFFFFFFFFFE9
:10072000FFFFFFFFFFFFFFFFFFFFFFFFFFFFFFFFD9
:10073000FFFFFFFFFFFFFFFFFFFFFFFFFFFFFFFFC9
:10074000FFFFFFFFFFFFFFFFFFFFFFFFFFFFFFFFB9
:10075000FFFFFFFFFFFFFFFFFFFFFFFFFFFFFFFFA9
:10076000FFFFFFFFFFFFFFFFFFFFFFFFFFFFFFFF99
:10077000FFFFFFFFFFFFFFFFFFFFFFFFFFFFFFFF89
:10078000FFFFFFFFFFFFFFFFFFFFFFFFFFFFFFFF79
:10079000FFFFFFFFFFFFFFFFFFFFFFFFFFFFFFFF69
:1007A000FFFFFFFFFFFFFFFFFFFFFFFFFFFFFFFF59
:1007B000FFFFFFFFFFFFFFFFFFFFFFFFFFFFFFFF49
:1007C000FFFFFFFFFFFFFFFFFFFFFFFFFFFFFFFF39
:1007D000FFFFFFFFFFFFFFFFFFFFFFFFFFFFFFFF29
:1007E000FFFFFFFFFFFFFFFFFFFFFFFFFFFFFFFF19
:1007F000FFFFFFFFFFFFFFFFFFFFFFFFFFFFFFFF09
:10080000FFFFFFFFFFFFFFFFFFFFFFFFFFFFFFFFF8
:10081000FFFFFFFFFFFFFFFFFFFFFFFFFFFFFFFFE8
:10082000FFFFFFFFFFFFFFFFFFFFFFFFFFFFFFFFD8
:10083000FFFFFFFFFFFFFFFFFFFFFFFFFFFFFFFFC8
:10084000FFFFFFFFFFFFFFFFFFFFFFFFFFFFFFFFB8
:10085000FFFFFFFFFFFFFFFFFFFFFFFFFFFFFFFFA8
:10086000FFFFFFFFFFFFFFFFFFFFFFFFFFFFFFFF98
:10087000FFFFFFFFFFFFFFFFFFFFFFFFFFFFFFFF88
:10088000FFFFFFFFFFFFFFFFFFFFFFFFFFFFFFFF78
:10089000FFFFFFFFFFFFFFFFFFFFFFFFFFFFFFFF68
:1008A000FFFFFFFFFFFFFFFFFFFFFFFFFFFFFFFF58
:1008B000FFFFFFFFFFFFFFFFFFFFFFFFFFFFFFFF48
:1008C000FFFFFFFFFFFFFFFFFFFFFFFFFFFFFFFF38
:1008D000FFFFFFFFFFFFFFFFFFFFFFFFFFFFFFFF28
:1008E000FFFFFFFFFFFFFFFFFFFFFFFFFFFFFFFF18
:1008F000FFFFFFFFFFFFFFFFFFFFFFFFFFFFFFFF08
:10090000FFFFFFFFFFFFFFFFFFFFFFFFFFFFFFFFF7
:10091000FFFFFFFFFFFFFFFFFFFFFFFFFFFFFFFFE7
:10092000FFFFFFFFFFFFFFFFFFFFFFFFFFFFFFFFD7
:10093000FFFFFFFFFFFFFFFFFFFFFFFFFFFFFFFFC7
:10094000FFFFFFFFFFFFFFFFFFFFFFFFFFFFFFFFB7
:10095000FFFFFFFFFFFFFFFFFFFFFFFFFFFFFFFFA7
:10096000FFFFFFFFFFFFFFFFFFFFFFFFFFFFFFFF97
:10097000FFFFFFFFFFFFFFFFFFFFFFFFFFFFFFFF87
:10098000FFFFFFFFFFFFFFFFFFFFFFFFFFFFFFFF77
:10099000FFFFFFFFFFFFFFFFFFFFFFFFFFFFFFFF67
:1009A000FFFFFFFFFFFFFFFFFFFFFFFFFFFFFFFF57
:1009B000FFFFFFFFFFFFFFFFFFFFFFFFFFFFFFFF47
:1009C000FFFFFFFFFFFFFFFFFFFFFFFFFFFFFFFF37
:1009D000FFFFFFFFFFFFFFFFFFFFFFFFFFFFFFFF27
:1009E000FFFFFFFFFFFFFFFFFFFFFFFFFFFFFFFF17
:1009F000FFFFFFFFFFFFFFFFFFFFFFFFFFFFFFFF07
:100A0000FFFFFFFFFFFFFFFFFFFFFFFFFFFFFFFFF6
:100A1000FFFFFFFFFFFFFFFFFFFFFFFFFFFFFFFFE6
:100A2000FFFFFFFFFFFFFFFFFFFFFFFFFFFFFFFFD6
:100A3000FFFFFFFFFFFFFFFFFFFFFFFFFFFFFFFFC6
:100A4000FFFFFFFFFFFFFFFFFFFFFFFFFFFFFFFFB6
:100A5000FFFFFFFFFFFFFFFFFFFFFFFFFFFFFFFFA6
:100A6000FFFFFFFFFFFFFFFFFFFFFFFFFFFFFFFF96
:100A7000FFFFFFFFFFFFFFFFFFFFFFFFFFFFFFFF86
:100A8000FFFFFFFFFFFFFFFFFFFFFFFFFFFFFFFF76
:100A9000FFFFFFFFFFFFFFFFFFFFFFFFFFFFFFFF66
:100AA000FFFFFFFFFFFFFFFFFFFFFFFFFFFFFFFF56
:100AB000FFFFFFFFFFFFFFFFFFFFFFFFFFFFFFFF46
:100AC000FFFFFFFFFFFFFFFFFFFFFFFFFFFFFFFF36
:100AD000FFFFFFFFFFFFFFFFFFFFFFFFFFFFFFFF26
:100AE000FFFFFFFFFFFFFFFFFFFFFFFFFFFFFFFF16
:100AF000FFFFFFFFFFFFFFFFFFFFFFFFFFFFFFFF06
:100B0000FFFFFFFFFFFFFFFFFFFFFFFFFFFFFFFFF5
:100B1000FFFFFFFFFFFFFFFFFFFFFFFFFFFFFFFFE5
:100B2000FFFFFFFFFFFFFFFFFFFFFFFFFFFFFFFFD5
:100B3000FFFFFFFFFFFFFFFFFFFFFFFFFFFFFFFFC5
:100B4000FFFFFFFFFFFFFFFFFFFFFFFFFFFFFFFFB5
:100B5000FFFFFFFFFFFFFFFFFFFFFFFFFFFFFFFFA5
:100B6000FFFFFFFFFFFFFFFFFFFFFFFFFFFFFFFF95
:100B7000FFFFFFFFFFFFFFFFFFFFFFFFFFFFFFFF85
:100B8000FFFFFFFFFFFFFFFFFFFFFFFFFFFFFFFF75
:100B9000FFFFFFFFFFFFFFFFFFFFFFFFFFFFFFFF65
:100BA000FFFFFFFFFFFFFFFFFFFFFFFFFFFFFFFF55
:100BB000FFFFFFFFFFFFFFFFFFFFFFFFFFFFFFFF45
:100BC000FFFFFFFFFFFFFFFFFFFFFFFFFFFFFFFF35
:100BD000FFFFFFFFFFFFFFFFFFFFFFFFFFFFFFFF25
:100BE000FFFFFFFFFFFFFFFFFFFFFFFFFFFFFFFF15
:100BF000FFFFFFFFFFFFFFFFFFFFFFFFFFFFFFFF05
:100C0000FFFFFFFFFFFFFFFFFFFFFFFFFFFFFFFFF4
:100C1000FFFFFFFFFFFFFFFFFFFFFFFFFFFFFFFFE4
:100C2000FFFFFFFFFFFFFFFFFFFFFFFFFFFFFFFFD4
:100C3000FFFFFFFFFFFFFFFFFFFFFFFFFFFFFFFFC4
:100C4000FFFFFFFFFFFFFFFFFFFFFFFFFFFFFFFFB4
:100C5000FFFFFFFFFFFFFFFFFFFFFFFFFFFFFFFFA4
:100C6000FFFFFFFFFFFFFFFFFFFFFFFFFFFFFFFF94
:100C7000FFFFFFFFFFFFFFFFFFFFFFFFFFFFFFFF84
:100C8000FFFFFFFFFFFFFFFFFFFFFFFFFFFFFFFF74
:100C9000FFFFFFFFFFFFFFFFFFFFFFFFFFFFFFFF64
:100CA000FFFFFFFFFFFFFFFFFFFFFFFFFFFFFFFF54
:100CB000FFFFFFFFFFFFFFFFFFFFFFFFFFFFFFFF44
:100CC000FFFFFFFFFFFFFFFFFFFFFFFFFFFFFFFF34
:100CD000FFFFFFFFFFFFFFFFFFFFFFFFFFFFFFFF24
:100CE000FFFFFFFFFFFFFFFFFFFFFFFFFFFFFFFF14
:100CF000FFFFFFFFFFFFFFFFFFFFFFFFFFFFFFFF04
:100D0000FFFFFFFFFFFFFFFFFFFFFFFFFFFFFFFFF3
:100D1000FFFFFFFFFFFFFFFFFFFFFFFFFFFFFFFFE3
:100D2000FFFFFFFFFFFFFFFFFFFFFFFFFFFFFFFFD3
:100D3000FFFFFFFFFFFFFFFFFFFFFFFFFFFFFFFFC3
:100D4000FFFFFFFFFFFFFFFFFFFFFFFFFFFFFFFFB3
:100D5000FFFFFFFFFFFFFFFFFFFFFFFFFFFFFFFFA3
:100D6000FFFFFFFFFFFFFFFFFFFFFFFFFFFFFFFF93
:100D7000FFFFFFFFFFFFFFFFFFFFFFFFFFFFFFFF83
:100D8000FFFFFFFFFFFFFFFFFFFFFFFFFFFFFFFF73
:100D9000FFFFFFFFFFFFFFFFFFFFFFFFFFFFFFFF63
:100DA000FFFFFFFFFFFFFFFFFFFFFFFFFFFFFFFF53
:100DB000FFFFFFFFFFFFFFFFFFFFFFFFFFFFFFFF43
:100DC000FFFFFFFFFFFFFFFFFFFFFFFFFFFFFFFF33
:100DD000FFFFFFFFFFFFFFFFFFFFFFFFFFFFFFFF23
:100DE000FFFFFFFFFFFFFFFFFFFFFFFFFFFFFFFF13
:100DF000FFFFFFFFFFFFFFFFFFFFFFFFFFFFFFFF03
:100E0000FFFFFFFFFFFFFFFFFFFFFFFFFFFFFFFFF2
:100E1000FFFFFFFFFFFFFFFFFFFFFFFFFFFFFFFFE2
:100E2000FFFFFFFFFFFFFFFFFFFFFFFFFFFFFFFFD2
:100E3000FFFFFFFFFFFFFFFFFFFFFFFFFFFFFFFFC2
:100E4000FFFFFFFFFFFFFFFFFFFFFFFFFFFFFFFFB2
:100E5000FFFFFFFFFFFFFFFFFFFFFFFFFFFFFFFFA2
:100E6000FFFFFFFFFFFFFFFFFFFFFFFFFFFFFFFF92
:100E7000FFFFFFFFFFFFFFFFFFFFFFFFFFFFFFFF82
:100E8000FFFFFFFFFFFFFFFFFFFFFFFFFFFFFFFF72
:100E9000FFFFFFFFFFFFFFFFFFFFFFFFFFFFFFFF62
:100EA000FFFFFFFFFFFFFFFFFFFFFFFFFFFFFFFF52
:100EB000FFFFFFFFFFFFFFFFFFFFFFFFFFFFFFFF42
:100EC000FFFFFFFFFFFFFFFFFFFFFFFFFFFFFFFF32
:100ED000FFFFFFFFFFFFFFFFFFFFFFFFFFFFFFFF22
:100EE000FFFFFFFFFFFFFFFFFFFFFFFFFFFFFFFF12
:100EF000FFFFFFFFFFFFFFFFFFFFFFFFFFFFFFFF02
:100F0000FFFFFFFFFFFFFFFFFFFFFFFFFFFFFFFFF1
:100F1000FFFFFFFFFFFFFFFFFFFFFFFFFFFFFFFFE1
:100F2000FFFFFFFFFFFFFFFFFFFFFFFFFFFFFFFFD1
:100F3000FFFFFFFFFFFFFFFFFFFFFFFFFFFFFFFFC1
:100F4000FFFFFFFFFFFFFFFFFFFFFFFFFFFFFFFFB1
:100F5000FFFFFFFFFFFFFFFFFFFFFFFFFFFFFFFFA1
:100F6000FFFFFFFFFFFFFFFFFFFFFFFFFFFFFFFF91
:100F7000FFFFFFFFFFFFFFFFFFFFFFFFFFFFFFFF81
:100F8000FFFFFFFFFFFFFFFFFFFFFFFFFFFFFFFF71
:100F9000FFFFFFFFFFFFFFFFFFFFFFFFFFFFFFFF61
:100FA000FFFFFFFFFFFFFFFFFFFFFFFFFFFFFFFF51
:100FB000FFFFFFFFFFFFFFFFFFFFFFFFFFFFFFFF41
:100FC000FFFFFFFFFFFFFFFFFFFFFFFFFFFFFFFF31
:100FD000FFFFFFFFFFFFFFFFFFFFFFFFFFFFFFFF21
:100FE000FFFFFFFFFFFFFFFFFFFFFFFFFFFFFFFF11
:100FF000FFFFFFFFFFFFFFFFFFFFFFFFFFFFFFFF01
:10100000D1002043ED15006000000000000000004A
:101010002010006000100060003C02600000000032
:10102000000000600048020000000000FFFFFFFF1A
:10103000FFFFFFFFFFFFFFFFFFFFFFFFFFFFFFFFC0
:10104000FFFFFFFFFFFFFFFFFFFFFFFFFFFFFFFFB0
:10105000FFFFFFFFFFFFFFFFFFFFFFFFFFFFFFFFA0
:10106000FFFFFFFFFFFFFFFFFFFFFFFFFFFFFFFF90
:10107000FFFFFFFFFFFFFFFFFFFFFFFFFFFFFFFF80
:10108000FFFFFFFFFFFFFFFFFFFFFFFFFFFFFFFF70
:10109000FFFFFFFFFFFFFFFFFFFFFFFFFFFFFFFF60
:1010A000FFFFFFFFFFFFFFFFFFFFFFFFFFFFFFFF50
:1010B000FFFFFFFFFFFFFFFFFFFFFFFFFFFFFFFF40
:1010C000FFFFFFFFFFFFFFFFFFFFFFFFFFFFFFFF30
:1010D000FFFFFFFFFFFFFFFFFFFFFFFFFFFFFFFF20
:1010E000FFFFFFFFFFFFFFFFFFFFFFFFFFFFFFFF10
:1010F000FFFFFFFFFFFFFFFFFFFFFFFFFFFFFFFF00
:10110000FFFFFFFFFFFFFFFFFFFFFFFFFFFFFFFFEF
:10111000FFFFFFFFFFFFFFFFFFFFFFFFFFFFFFFFDF
:10112000FFFFFFFFFFFFFFFFFFFFFFFFFFFFFFFFCF
:10113000FFFFFFFFFFFFFFFFFFFFFFFFFFFFFFFFBF
:10114000FFFFFFFFFFFFFFFFFFFFFFFFFFFFFFFFAF
:10115000FFFFFFFFFFFFFFFFFFFFFFFFFFFFFFFF9F
:10116000FFFFFFFFFFFFFFFFFFFFFFFFFFFFFFFF8F
:10117000FFFFFFFFFFFFFFFFFFFFFFFFFFFFFFFF7F
:10118000FFFFFFFFFFFFFFFFFFFFFFFFFFFFFFFF6F
:10119000FFFFFFFFFFFFFFFFFFFFFFFFFFFFFFFF5F
:1011A000FFFFFFFFFFFFFFFFFFFFFFFFFFFFFFFF4F
:1011B000FFFFFFFFFFFFFFFFFFFFFFFFFFFFFFFF3F
:1011C000FFFFFFFFFFFFFFFFFFFFFFFFFFFFFFFF2F
:1011D000FFFFFFFFFFFFFFFFFFFFFFFFFFFFFFFF1F
:1011E000FFFFFFFFFFFFFFFFFFFFFFFFFFFFFFFF0F
:1011F000FFFFFFFFFFFFFFFFFFFFFFFFFFFFFFFFFF
:10120000FFFFFFFFFFFFFFFFFFFFFFFFFFFFFFFFEE
:10121000FFFFFFFFFFFFFFFFFFFFFFFFFFFFFFFFDE
:10122000FFFFFFFFFFFFFFFFFFFFFFFFFFFFFFFFCE
:10123000FFFFFFFFFFFFFFFFFFFFFFFFFFFFFFFFBE
:10124000FFFFFFFFFFFFFFFFFFFFFFFFFFFFFFFFAE
:10125000FFFFFFFFFFFFFFFFFFFFFFFFFFFFFFFF9E
:10126000FFFFFFFFFFFFFFFFFFFFFFFFFFFFFFFF8E
:10127000FFFFFFFFFFFFFFFFFFFFFFFFFFFFFFFF7E
:10128000FFFFFFFFFFFFFFFFFFFFFFFFFFFFFFFF6E
:10129000FFFFFFFFFFFFFFFFFFFFFFFFFFFFFFFF5E
:1012A000FFFFFFFFFFFFFFFFFFFFFFFFFFFFFFFF4E
:1012B000FFFFFFFFFFFFFFFFFFFFFFFFFFFFFFFF3E
:1012C000FFFFFFFFFFFFFFFFFFFFFFFFFFFFFFFF2E
:1012D000FFFFFFFFFFFFFFFFFFFFFFFFFFFFFFFF1E
:1012E000FFFFFFFFFFFFFFFFFFFFFFFFFFFFFFFF0E
:1012F000FFFFFFFFFFFFFFFFFFFFFFFFFFFFFFFFFE
:10130000FFFFFFFFFFFFFFFFFFFFFFFFFFFFFFFFED
:10131000FFFFFFFFFFFFFFFFFFFFFFFFFFFFFFFFDD
:10132000FFFFFFFFFFFFFFFFFFFFFFFFFFFFFFFFCD
:10133000FFFFFFFFFFFFFFFFFFFFFFFFFFFFFFFFBD
:10134000FFFFFFFFFFFFFFFFFFFFFFFFFFFFFFFFAD
:10135000FFFFFFFFFFFFFFFFFFFFFFFFFFFFFFFF9D
:10136000FFFFFFFFFFFFFFFFFFFFFFFFFFFFFFFF8D
:10137000FFFFFFFFFFFFFFFFFFFFFFFFFFFFFFFF7D
:10138000FFFFFFFFFFFFFFFFFFFFFFFFFFFFFFFF6D
:10139000FFFFFFFFFFFFFFFFFFFFFFFFFFFFFFFF5D
:1013A000FFFFFFFFFFFFFFFFFFFFFFFFFFFFFFFF4D
:1013B000FFFFFFFFFFFFFFFFFFFFFFFFFFFFFFFF3D
:1013C000FFFFFFFFFFFFFFFFFFFFFFFFFFFFFFFF2D
:1013D000FFFFFFFFFFFFFFFFFFFFFFFFFFFFFFFF1D
:1013E000FFFFFFFFFFFFFFFFFFFFFFFFFFFFFFFF0D
:1013F000FFFFFFFFFFFFFFFFFFFFFFFFFFFFFFFFFD
:10140000824205D051F8043B40F8043B8242F9D8AF
:10141000704700BF044A05494FF0000342F8043BFF
:101420009142FBD8704700BFC08A0020E01D012018
:1014300080B5BFF34F8F00F0D7FA534C534B0820C1
:101440005349C3F85401534AC3F800115248C3F832
:10145000F0405249FFF7D4FF514A52495248FFF732
:10146000CFFF524CFFF7D6FF4FF470004FF0E02152
:1014700000234F4AC1F8880D44F823200133B02BD4
:10148000FAD14C4B80214C4A03F8011B9342FBD10B
:101490004FF0E025494F4A4A4FF0FF31C5F8084D5B
:1014A0000026D5F8243D43F4E023C5F8243DFB692C
:1014B00023F07F0343F04003FB617B6A23F07F034B
:1014C00043F040037B629166D1661167516700F07B
:1014D00093FA3C4B63223C49A3633C4BE3630323F5
:1014E0006A613B4AAE612B61C5F8202DD5F8FC2D11
:1014F000384B42F08072C5F8FC2D1A6842F00102A8
:101500001A605B680B6000F001FB334800F068FC78
:10151000F96E324B324A41F44051F9661E60C3F80D
:101520000861C3F81861C3F82861C3F83861936B88
:10153000DB0708D442F615632A4951651365936B9E
:1015400043F001039363264A274C936843F0011349
:10155000936000F01FFA00F053FC00F005FB00F070
:1015600045FA2368132BFCD900F096FB2368B3F5EA
:10157000967FFBD300F03EFA00F03AFA00F03CFC14
:1015800000F05AFC30BFFDE70C0D111300800D4038
:101590001B1018202890010000000000C01F0060F0
:1015A000C08A0020ECAF016000000020008800200D
:1015B000A9CE000000E400E0A0E400E000C00F407D
:1015C00000C00A4079B40000D81C01207DB400009E
:1015D00000002020001000E00046C3230040084027
:1015E00000400D400000C056DC1C0120054B4FF4AC
:1015F0002A01054A05485A641864054A99639546C4
:10160000FFF716FF00C00A40FFAAAAAA07002000A1
:101610000000062070B5254C0121254E6FF007050E
:10162000204600F0E1FB00F05FF823684FF4807083
:10163000204A21491A601E61D882D88304201F4A9B
:101640009882A0F60400DD600025986106201C4EFB
:101650009883C3E901121B4A21791B4B42F82150A0
:1016600042F8213000F0D4FB184B22791870012089
:10167000174B02F01F0102F1100C164C03EB521332
:10168000884044F82C609B0013491860134B1448A1
:10169000DA7603224D600B6843F400730B60114B44
:1016A000C0F80821C3F8C85170BD00BF10940020D5
:1016B00000FE2020140038400400020208E0FFBFB2
:1016C000951C000000C00E4055000080A11D0120A7
:1016D00040380038008800200000384000800E406C
:1016E00000801F4000841F4008B5012000F098FBD7
:1016F000002342F210724FF40C611C2000F0A4F899
:10170000104B114AD96F21F44041D967196B21F070
:101710007F6141F060611963D96F41F44041D9673D
:10172000136813F4407F0CD14FF480531360136897
:10173000DB04FCD40548982140F21D131060916031
:10174000136508BD00C00F40000038403704070093
:1017500070B52C4E4FF400622B4C00213046002512
:1017600000F066FB2046012100F03EFB274A284B93
:101770002946156006F500604FF482721D6000F086
:1017800057FBFFF7B1FF236822482349234A1E6015
:101790005A604FF48072C3E90201214919610421A2
:1017A000DA8299826FF00701DA83062299619A83BF
:1017B0001C4922791C4B43F8225043F8221000F0B8
:1017C00027FB23790124194A03F01F05184902EB6E
:1017D0005312AC40174D920028701748174DC3762E
:1017E0001033174840F8235014600322154BC3F8F8
:1017F00004210B6843F480730B600B6D43F080038E
:101800000B6570BD000A21205894002048940020E8
:101810005094002008E0FF7F00F8FFFF0400020260
:101820002C0038405600008000C00E404038003880
:1018300000003840A21D012000800E40BD2800009D
:101840000088002000801F401BB9124B1B6F9B04B7
:101850001ED400F03F000F4B22F0604221F06041A7
:1018600040F489101867C3F88010C3F890201A6FED
:1018700022F480521A671A6F002AFCDAD3F870112A
:10188000054A0A40C3F870211A6F22F480321A67A1
:10189000704700BF00800D40FF7F7FFFB1F5607F84
:1018A000F0B50E468DB028BF4FF460760F46054662
:1018B00072B62E4B00247022186021462C4B2D4806
:1018C0001C8000F0B5FACFB121462A484FF0010C38
:1018D0004A0901F01F03013150F822400CFA03F3CA
:1018E0008E4243EA040340F82230F1D82846002310
:1018F0004380013300F582709E42F9D81E4C257852
:1019000015B162B60DB0F0BD082000F085FA1B4B92
:1019100080220646009302A90693194B02710560C6
:1019200008A8029300F070FA06A9164A304600F0A3
:101930005FFA069B08A8DB689847009B02A8DB6853
:1019400098472378002BDCD10F4B104AC3F858215D
:101950000F49D0204FF0E023402281F84600C3F821
:1019600008210123237062B60DB0F0BDD89200208B
:10197000801D0120E09200209D1D0120080B002009
:1019800075AE00001B1001000088002081AE000031
:1019900000E400E0104BA020104AD96E41F4403121
:1019A00010B4D96640F23764D96E41F44071D966FB
:1019B00054649064936C1B06FCD4094A40F237616E
:1019C000A02351649364936C13F08003FBD1054A08
:1019D00013705DF8044B704700C00F4000400C408E
:1019E00000800C40A61D0120704700BF704700BF5B
:1019F000704700BF00BF704710B44FF0E0230021D4
:101A000010243248C3F8941DC3F89C4D1124C3F828
:101A1000A00D2F48C3F89C4D1224C3F8A00D2D48EB
:101A2000C3F89C4D2C4AC3F8A00D2C4C42F0150273
:101A30002B48C3F89C4DC3F8A00D2A4C2A48C3F884
:101A40009C4DC3F8A00D294CC3F89C2D2848294A69
:101A5000C3F8A04DC3F89C0DC3F8A02D02F5A02239
:101A6000254C0C322548C3F89C4DC3F8A02D244AC0
:101A7000C3F89C0DC3F8A02D02F14062214C023244
:101A80002148C3F89C4DC3F8A02D0A32C3F89C0D21
:101A9000C3F8A02D00BF00BF00BF00BF00BF0122E0
:101AA000C3F8942DBFF34F8FBFF36F8FC3F8501F50
:101AB000BFF34F8FBFF36F8FD3F8142D5DF8044B36
:101AC00042F44032C3F8142D704700BF3F000010AD
:101AD0002500080709001000E01D01201300200068
:101AE000210002071400002025000813090000103F
:101AF0001600202027000B1317000040180000607C
:101B00002F000B07190000701A000080F0B4154A6E
:101B100040274FF480314FF480564FF400554FF476
:101B2000404443F24200136913F0020F0ED113F444
:101B3000005F0FD013F4805F0ED0002BF3DA13F4A4
:101B4000803F0BD15B060BD5F0BC704794615161AF
:101B50009061E8E75561E6E75661E4E79161E2E705
:101B60005761E0E700800D403F4A03203F49F3EE14
:101B7000095AD2F880304FF0000C9FED3D6A23F0F7
:101B800001039FED3C5A30B4C2F88030C2F8900097
:101B9000D1F8E010384DCBB2384C39482B6007EE05
:101BA000903A0B0DC1F30B21F8EEE77A06EE903A6E
:101BB00007EE101A334BB8EEC77A2160F8EEE66AEA
:101BC000314937EEC66A37EEC55A76EEC76A77EE08
:101BD000E57A26EE266AC3ED006A25EE265AD2F88B
:101BE000803067EEA64AC0ED007AC6EE275A274835
:101BF00085EE276AC4EEA76A75EE875AFCEEE55AB1
:101C000036EE076A15EE904ABCEEC66A43EA045304
:101C100076EE877AC2F8803016EE103AD2F890410C
:101C2000FCEEE77A01EA0341214317EE903AC2F84D
:101C30009011C3F30B03D2F890110B431449C2F86F
:101C40009031D2F8803043F00203C2F88030114B5B
:101C500080F840C0C1F840314FF0E023012230BC91
:101C6000C3F80821704700BF00810D4000441F40A9
:101C70000000AA420000B442101C01200C1C0120EC
:101C8000141C0120181C01200000FF0F00E400E0DC
:101C90000088002095D00000314B40F6617210B5ED
:101CA000C3F8202140F2044400F0BEF82D4A2E492A
:101CB000D2F880302D4843F00303C2F880302C4B1B
:101CC000C1F8604102681A4203D1D1F8A8319A07DD
:101CD0001BD0254A4FF00041244B5963D2F84031C4
:101CE00043F00203C2F84031D2F840319B07FBD4E5
:101CF0004FF400304FF0E0211C4B4FF00042C1F890
:101D00008C0219209A6300F08BF8184A4FF080403B
:101D1000154C002190630A20164B11604FF420727D
:101D2000C4F8A801184600F083F84FF48002034677
:101D30004FF4810040F243111860C4F858311A641E
:101D40000D4B0E4AC4F84811C3F804224FF0E022AC
:101D50004FF400310123C2F80C11C4F8403110BD1A
:101D600000800D4000C00F4000002E4000900D404C
:101D7000001C1E0000000020008800207DD2000012
:101D800008B50E4B1B6E9B0700D4FBBE72B60C4B06
:101D900000200C4AC3F8400103F160430A49A3F54F
:101DA0005F2311649D46BFF34F8F4FF40013074824
:101DB000074ADB6902609B68984700BF00441F40E8
:101DC00000002E4000C00A400300200000802020B8
:101DD000000012EBF8B500BFF8BC08BC9E46704787
:101DE0005FF800F065C400005FF800F0B5B20000D5
:101DF0005FF800F079BC00005FF800F0D50A010040
:101E00005FF800F091CD00005FF800F0E9AE00004F
:101E10005FF800F071B200005FF800F0A9CC00009C
:101E20005FF800F081C700005FF800F0EDD9000016
:101E30005FF800F05D0801005FF800F065CB00007E
:101E4000E100000031090000A9190000D51B0000C5
:101E5000ED1B0000051C00001D1C0000351C0000CF
:101E60004D1C0000651C00007D1C0000D11E000000
:101E7000E91E0000011F00002D240000B52700000E
:101E8000CD270000E5270000FD27000015280000F1
:101E90002D28000045280000792800008D2800002A
:101EA000A5280000E9290000012A0000192A0000E5
:081EB0002D3D00007DBD000086
:101EB80016035500530042002000530065007200CD
:101EC800690061006C00000018035400650065009B
:101ED8006E00730079006400750069006E006F0081
:101EE8000403090409026200030100C032080B0060
:101EF8000202020100090400000102020100052497
:101F0800001001052401010104240206052406002D
:101F1800010705820310001009040100020A0000ED
:101F2800000705030240000007058402400000097D
:101F380004020002FF6AFF00070581024000010752
:101F4800050102400001000009026200030100C00F
:101F580032080B000202020100090400000102021B
:101F680001000524001001052401010104240206D2
:101F78000524060001070582031000050904010075
:101F8800020A000000070503020002000705840298
:101F98000002000904020002FF6AC7000705810267
:101FA8000002010705010200020100000A06000202
:081FB800EF02014001000000EE
:101FC0000000000000000000000000000000000011
:101FD0000000000000000000000000000000000001
:101FE00020F47F6020F00F0000F580520368043079
:101FF000013303D19042F9D100207047012070478E
:102000002DE9F34106460D4690460024444514D27E
:10201000A719C7F30B0333B93846FFF7E1FF10B137
:1020200038460CF023FD04226359384604340DEB86
:10203000020101930CF0A4FCE8E705F12045B5F599
:10204000001F0AD34FF0E0230B4AC3F80C2D11E018
:10205000A119C1F30B0323B10434B4F5FE1FF7D368
:10206000F0E70846FFF7BCFF0028F5D008460CF063
:10207000FDFCF1E7FEE700BF0400FA050548064B4A
:102080001B1AD90F01EBA301491002D0034B03B176
:1020900018477047C08A0020C08A00200000000056
:1020A00008B5054B1BB105490548AFF30080BDE8F5
:1020B0000840FFF7E3BF00BF000000007C1A0120CA
:1020C0000048026038B504464FF4C0200D460EF0BB
:1020D0009BFC206038B14FF4C022FF212A602068A9
:1020E00010F09CFB022038BD38B500F12043B3F559
:1020F000001F15D245180446A84207D338BD204614
:102100000CF0B4FC04F58054AC42F7D2C4F30B03DA
:102110002046002BF6D1FFF763FF0028F2D0EEE750
:10212000BDE838400EF078BC0B3970B50D18A842E8
:102130000ED20446074E01E0AC4209D020460B22E5
:102140003146013410F0BCFB0028F5D1012070BDF0
:10215000002070BDD05E00202DE9F84340EA020364
:102160009B0702D00120BDE8F883154F154C3B6852
:1021700013B12568854220D185182560C51ACAB1DA
:102180004C1EDFF844804FF00009A61800E03B68C1
:10219000591C14F801CF284604220329396008F895
:1021A00003C0414604D915440CF0EAFBC7F800907F
:1021B000B442ECD10020BDE8F8830220D3E700BF91
:1021C000B0170120781A0120AC17012070B5044621
:1021D00000680E4608B16168A9B90025211D204696
:1021E000E660A5602561A5612577C4E90055FFF784
:1021F00069FF38B16168B14208D3012322681846EB
:10220000A260237770BDFFF76FFFE6E72068FFF756
:102210006BFF2846C4E9005570BD00BF38B5057F87
:102220005DB1836904465A1C03448261032A19750F
:10223000036903F10103036101D8284638BD8068B2
:1022400000F12043B3F5001F1CD2042204F1140155
:10225000FFF782FF30B9A368043300222846A36049
:10226000A26138BD206818B1616809B1FFF73CFF71
:1022700000231D462361A3612377C4E90033C4E929
:102280000233DAE763690360A3680433E5E700BF5C
:1022900038B5057F85B30446D0E903138B422DD1B1
:1022A0008269EAB1032A09D802F11400FF21C2F1C0
:1022B0000402204410F0B2FA0423A361A06800F1E4
:1022C0002043B3F5001F28D2042204F11401FFF7C4
:1022D00043FF98B9A36804330022E168A360A261B8
:1022E0002068FFF721FF48B10023E26821684FF022
:1022F000C0402377FFF784FE284638BD206808B128
:10230000616879B900231D462361A36128462377BC
:10231000C4E90033C4E9023338BD63690360A368CC
:102320000433D9E7FFF7E0FEECE700BF10B5044641
:10233000006808B1616841B90023C4E90033C4E909
:1023400002332361A361237710BDFFF7CDFEF3E7CE
:102350005E4B93ED006AB5EEC06A10B4F1EE10FA70
:1023600000F19F80F7EE007AB4EE676AF1EE10FAA2
:1023700037FE866A5648B7EE047A5649564AD1ED7A
:10238000006A564BD0ED005AD2ED007A65EEA65A9F
:10239000D3ED006A67EE877A9FED515AB0EE667A08
:1023A000504A95EE867AD2ED005A67EEA57A67EE2E
:1023B000867AB4EEC57AF1EE10FA5BDC9FED4A6ADC
:1023C000B4EE467AF1EE10FA48BFB0EE467A36EE39
:1023D000877A9FED466A77EE666AF0EEE66AF4EE7B
:1023E000C66AF1EE10FA0ED4DFED416AB4EEE67A79
:1023F000F1EE10FA4BDD3F4A11463F4C3F4883ED6A
:10240000007AA26181613E4BDFED356A93ED007A7F
:1024100077EEC77AF4EEE67AF1EE10FA27DCDFED1C
:10242000326AF4EE667AF1EE10FA48BFF0EE667AA0
:1024300077EE277ADFED2D6A37EEC77AB0EEC77AEE
:10244000B4EEE67AF1EE10FA0ED49FED297AF4EEAE
:10245000C77AF1EE10FA10DD264A1146294C2A48B7
:10246000C3ED007AA26181615DF8044B7047F0EE24
:10247000667ADDE7B0EE457AA9E79FED247AF4EEBF
:10248000C77AF1EE10FA18D5214A1146E6E7DFEDDA
:102490001F6AB4EEE67AF1EE10FA05D51C4A114631
:1024A000ABE79FED1C6A65E7F0EE476AFEEEC86A8F
:1024B00016EE902AA0D516499FE7B0EE677ABEEED9
:1024C000C87A17EE102AC8D51149C7E750920020E4
:1024D000CC9100205C810020D092002054920020FA
:1024E000BC74933E58810020BC7493BE0AD7233C31
:1024F00000FEFF460000FF7FF81C0120181D012090
:10250000BC910020381D0120581D012000FEFFC68F
:1025100000000180000000002DE9F0470021044682
:102520000AF07AFD00285DD094F820508246002DF4
:1025300042D1B4F91CC046F660510AF1020E0AF508
:1025400081703B4FC1F100083EF9022FA2EB0C0352
:10255000994201DB984506DD87FB0392DB17C3EB4D
:10256000E2030CEB0302ADB1B3F5E17F34DD0CF512
:10257000E172666A002E0DDDC6F58073B4F91E9017
:1025800002FB03F306FB0933013E002B6662B8BF72
:10259000FF331A120FFA82FC8645AEF800C0D3D181
:1025A00020465146A4F81CC000220AF005FD504602
:1025B000BDE8F0470AF0D8BC94F82130BBB1002246
:1025C0004FF48073B4F91CC042F2283184F8212002
:1025D0006362A4F81EC0B0E713F5E17FC9DAACF579
:1025E000E172C6E794F8203033B9BDE8F087B4F95A
:1025F0001CC042F22831A0E70AF060FC0646002821
:10260000F3D0B4F91C50831C00F5817223F8025FEB
:102610009A42FBD1012320463146E58384F82130DC
:1026200000220AF0C9FC3046BDE8F0470AF09CBC25
:102630006766666610B50023044610460D4A61724F
:1026400023722260C4E9033019B18A00194610F0E0
:10265000E5F8094A136853B11A465B69002BFBD1B0
:1026600054610023204663616360A37210BD14604F
:10267000F7E700BF78080020DC92002038B5002280
:10268000044603461049114D4FF4807043F8985B9F
:102690002081C4F89820C4E903230B688BB11A4643
:1026A0005B69002BFBD1546100212046084B80223E
:1026B00061616160A17240F8183B10F0AFF82046EC
:1026C00038BD0C60F0E700BFDC92002078080020E5
:1026D0004C090020034600224FF4807C30B4104C9B
:1026E000104D43F8185BA0F808C08261C0E90323CD
:1026F000236893B11A465B69002BFBD1506100231C
:10270000094A80F820104361436083720260C3610C
:1027100080F82130436230BC70472060EFE700BF93
:10272000DC92002078080020880900205A495B4A82
:1027300038B510680B681B1AB3F5FA6F00D238BDB4
:102740000B6808240025136011200BF0E3FD631EC5
:10275000054413F0FF04F7D107EE905A9FED506A3D
:102760009FED507AFBEEEE7ADFED4F6A67EE867AE8
:1027700067EE877AF4EEE67AF1EE10FA06D9F0EE1B
:102780000A6AF4EEE67AF1EE10FA3ADB474BB3EE62
:102790000E7AD3ED007AF4EEC77AF1EE10FA65D92D
:1027A000DFED436AF4EEE67AF1EE10FA64D99FEDBC
:1027B000417AF4EEC77AF1EE10FA5ADA37EE677A18
:1027C000DFED3D7AF2EE046A27EE277AC7EE267A2D
:1027D0003A4B9FED3B6AD3ED006A36EEE77AB0EEF6
:1027E000C77AB4EEC67AF1EE10FA07D49FED356AD7
:1027F0009FED357A67EE867AE6EE877AC3ED007A4A
:1028000038BDDFED326A37EE677A67EEA67A87EE7B
:10281000870A80EE260A0DF021FDDFED2D5A9FED8F
:102820002D7ADFED2D6AC0EE257AB7EE006A37EE1D
:10283000877AC6EE077A77EEE67AF4EE677AF1EEFB
:1028400010FAA3D6DFED256A184B67EEA67A9FED46
:10285000247AD3ED006AE6EE877AB3EE0E7AF4EED0
:10286000C77AC3ED007AF1EE10FA99D8F7EE007A44
:10287000AEE7DFED1C7AABE777EEC77ADFED1A5AE9
:10288000B7EE007ADFED196A87EEA56AF0EE477AB7
:10289000E6EE667A9CE700BFDC1C01206492002013
:1028A0000108803933335340CDCC4C3D6481002046
:1028B0000000A0420000B442CDCCCC3E608100209C
:1028C0006F12033B8FC2F53CEC51783F00401C4631
:1028D00000E076450FCF5B3B33938843CDCCCC3DB6
:1028E0006666663F00000000000048429A99193F62
:1028F0002DE9F04FAE4D0021AE4A83B0AE4E2B68AD
:10290000166011611181D160002B00F0E48119463D
:102910005B69002BFBD14A61A84B0024A5484FF40A
:102920008038136054615460947218F051FBA448CD
:10293000FFF7A4FEA348FFF7A1FEA348FFF79EFE02
:10294000A248FFF79BFE2146A148FFF7C3FE2146A0
:10295000A048A14FFFF7BEFE0121A048FFF7BAFE35
:10296000DFF8B4B2DFF8D49201219D48FFF7B2FE40
:10297000DFF8C4A207F11C0201213846FFF75AFE16
:102980000BF11C020121C7F80090C7F818805846C7
:10299000944FFFF74FFE0AF11C0201215046CBF87D
:1029A0000090CBF81880FFF745FE07F11C020121CB
:1029B0003846CAF80090CAF81880FFF73BFE8A4AEA
:1029C0002B681146C7F80090C7F8188041F8186BBB
:1029D00011614FF40071D4601181C2E90644002BEB
:1029E00000F07D8119465B69002BFBD14A61002410
:1029F0007E4B7D48136054615460947201F088FCF2
:102A00007B4A4FF400702B681146D460108141F866
:102A1000186B1161C2E90644002B00F05E81194673
:102A20005B69002BFBD14A610024724B7048012581
:102A3000546154609472136001F02EFE6E480AF0E7
:102A40000FFB5F4B22465B4900946B480AF07CFB0E
:102A50006A4A6B4968480DF093FC6A480AF000FB2B
:102A6000584B01225349009466480AF06DFB634AB3
:102A7000634964480DF084FC63480AF0F1FA544B52
:102A800022464F49009460480AF05EFB5B4A5C496D
:102A90005D480DF075FC5D480AF0E2FA4D4B2246A8
:102AA0004849009459480AF04FFB544A5449574842
:102AB0000DF066FC56480AF0D3FA474B22464449CB
:102AC000009453480AF040FB4C4A4D4950480DF0E1
:102AD00057FC50480AF0C4FA4F4B22463D49009437
:102AE0004C480AF031FB454A45494A480DF048FC3C
:102AF0004A480AF0B5FA3C4B224637490094474809
:102B00000AF022FB3D4A3E4944480DF039FC444856
:102B10000AF0A6FA344B22463F49009540480AF095
:102B200013FB364A36493E480DF02AFC3D480AF070
:102B300097FA254B22461F4900943A480AF004FBB5
:102B40002E4A2F4937480DF01BFC37480AF088FA07
:102B50001E4B2A461749009433480AF0F5FA274AD3
:102B6000274931480DF00CFC30480AF079FA1B4B2C
:102B70002246154900942D480AF0E6FA1F4A2049DA
:102B80002A480DF0FDFB2A480AF06AFA144B224647
:102B90000E49009426480AF0D7FA184A18492448E2
:102BA0000DF0EEFB23480AF05BFA234B224647E088
:102BB000DC920020C01C012078080020A80800201A
:102BC0006418012000190120C81701209C19012058
:102BD000201C0120481C0120F81C0120701C012031
:102BE000981C0120581D0120381A0120900800204F
:102BF000581A01209C080020941A01207C81002092
:102C00003DB20000A81A0120BC1A0120D01A0120F0
:102C1000E41A0120F81A0120181D01200C1B0120C4
:102C2000201B0120341B0120481B01205C1B0120BC
:102C3000701B0120841B0120381D01208408002006
:102C40002849009428480AF07FFA284A284926484B
:102C50000DF096FB27480AF003FA274B2246274936
:102C6000009424480AF070FA204A214921480DF0C6
:102C700087FB23480AF0F4F9224B224622490094AC
:102C80001F480AF061FA194A19491D480DF078FBEE
:102C90001E480AF0E5F91B4B2246174900951B48D0
:102CA0000AF052FA114A124918480DF069FB214600
:102CB00017480BF0CFF90D4A164915480DF060FB87
:102CC000154BC3E90044C3E902441C619C611C77B5
:102CD00003B0BDE8F08F2A601EE62A60A4E62A60F1
:102CE00085E600BF701C0120841B01207C81002030
:102CF0003DB20000981B0120581D0120981C0120A6
:102D0000AC1B0120581A0120381D0120C01B0120D6
:102D10009C920020D1C00000A89200202DE9F04F25
:102D2000012187B008200BF0C5FD8A4B1A7822B923
:102D30000121082019700BF081FD874D40F2EE282B
:102D4000864C874FDFF870922E680DF015FA2378C5
:102D5000002B00F0EF803B78DB0740F1EB802B6825
:102D6000D9F800209B1A0E2B40F2E4804FF4007239
:102D70004FF4E1317B4800240AF060FC4FF400423C
:102D8000794978480AF0C8FD02210520774E0BF0FA
:102D900091FD02210620DFF824920BF08BFD0C2020
:102DA0000BF010FB05200BF073FDB0FA80F0704BB8
:102DB0004009DFF80C826F4F187006200BF068FD99
:102DC000B0FA80F06C4BFA214009DFF8B8B1DFF8B7
:102DD000F4A11870694818F0F3F8214601AA584682
:102DE0000597CDE90169CDE9036800F0AFFE214602
:102DF00001AA50460597CDE90169CDE9036800F0C5
:102E0000A5FE012C40F0A48002275D4EDFF8B8A19A
:102E1000DFF8B891DFF8B8815A4BDFF8A8B118464F
:102E2000394601AACDF81480CDE9016ACDE90369DC
:102E300000F08CFE394601AA5846CDF81480CDE941
:102E4000016ACDE9036900F081FE032F4D4B4FF07D
:102E50000307E4D101AA00214B48CDF81480CDE945
:102E6000016ACDE9036900F071FE01AA002147481B
:102E7000CDF808A0CDF81090CDF81480DFF854916B
:102E8000DFF85481DFF800A10196039600F05EFEA2
:102E900046F25C764CF6B867214601AA5046CDF85A
:102EA0001480CDE90167CDE9036900F04FFE2146AA
:102EB000013401AA3548CDF81480CDE90167CDE988
:102EC000036900F043FE042CE2D1FFF741FA2868C1
:102ED0002F4B4FF07E5400212E4A18602E4B2F4866
:102EE0001C602F4B016011201A600BF0E3FC2821BD
:102EF0002C480DF0C3F82C480AF0C8FF18212B48C5
:102F00000DF0BCF805212A480DF0B8F826480AF063
:102F1000BDFF312127480DF0B1F823480AF0B6FF74
:102F2000282120480DF0AAF81F4807B0BDE8F04F4F
:102F30000AF0ACBF2B6822789B1B32B1B3F5FA6F55
:102F40003FF614AF0DF018F9FFE64345FAD90DE747
:102F5000012442E772870020DC1C0120AE1D012005
:102F6000AD1D0120F08000209C940020B213043F8E
:102F70007587002004830A3E74870020000020200B
:102F80007307A63164180120C81701209C1901207D
:102F9000989200200000C8416081002064920020C7
:102FA00064810020F87D0020E0800020247E002045
:102FB000407E0020487E0020EC1C01209CD8F78138
:102FC0003B34FA8100190120E70E4C635B1F266138
:102FD00074FE71255D0928811494D93EF8B5124A12
:102FE0000646124C0F46124B65681268A3FB02326C
:102FF00041F28833920C03FB02F263685B1B9A4236
:10300000FBD830460FF09CFF3146024609480AF0D3
:10301000EFFE08480AF03AFF07B9F8BD0548BDE8D9
:10302000F8400AF0C9BA00BF8C800020001000E010
:1030300083DE1B43F08000202DE9F047C34D4FF0A5
:103040000009C34FC34E2DED048B9FEDC38A8CB096
:103050009FEDC29ADFEDC28AC2480AF011FA2B78BE
:10306000B8B1012BBF4800F035810AF05BFAC1B25C
:103070000D29F1D00A2900F05C81BB488368BE2B82
:10308000EAD80BF093F8B7480AF0FAF92B78002841
:10309000E7D1012B04D0B54B1C68002C00F0A681B1
:1030A000FFF744FB2B78012B00F02D81AF4B1D68FF
:1030B000002D40F02881AE49AE4A0B6810681B1AFB
:1030C000092B40F22081AC4B2E46AC4810249FEDDA
:1030D000AC6A93ED007AD0ED007ADFF80C8327EE2E
:1030E000067AA84F67EE867ADFEDA76AD8ED005A18
:1030F00097ED006AA5EEA67AA44BE6EE267AD3ED0C
:10310000008A0B68136088ED007AC7ED007A0E2004
:103110000BF000F9631E064413F0FF04F7D107EE2D
:10312000906A9FED9B6ADFED9B6A1024FBEECE7ADE
:1031300098ED007A87EE868A38EE268A28EE078A8E
:1031400028EE288A10200BF0E5F8611E054411F0E6
:10315000FF04F7D107EE905ADFED8D6AB6EE007AE4
:103160009FED8D6AFBEECE7A8C4A28EE068A97EDAB
:10317000005A8B4B0520C7EEA64AD2ED007ADFED50
:10318000896AD3ED005A884DA7EEA68A82ED008A9F
:10319000A4EE877A67EE057A67EEA87A67EE867AFC
:1031A000E5EEA67AC3ED007A0BF072FBB0FA80F080
:1031B0002B784009834200F0F1817C4A1378013377
:1031C000DBB2092B137001D9287014700620784ED9
:1031D0000BF05EFBB0FA80F032784009904200F0CC
:1031E000258274490B780133DBB2092B0B7003D9AC
:1031F0000023024630700B706F4BB7EE007A2978CF
:10320000DFED646A002993ED006ADFED6C7A06FE5B
:10321000877A37EE467AB4EEE77AF1EE10FA00F3E9
:10322000A981DFED677AB4EE677AF1EE10FA48BF54
:10323000B0EE677A6349F7EE007A002ADFED555A5F
:10324000D1ED006A36EE076A45FEA77A9FED5B7AFC
:1032500077EEE67A83ED006AF4EEC77AF1EE10FAC3
:1032600000F385819FED567AF4EE477AF1EE10FA7D
:1032700048BFF0EE477A544B76EEA76A1B78C1ED53
:10328000006A002B00F05B81504B0022D3ED007AE6
:10329000F5EEC07AF1EE10FA0BDD9FED4D7A77EE88
:1032A000C77AF5EEC07AF1EE10FA54BFC3ED007A9A
:1032B0001A60484A137833B901231C462146082076
:1032C00013700BF0BBFA0CB0BDEC048BBDE8F047FB
:1032D000FFF73EB80AF026F901463F48C9B2FEF7AB
:1032E0009DFF0446A0B13D4A204913680968013397
:1032F0008B421360FFF4B0AE002339491A482B709B
:103300000AF002FFA8E60CB0BDEC048BBDE8F08724
:103310003148FFF70BF8154B31491C602F4B124811
:103320002C701C600AF0F0FE21462E48FFF756FE76
:1033300092E60D4C20460AF0BBFFA368002B76D125
:10334000274909480AF0E0FE86E600BF9B1D0120E0
:1033500083DE1B4300441F40CDCC4C3D3433D3406F
:10336000713D0A41F08000209C920020C091002015
:10337000DC1C01205C9200206C8100206881002010
:10338000CDCC4C3E50810020CDCC4C3F6081002004
:1033900000F07F45000000009A99993ECC910020F2
:1033A000D09200203333333F75870020991D0120D0
:1033B00074870020981D01205C8100208FC2F53C9D
:1033C0008FC2F5BC588100207687002050920020E3
:1033D0000AD7233C72870020A8920020C4910020C5
:1033E0002C070020007C002054810020A84E31785A
:1033F000012900F0858000F043FD002851D0A54B45
:1034000032781C60002A40F0B880A349A3480B68BA
:1034100000681B1A40F6B73083427FF641AEA04BDE
:103420001868002840F0ED810A681A6038E69D4966
:1034300006A80AF00FFE06A920460AF0DDFE804627
:1034400006A80AF025FEB8F1000F39D09648FEF71D
:103450006DFF1022214606A80AF0FEFE06A80AF01B
:1034600053FFDFF8A082034606A8C8F800300AF030
:103470000FFE8E4B00228E4920461A600AF044FE51
:10348000D8F8001029B18848FEF7A0FE002840F0C7
:10349000DE8000218748C8F800102970FFF79EFDE4
:1034A0004EE733787E4A022B10607FF4F9AD794BFA
:1034B0001A68002A40F02881774A12681A60EFE5FE
:1034C0007D4920460AF082FE8046002878D0DFF849
:1034D0003482764CD8F8003022689A4205D1B3FA8B
:1034E00083FA4FEA5A1A002B5BD16F48FEF71EFF92
:1034F00000217248C8F800102160FFF76FFD1FE738
:103500006F4B1A78002A7FF4CBAD634A6D4812687E
:103510000068121A40F6C41082427FF6C1AD6A4AB2
:10352000197013781BB9082011700BF087F91C2152
:1035300066480CF0A3FD66480AF0A8FCB0E5654AB1
:10354000B7EE007AD2ED007AF4EEC77AF1EE10FA17
:1035500070D49FED617AF4EEC77AF1EE10FA3FF580
:10356000A8AE594A117800297FF4A8AEABE6F0EE78
:10357000477A80E6B0EE677A5CE6022A7FF490AD87
:103580004F4B1A78002A3FF48BAD45490A68002A50
:1035900040F09881404B1B680B6081E54F4B1C70DD
:1035A00014E601214E48FFF719FD32200BF0C8F850
:1035B0003D48FEF76DFE51464A48FFF70FFDBFE656
:1035C000494906A80AF046FD06A920460AF014FE5D
:1035D000824606A80AF05CFDBAF1000F00F0B38045
:1035E0002B4B1A78012A07D001221A702C4BC3F8F2
:1035F0000080284BC3F80080274B324A1968304BB3
:1036000011601A786AB100221A70324BC3F8009028
:10361000FEF79EFE192135480CF030FD2C480AF0CB
:1036200035FC00213248FFF7D9FC89E6314B0021F7
:103630001970E1E5DFED306A77EEA67AF4EEC77A2D
:10364000F1EE10FA40F3DA8082ED007A89E71C4A45
:1036500001211D4B11701A781AB9082019700BF04E
:10366000EDF8FEF775FE01230F2124482B700CF0B6
:1036700005FDD8F8001000230A2215480AF022FCA4
:1036800006211F480CF0FAFC11480AF0FFFB57E630
:103690009A1D012068920020DC1C012098920020D5
:1036A0006C920020187C0020A8920020C491002079
:1036B0002C0700202C7C00205C7C00206C7C0020EF
:1036C000768700206092002072870020847D002091
:1036D000E0800020509200206666663F991D012020
:1036E000847C0020947C0020AC7C0020BC7C0020EA
:1036F000D87C0020981D01200AD7233C447C002060
:10370000547C0020C0910020784B197800297FF468
:10371000C7AC774940F6C41009688A1A82427FF61E
:10372000BFAC744A01201178187021B901460820F5
:1037300011700BF083F811216F480CF09FFC6F485B
:103740000AF0A4FBACE46E4920460AF03FFD0028D5
:1037500074D06C4941F288336B4A48681268A7FB01
:103760000242920C03FB02F24B681B1A9A42FBD8EE
:103770000F22664966480AF03BFB0322654964480C
:103780000AF036FB0522644961480AF031FB042245
:1037900062495F480AF02CFB032261495C480AF049
:1037A00027FB04225F495A480AF022FBD6F8203250
:1037B0001821D6F830220DEB010000925A4A0EF083
:1037C000C9FE06A903A80AF045FC03A950480AF05F
:1037D00037FB03A80AF05CFC062254494C480AF067
:1037E00007FB534B01214A4893ED000AB7EEC00A8C
:1037F0000AF07EFB46480AF049FBA1E5C2ED007ADB
:10380000A7E60968091AB1F52F7FFFF449AC1A60E1
:103810000221364B31701A78002A3FF441AC454AF8
:103820000020002118701160FEF792FD1721424818
:103830000CF024FC31480AF029FB31E43F492046D2
:103840000AF0C4FC002847D13D4906A80AF002FC52
:1038500006A93C480AF0D0FC804606A80AF018FCED
:10386000B8F1000F3FF46CADDFF8EC802068D8F8B9
:103870000030354C03932368069358B306AB1430DD
:1038800003AA32490EF0AAFEDDED037AF4EEC87AFF
:10389000F1EE10FA06DDF4EEE87AF1EE10FA98BFD8
:1038A000C8ED007ADDED067AF4EEC87AF1EE10FA92
:1038B0007FF746ADF4EEC97AF1EE10FA98BFC4ED89
:1038C000007A3DE50A4909688A1AB2F52F7FFFF4AC
:1038D000E7ABA4E71E48D1E701211E48FFF77EFBB6
:1038E00064200AF02DFF17F06FFB00BF76870020E1
:1038F000DC1C012072870020BC7D0020E0800020BD
:10390000FC7C0020001000E08C800020147D002052
:10391000F0800020247D0020407E0020287D0020B3
:10392000307D0020347D00203C7D0020487D00203B
:103930006481002050920020A47D0020507D002052
:10394000647D00209C920020688100207C7D002006
:10395000647F0020847C00206C81002010B5044628
:1039600009F0ECFC204610BD024A034903480CF064
:1039700007BD00BF7C8100209D1900008C940020B1
:1039800030B482B00C4602AB03E90600C37C002BC6
:1039900030D072B6C37CDA0708D54FF0E021456914
:1039A000D1F880212A408262C1F880219D0708D584
:1039B0004FF0E0218569D1F884212A40C262C1F824
:1039C0008421590708D54FF0E021C569D1F8882135
:1039D0002A400263C1F888211A0708D54FF0E02178
:1039E000056AD1F88C212A404263C1F88C21DB069C
:1039F0002FD462B683689C4235D0224B84609B6989
:103A0000214AC3F30111C3F3826352F82110013339
:103A1000B1FBF3F2CCB1944227D8B2FBF4F3B2FB82
:103A2000F3F294422CD3B3F5817F20D3174CC460BA
:103A3000036803220020019918615A6201221C6464
:103A400019661A6102B030BC70479942EFD3531C1B
:103A5000E9E74FF0E022416AD2F890310B408363EE
:103A6000C2F89031C5E7C468E2E70024DFE7022B23
:103A7000FBD9023B5A08140244EA02441C43D6E72D
:103A80001A46E4E700C00F40180B0020FF7F7F00BC
:103A90002DE9F04F83B000210446009009F0BCFAF4
:103AA000019000284ED000F1040A04F1380900F515
:103AB0008278504659E9022359E908C759E9066551
:103AC00059E90441C3F30D038B4601683CFB013304
:103AD00037FB1B3336FB0B3335FB123334FB02331E
:103AE00023F38F3EC3F30D033CFB113337FB01334C
:103AF00036FB1B3335FB0E3334FB123323F38F328B
:103B0000CEEA024240F8042B8045C3F30D03DBD11B
:103B100059F8040C49E9031200F0004209F12009A8
:103B2000002843EA020349F8243CC2DB019C00223E
:103B30000098214609F040FA204603B0BDE8F04F56
:103B400009F012BA03B0BDE8F08F00BF03291FD8F7
:103B5000183030B400EB41134C0172B629B153F860
:103B6000041C41F0004143F8041C116855680151E0
:103B7000D969D2E9034001F000415D606442956873
:103B80004042D961C3E90254186162B630BC704743
:103B9000704700BF024A034903480CF0F1BB00BF65
:103BA0007C8100209D190000F0930020024A034907
:103BB00003480CF0E5BB00BF7C8100209D1900008C
:103BC00058930020024A034903480CF0D9BB00BFB8
:103BD0007C8100209D19000070930020024A034957
:103BE00003480CF0CDBB00BF7C8100209D19000074
:103BF000F8930020024A034903480CF0C1BB00BF00
:103C00007C8100209D19000000940020024A034995
:103C100003480CF0B5BB00BF7C8100209D1900005B
:103C200020940020024A034903480CF0A9BB00BFBE
:103C30007C8100209D19000060930020024A034906
:103C400003480CF09DBB00BF7C8100209D19000043
:103C5000789300205C4B5D495D4A2DE9F04118796D
:103C6000C877127822B14FF0E0224021C2F8081242
:103C70001A68584B12699A4248D39C46A3F5806350
:103C8000554A564912680968002A6ED0002940D06A
:103C9000534D2888B0F5807F36D8440000F58070F9
:103CA000288004F10C004FF0E02502440144C5F8DF
:103CB0005C3FBFF34F8FD3E900649F680831361231
:103CC0001869241208324FEA272EDF6822F8106C98
:103CD00021F8104C4FEA27280712D3E90564203356
:103CE00022F80EEC53F8040C361221F80E8C4FEA31
:103CF000242E00129C4522F80C7C21F80C6C22F832
:103D00000AEC21F80A0CD2D8BDE8F08103F5806CEA
:103D1000B6E752B332480188B1F5807FF4D802EBA0
:103D200041024FF0E02601F580710C320180C6F8A7
:103D30005C3FBFF34F8F1D68203353F8184C083297
:103D400053F8100C2D1253F8081C241200129C4535
:103D50004FEA212122F8105C22F80E4C22F80C0CBC
:103D600022F80A1CE3D8BDE8F0810029CCD01C4819
:103D70000288B2F5807FC7D801EB420102F580725C
:103D8000028001F10C024FF0E020C0F85C3FBFF36D
:103D90004F8F596820330832091222F8101C53F84B
:103DA000141C091222F80E1C53F80C1C9C454FEAF7
:103DB000212122F80C1C53F8041C4FEA212122F87F
:103DC0000A1CE2D8A0E700BF1094002000800E403B
:103DD000A11D012000022120089400200C94002045
:103DE0008A1D0120F8B5064609F068F8C0B10446FE
:103DF00009F064F8054680B172B61E4B1A887F2A16
:103E000017D81D490A6872B362B6204609F0ACF8AB
:103E10002846BDE8F84009F0A7B8204609F0A4F804
:103E200072B6144B1A887F2A01D862B6F8BD0025F5
:103E30002C4611480022114907681A8004600C685A
:103E40000D6062B63946304609F0B6F8384609F0DA
:103E50008BF830462146012209F0AEF82046BDE835
:103E6000F84009F081B80C6004491A80086062B615
:103E7000F8BD00BF8A1D0120089400200C9400208A
:103E8000024B9868C0F38010704700BF00003840B4
:103E9000024A034903480CF073BA00BF7C8100203A
:103EA0009D19000010940020024A034903480CF0B9
:103EB00067BA00BF7C8100209D1900006893002034
:103EC000024A034903480CF05BBA00BF7C81002022
:103ED0009D190000809300202DE9F04F00F5807EB1
:103EE000B1E8A00AB2E84015C5EA0643C6EA25448F
:103EF000C7EA0845C8EA2746C9EA0A47CAEA29487C
:103F0000CBEA0C49CCEA2B4AA0E8F8078645E7D172
:103F1000BDE8F04F70474FF000022DE9F00F00F5BB
:103F2000807C00BFB1E8A00AC5EA0203C2EA2544CA
:103F3000C7EA0205C2EA2746C9EA0207C2EA2948D7
:103F4000CBEA0209C2EA2B4AA0E8F8078445E9D186
:103F5000BDE8F00F70474FF000022DE9F00F00F5BB
:103F6000807C00BFB1E8A00AC2EA0543C2EA0504AA
:103F7000C2EA0745C2EA0706C2EA0947C2EA0908D7
:103F8000C2EA0B49C2EA0B0AA0E8F8078445E9D166
:103F9000BDE8F00F70472DE9F00F089C00F5007B9D
:103FA00051F8045B53F8046BC5EA0647C6EA254995
:103FB00052F8045B54F8046BC5EA0648C6EA254A81
:103FC000A0E880078345EBD1BDE8F00F704700BF44
:103FD00070B58469ACB3B4F5803F05464FF000017D
:103FE00021D009F019F8064680B300F1040C00F561
:103FF0008271DCF8003034FB03F234FB13F302F37C
:104000000F0203F30F03C2EA03434CF8043B8C4551
:10401000EFD128460022314608F0CEFF3046BDE8F9
:10402000704008F0A1BF08F0EBFF044670B10146F4
:104030000022284608F0C0FF2046BDE8704008F086
:1040400093BF214608F0DCFF0028E8D170BD00BF17
:104050002DE9F84F454B464C1868197904F58075E1
:104060000368444AAB42D1770BD2434B1B78002BF9
:104070004BD04FF0E02340222C4605F58075C3F865
:1040800008223E4BDFF804A1D3F80080DFF800914E
:104090003B4BBAF80060D3F800B0B9F80070B8F143
:1040A000000F4FD0BBF1000F21D1B8F1000F49D064
:1040B00008F10401204601EB46014036FFF72BFFD3
:1040C000BFF34F8F4FF0E022C2F8704F2034AC4264
:1040D000FAD3BFF34F8FBFF36F8F7F2E26D8AAF886
:1040E00000607F2F15D8A9F80070BDE8F88F0BF19C
:1040F000040208F10401204602EB4702403701EBBD
:1041000046014036FFF7E8FEDAE72C4605F58075F4
:10411000B7E700245846A9F8004008F025FF194BDE
:104120001A681C60164B1A60BDE8F88F00244046E0
:10413000AAF8004008F018FF134A104B11681460E9
:104140001960CEE7BBF1000F08D00BF10401204647
:1041500001EB47014037FFF7FEFEB1E74FF48072F5
:10416000594620460EF05AFBAAE700BF989300205C
:104170000006212000800E409E1D01208893002013
:1041800090930020949300208C930020821D0120A6
:10419000841D012038B50021044608F031FF88B1A4
:1041A00072B61C4A1368002B2BD01B490D68002DDA
:1041B0002CD0156008600021184A118062B618469C
:1041C00008F0D2FE0121204608F01AFF98B172B61D
:1041D000134A136883B113490C6854B11460002466
:1041E000114A0860148062B61846BDE8384008F0ED
:1041F000BBBE086062B638BD0B4910600B8062B66A
:1042000038BD064910600B8062B6DBE7086062B615
:10421000D8E700BF889300208C930020821D0120E6
:104220009093002094930020841D012038B52D4CDC
:1042300005462D4AE36F43F44023E3679368002B60
:1042400047DBD2F88830002B43DB002342F21072A8
:104250004FF40C611C2016F0ABFEE369234A23F4F3
:104260004063234943F40063E361A36A1A40214B8E
:1042700042F0CE02A2624A68134043F400234B602E
:104280002DB91D4B0322C3F82021C3F824211A4C59
:104290000325154B0020C4F828511C2418664FF440
:1042A0008031DC60154C164A1C61164C59619C61CA
:1042B0001024DA61C3F8E000C3F88C401248134CB4
:1042C000C3F89040C3F89410C3F89800C3F89C203A
:1042D00038BD002DFCD1084B0322C3F82021C3F8C0
:1042E000242138BD00C00F400040384000FEFFFFD1
:1042F00000C00A40F8FFF7FF00801F4001000047A0
:10430000001F1F1F1B1F01101B1F010001000007C2
:1043100070B5264D00240121254E284608F0AAFF3D
:10432000244A254B204614601C60FFF77FFF234B77
:104330000321234A0220C3F880112B6821491A6007
:104340004FF480729C61DA82DA8306229C829A831F
:104350001D4ADE601A61C3E9011029791B480FFA72
:1043600081FC1B4B40F82C4040F82C30194B1A486C
:10437000D976D2F86630194C43F01043C2F8663053
:1043800042F81A0C08F054FF2A79154B01212070CD
:1043900002F1100003EB521302F01F02114C914086
:1043A0009B00114A42F82040196070BD989300208C
:1043B00000FEFFFF889300209093002000801F40A4
:1043C00000062120020001012240384000C00E40BA
:1043D0001400008000800E40010400909E1D01200A
:1043E000403800389120000000880020024A03492C
:1043F00003480BF0C5BF00BF7C8100209D19000061
:10440000989300202DE9F84F454B464C18681979D0
:1044100004F580750368444AAB42D1770BD2434B15
:104420001B78002B4BD04FF0E02340222C4605F5A3
:104430008075C3F808223E4BDFF804A1D3F8008052
:10444000DFF800913B4BBAF80060D3F800B0B9F840
:104450000070B8F1000F4FD0BBF1000F21D1B8F1BF
:10446000000F49D008F10401204601EB4601403617
:10447000FFF751FDBFF34F8F4FF0E022C2F8704FAE
:104480002034AC42FAD3BFF34F8FBFF36F8F7F2E30
:1044900026D8AAF800607F2F15D8A9F80070BDE8CB
:1044A000F88F0BF1040208F10401204602EB4702E9
:1044B000403701EB46014036FFF70EFDDAE72C46A8
:1044C00005F58075B7E700245846A9F8004008F0C4
:1044D0004BFD194B1A681C60164B1A60BDE8F88F2B
:1044E00000244046AAF8004008F03EFD134A104B55
:1044F000116814601960CEE7BBF1000F08D00BF112
:104500000401204601EB47014037FFF724FDB1E7E6
:104510004FF48072594620460EF080F9AAE700BF9A
:10452000E09300200008212000800E40A01D012003
:10453000D0930020D8930020DC930020D493002057
:10454000861D0120881D012038B50021044608F091
:1045500057FD88B172B61C4A1368002B2BD01B493B
:104560000D68002D2CD0156008600021184A1180BC
:1045700062B6184608F0F8FC0121204608F040FD1C
:1045800098B172B6134A136883B113490C6854B1D9
:1045900014600024114A0860148062B61846BDE811
:1045A000384008F0E1BC086062B638BD0B491060C5
:1045B0000B8062B638BD064910600B8062B6DBE73F
:1045C000086062B6D8E700BFD0930020D4930020E3
:1045D000861D0120D8930020DC930020881D012037
:1045E00038B5244D244CEB6F43F44013EB67A368BC
:1045F000002B3EDBD4F88830002B3ADB002342F25C
:1046000010724FF40C611C2016F0D2FCEB691B4AAF
:10461000022123F440531A4843F40053EB61EB6A40
:104620001A40184B42F0CE02EA620025426813405D
:10463000154A43F4801343600120144B1163D16287
:1046400091624FF480312566114AE0602361114B7D
:104650006161A261E361C4F8E050C4F88C0000F12C
:104660008E40C4F89000C4F89410C4F89820C4F8A0
:104670009C3038BD00C00F400080384000FEFFFF76
:1046800000C00A40FFFCEFFF00801F400100000750
:104690001B1F0100001F1F1F10B50121254808F036
:1046A000E9FD0024244A254B14601C60FFF798FFA5
:1046B000234A94609368002BFCDB1E4C0221214BA3
:1046C000214859622368186020489960A1F20221AC
:1046D00058604FF48070D9600021D882D8830620BA
:1046E000996198831A48998218612079194B0FFAB9
:1046F00080FC43F82C10184943F82C101749184B2C
:10470000C87691680B43936008F092FD2279154BAF
:104710000121154C03EB5213207002F1100002F03E
:104720001F02124C9B009140114A42F82040196030
:1047300010BD00BFE0930020D0930020D89300204C
:104740000080384000801F40000821200200010145
:104750002280384000C00E401600008000800E40CD
:104760000100009240380038A01D012045240000BF
:1047700000880020024A034903480BF001BE00BF35
:104780007C8100209D190000E0930020024A03492B
:1047900003480BF0F5BD00BF7C8100209D1900008F
:1047A00028940020024A034903480BF0E9BD00BFEA
:1047B0007C8100209D19000030940020024A0349AA
:1047C00003480BF0DDBD00BF7C8100209D19000077
:1047D00060940020024A034903480BF0D1BD00BF9A
:1047E0007C8100209D190000A0930020024A03490B
:1047F00003480BF0C5BD00BF7C8100209D1900005F
:1048000038940020024A034903480BF0B9BD00BFA9
:104810007C8100209D1900006894002010B5054C93
:1048200004F1080008F08AFD2046BDE8104008F0B9
:1048300085BD00BFA8930020024A002002490BF06A
:104840009FBD00BF7C8100205D280000024A034913
:1048500003480BF095BD00BF7C8100209D1900002E
:1048600018940020024A034903480BF089BD00BF99
:104870007C8100209D19000040940020414B424A59
:1048800042492DE9F0471C6818792368C87793429C
:1048900065D3DFF80C91A2F58063944602F580673A
:1048A000D9F80000002864D0DFF8F880D8F800605C
:1048B000002E65D000F10C0106F10C024FF0E02E45
:1048C00031F908AC32F9084C4FEA0A2A31F9065C92
:1048D00024022D02C3E900A432F9064C31F904ACDC
:1048E00024029D6031F9025C4FEA0A2ADC6032F949
:1048F000044C2D02C3F810A024025C6132F9024C72
:104900009D612402DC61BFF34F8FCEF8683FBFF397
:104910004F8FBFF36F8F2033083108329C45CFD8BB
:10492000B84207D008F020FB194B00211A68196023
:10493000C9F80020BE4208D0304608F015FB154BE0
:1049400000211A681960C8F80020134B1B7823B1A6
:104950004FF0E0234022C3F80822BDE8F087DFF8DB
:10496000409002F580671346D9F80000BC46002845
:104970009AD1DFF830800948D8F80060002E99D12C
:10498000064E97E758940020000E212000800E402C
:104990004C94002054940020A21D012000122120DC
:1049A0004894002050940020024A034903480BF029
:1049B000E7BC00BF7C8100209D19000058940020B6
:1049C000024A034903480BF0DBBC00BF7C81002096
:1049D0009D190000B8930020024A034903480BF0D8
:1049E000CFBC00BF7C8100209D190000E89300200F
:1049F00000207047704700BF036D0BB10120704766
:104A0000406D003818BF0120704700BF10B5044644
:104A1000806D18B10CF000F80023A365236D2BB155
:104A200004F11800BDE8104005F0E4BD636D002BF3
:104A3000F6D110BD10B50446806D00B110BD4FF425
:104A400080700BF0E1FFA065B0B10022236D027011
:104A50003BB101464FF48072184605F01BFAA06D79
:104A600010BD636D002BE9D001464FF480721846EB
:104A700002F0BEFEA06D10BD014B1846A36510BD2F
:104A8000A51D012038B5056D6DB10BB1002038BDF5
:104A90001146284603F03AFF0028F7D02846BDE823
:104AA000384004F0D5B8446D002CEFD0204601F01A
:104AB000F1FA0028EAD02046BDE8384002F064B997
:104AC0008A79A2F150031B0622D402F26C72F0B56F
:104AD0004B7985B0046D01330D798E784F78DBB258
:104AE00009784CB1204601960095CDE90271042168
:104AF00004F042F805B0F0BD406D0028FAD00196F0
:104B00000095CDE90271042102F082F805B0F0BDF4
:104B10000020704710B50446006D80B1037813F093
:104B2000700F00D110BD002103F0F0FE606D002871
:104B3000F8D000220023BDE8104001F0ABBA606D50
:104B40000028EFD090F8313013F0500FEAD0002257
:104B50000023BDE8104001F09DBA00BF036D10B501
:104B60000C4682B02BB30DF1060201A9184603F0E2
:104B700073FA38B3BDF80430BDF8062053EA0201D9
:104B800020D0C2F3451C02F01F00D20AC3F3431128
:104B9000400084F801C0A2705A0A013903F01F03D3
:104BA00002F5EA622070012061712371A27102B0E6
:104BB00010BD406D30B10DF1060201A901F010F9F0
:104BC0000028D7D1002002B010BD00BF036D10B582
:104BD0000C4682B02BB30DF1060201A9184603F072
:104BE0002BFA38B3BDF80430BDF8062053EA0201B1
:104BF00020D0C2F3451C02F01F00D20AC3F34311B8
:104C0000400084F801C0A2705A0A013903F01F0362
:104C100002F5EA622070012061712371A27102B075
:104C200010BD406D30B10DF1060201A901F0C6F8CA
:104C30000028D7D1002002B010BD00BF0369D3B156
:104C40000E4810B41C68E46884420FD1186D18B186
:104C50005DF8044B04F036B8586D18B15DF8044B9C
:104C600002F004B900205DF8044B70471846234653
:104C70005DF8044B18470020704700BF852F0000E7
:104C8000006990B10368154A1B69934225D1036DF1
:104C900063B1187810F0080007D0D8695B69C01AB2
:104CA00048BF6FF00040704718467047436D002BB7
:104CB000FAD093F8310010F00800F6D0186919689E
:104CC0005A69401A5B6862EB0303B0F1004F73F15D
:104CD0000003EAD36FF000407047184781300000AE
:104CE000036963B11A68074992698A4208D1186D4D
:104CF00008B103F03BBF586D08B101F013BE704717
:104D000018461047052F0000036973B11A68084957
:104D100052698A4207D1186D08B103F083BC586DFF
:104D200018B101F0A1B9184610474FF0FF30704795
:104D30005D2E0000036D13B1586900217047436D6B
:104D400013B1D3E90001704718461946704700BFF8
:104D5000036D13B1D86900217047436D13B1D3E9D6
:104D60000401704718461946704700BFF0B595B06A
:104D700000224FF47A74244F1831054604A88DF8A8
:104D80000C200097CDE90124CDE9122205F09EFC0C
:104D9000129B002B2DD05C20002609F065FF019BA3
:104DA00004464660C36004A9029B183040F8083CE2
:104DB0009DF80C3000F8043C144B40F8183C144BA0
:104DC00040F8103C05F0D4FB124B4FF47A72A76008
:104DD0002B606368A66501336E602E73AA602C6138
:104DE00063600D4B04A8009305F004FC284615B041
:104DF000F0BD139B002BCED1064A2B732A602B618A
:104E0000C5E90134EDE700BFC0090020E409002036
:104E1000400A00209409002054080020036D13B1BB
:104E2000184603F0FFBB406D08B101F01DB94FF00B
:104E3000FF307047836C13B1184603F0F3BBC06CAE
:104E400008B101F011B94FF0FF307047036D33B175
:104E50001B7813F0700F14BF012000207047406DC5
:104E600030B190F8313013F0500F14BF0120002002
:104E7000704700BF036D13B1184603F0FFBA406DD1
:104E800008B101F021B84FF0FF307047836C00B5D6
:104E900083B063B101220DF10701184603F0EEFA69
:104EA00001280CD19DF8070003B05DF804FBC06C2D
:104EB00028B101220DF1070101F006F8F0E74FF0EB
:104EC000FF30F1E7036D13B1184603F04FBE406D9C
:104ED00008B101F027BD7047836C13B1184603F089
:104EE00045BEC06C08B101F01DBD7047036923B316
:104EF0001968134A10B58C6882B0944214D1186DA9
:104F000048B101220DF1070103F0B8FA90B19DF804
:104F1000070002B010BD586D0028F8D001220DF135
:104F2000070100F0D1FFF1E701220DF1070118465A
:104F3000A047EBE74FF0FF30EBE74FF0FF30704753
:104F4000B52E0000036D13B1184603F0BBBE406DD3
:104F500008B101F08BBF7047836C13B1184603F0A2
:104F6000B1BEC06C08B101F081BF704700B5836C61
:104F700083B08DF8071043B101220DF107011846E7
:104F800003F0A0FE03B05DF804FBC06C0028F9D06C
:104F900001220DF1070101F069FF03B05DF804FB88
:104FA0008A79A2F150031B0622D402F26C72F0B58A
:104FB0004B7985B0046D01330D798E784F78DBB273
:104FC00009784CB1204601960095CDE90271022185
:104FD00003F0D2FD05B0F0BD406D0028FAD0019677
:104FE0000095CDE90271022101F012FE05B0F0BD7D
:104FF00000207047836C53B1187810F008000DD072
:10500000D8695B69C01A48BF6FF000407047C36C35
:10501000A3B193F8310010F0080000D1704718696F
:1050200019685A69401A5B6862EB0303B0F1004FDC
:1050300073F10003F2D36FF0004070471846EDE7BC
:10504000036D53B1187810F008000DD0D8695B6972
:10505000C01A48BF6FF000407047436DA3B193F88A
:10506000310010F0080000D17047186919685A69BA
:10507000401A5B6862EB0303B0F1004F73F1000369
:10508000F2D36FF0004070471846EDE700B50069B5
:1050900083B08DF8071060B10368104ADB68934253
:1050A00015D1036D43B101220DF10701184603F03C
:1050B00009FE03B05DF804FB406D0028F9D0012221
:1050C0000DF1070101F0D2FE03B05DF804FB0122EF
:1050D0000DF10701984703B05DF804FB852F000030
:1050E00038B504460C4B806D236018B10BF094FC6E
:1050F0000023A365236D04F118054BB1284605F084
:1051000079FA064B2846A36005F074FA204638BDAC
:10511000636D002BF2D1F4E7E4090020540800206D
:1051200038B504460E4B806D236018B10BF074FC4B
:105130000023A365236D04F118056BB1284605F023
:1051400059FA084B2846A36005F054FA20465C2122
:1051500009F08CFD204638BD636D002BEED1F0E7E1
:10516000E40900205408002030B4029C11469C46FB
:1051700034B1012C1CD0022C0ED0002030BC704762
:10518000056DF5B14FF0FF33934274EB0C04F4D38B
:10519000284630BC03F0BABB026D0AB3D369591874
:1051A0004CF10003002BE8D1104630BC03F0AEBB3D
:1051B000026D62B1536959184CF10003002BDCD128
:1051C000F2E7406D0028D8D030BC00F063BF406DDE
:1051D0000028D2D0D0E900238A184CEB0303F3E770
:1051E000406D0028C9D0D0E9042330BC8A184CEBAC
:1051F000030300F04FBF00BF70B5244B04460569A0
:105200000360002D32D06E68013E6E6076BB2B6865
:105210001F4ADB6A93422FD1A86D10B10BF0FCFB43
:10522000AE652B6D23B305F1180005F0E3F9256990
:10523000E5B12B68174A5B68934224D1164BA86DE1
:105240002B6018B10BF0E8FB0023AB652B6D05F16B
:105250001806A3B1304605F0CDF9104B3046AB60CF
:1052600005F0C8F95C21284609F000FD204670BD14
:105270006B6D002BD7D1DAE728469847D7E76B6DDF
:10528000002BE7D1E9E728469847EFE7940900208B
:105290004D2A000061310000E4090020540800207C
:1052A00070B5264B044605690360002D32D06E6848
:1052B000013E6E6076BB2B68214ADB6A934233D194
:1052C000A86D10B10BF0A8FBAE652B6D43B305F1D3
:1052D000180005F08FF92569E5B12B68194A5B685C
:1052E000934228D1184BA86D2B6018B10BF094FB9A
:1052F0000023AB652B6D05F11806C3B1304605F0F0
:1053000079F9124B3046AB6005F074F95C21284600
:1053100009F0ACFC2046142109F0A8FC204670BD21
:105320006B6D002BD3D1D6E728469847D3E76B6D3A
:10533000002BE3D1E5E728469847EBE794090020E6
:105340004D2A000061310000E409002054080020CB
:1053500090F81CC04160BCF1020FC26001D18368AB
:10536000184708F005B800BFF0B4046840F2012502
:105370001E462561A3B121B311F8015B013B6566AF
:10538000256FAF0707D41546013E676F1AB105F8C0
:10539000017B2A4604686569ED07F1D5002BEAD147
:1053A0006EB10368196F8907FAD41146013E5B6F2D
:1053B000002AF5D001F8013B0A46002EF1D1F0BCDD
:1053C000704790F83C50D9E7324B334930B5D3E9B8
:1053D00011542079C8771A6C95F804C081F81CC064
:1053E000087752B1B2F5004F23D32C4911442A4A11
:1053F0001964D07682F81BC030BD19680F24D86CB0
:105400008C6540F20134CA610C614FF47C544C61EC
:1054100003210468246883F83D10214B9C4226D167
:10542000037F4260022BC26026D18368BDE8304012
:1054300018472D68E98B090422D492B2EA832168C7
:10544000EC8BA4B2EC82CC8B240405D5CC8BC2F3BC
:10545000080204F47E442243CA83CA8B92B2CA82F1
:1054600000210D4A1964D07682F81BC030BD234656
:105470001146BDE830401847BDE8304007F078BF1E
:10548000E98BC2F3080E92B201F47E4141EA0E01AB
:10549000E983D4E79080002000800E400180FFFF68
:1054A0009133000043682DE9F04FD3E90041814D6D
:1054B0004FF0B80A22684FF0020822EA01027E4942
:1054C0002260AA6911407D4A0A43AA6190F810E05F
:1054D0007B4A03EB0E0603EB8E0E317C02EB0111CF
:1054E0008968C1F800A090F811C003EB0C0503EB2C
:1054F0008C0C95F8201002EB01118968C1F800A00E
:10550000817C03EB010903EB810199F830B002EBD8
:105510000B1BDBF808B0CBF800A0D4F800A05F6844
:105520004AEA070AC4F800A0347CDEF814E002EB73
:1055300004146468C4F800E095F82040DCF824C046
:1055400002EB04146468C4F800C0496B99F8304059
:1055500002EB041252681160DA6B99F8381011608E
:10556000DA69317EDB6A116095F828201A600F2213
:105570000368C3F810809A65C27C002A31D072B6E5
:10558000C37CDC0708D54FF0E0214469D1F88021C5
:1055900022408262C1F88021990708D54FF0E021AE
:1055A0008469D1F884212240C262C1F884215A075B
:1055B00008D54FF0E021C469D1F888212240026368
:1055C000C1F888211F0708D54FF0E021046AD1F8FF
:1055D0008C2122404263C1F88C21DE0655D462B68C
:1055E0000368384C8268A24259D0324A846092697A
:1055F0003549C2F30116C2F38262344D51F82610C8
:105600000132B1FBF2F2AA4231D80022C26000247A
:1056100003211C610724596201211A641C66196167
:10562000C37C13B3DD0704D5816A4FF0E022C2F8D2
:1056300000119C0704D5C16A4FF0E022C2F80411A2
:10564000590704D5016B4FF0E022C2F808111A0780
:1056500004D5416B4FF0E022C2F80C11DB0604D5F3
:10566000826B4FF0E023C3F81021BDE8F08F18499A
:10567000A1FB0251090DB2FBF1F2A24288BF013138
:10568000B1F5817F0DD3134AC0E74FF0E022416AA4
:10569000D2F890310B408363C2F890319FE7C26823
:1056A000B5E70229B1D902394C08220242EA044284
:1056B0000A43ABE700C00F40CFFFFFE31000000834
:1056C0005879002000093D00180B0020FF083D001C
:1056D00083DE1B43FF7F7F000BB1FFF745BE7047A2
:1056E0004368D3E900120968114200D1704710B530
:1056F00002680446002005211061227C1344187CB6
:1057000009F0D8F8627C63680521134493F82000FF
:1057100009F0D0F86368A27C05211344BDE810406D
:1057200093F8300009F0C6B800207047704700BFFA
:1057300010B5044640F2D44109F098FA204610BD55
:10574000012BF0B5054695B03DD0022B40F202206A
:1057500001F104010CBF03460023684605F064F81C
:10576000129B002B38D05C20002609F07DFA214BDB
:1057700004AF0446C0E90036019B3946183040F8B2
:105780000C3C1D4B40F8103C029B40F8083C9DF837
:105790000C3000F8043C04F0EBFE184B4FF47A7226
:1057A000A665A360164B6E602B6063682E73013391
:1057B000AA602C616360134B3846009304F01AFF13
:1057C000284615B0F0BD44F202230431684605F0C6
:1057D0002BF8129B002BC6D1139B002BC3D14FF487
:1057E0007A71074A04AF2B732A602B61C5E9013136
:1057F000E1E700BFE4090020400A0020C0090020C2
:10580000940900205408002010B5D0F884448EB0CC
:105810000A4644B1002321466846009302F0DAFDAF
:1058200080B90EB010BDD0F8881441B12346684647
:105830000C9400F0EDFE50B900200EB010BD0846EB
:105840000EB010BD684603F019F80EB010BD6846E2
:1058500000F09CFF0028EFD0E3E700BF70B5D0F860
:1058600084548EB016465DB105F5896500230A465D
:1058700068462946009302F02BFD90B90EB070BD2A
:10588000D0F888040028F9D000F589640A462B4630
:10589000684621460C9500F03FFE48B900200EB046
:1058A00070BD32462946684602F0F2FE0EB070BD69
:1058B00032462146684601F0BDF80028EED0DDE70B
:1058C00010B5D0F884448EB00A464CB100200123B4
:1058D00021460090684602F07DFD80B90EB010BDF3
:1058E000D0F8881441B1012368460C9400F090FE72
:1058F00050B900200EB010BD08460EB010BD68466D
:1059000003F06EFE0EB010BD684600F0E5FE002804
:10591000EFD0E3E730B5D0F884448FB00A464CB1FD
:105920000025012304F589616846009502F05AFCC0
:105930000FB030BDD0F888040028F9D000F5896197
:10594000012368460C9401F0F7F80FB030BD00BF9A
:1059500010B5D0F884448EB00A463CB100232146ED
:105960006846009302F036FD0EB010BDD0F88814E2
:1059700031B1234668460C9400F04AFE0EB010BDCB
:1059800008460EB010BD00BFF8B5054690F8D0042B
:1059900008B90146F8BDD5F88434002B4CD0DC6939
:1059A000D5F89004013C002854D00368DB6B98477D
:1059B000E0B1D5F8900478B303681B6C9847A8B998
:1059C000D5F8900440B3036801215B6C9847074603
:1059D00010B3D5F8840458BBD5F8886433466EB943
:1059E000D5F8900490B900200146D3E7D5F8840497
:1059F000E8B9D5F88834002BF5D00746184602F0F0
:105A00006FF906463FB1D5F8900428B1036800212C
:105A10005B6C984700B1A41BD5F88434FBB19B792B
:105A20004FF40071994089B2A1FB0401F8BD002731
:105A300004F028FC0646E5E7D5F88834D5F890044C
:105A4000B3B1D3F830440028AFD1184602F048F97A
:105A50000646E0E7184604F015FC0646DBE7D5F8F5
:105A60008864002EBFD0D6F83C14A1FB0401F8BD19
:105A70000028B8D01C4698E790F8D03463B1D0F82D
:105A8000843463B19A794FF40070D9699040013938
:105A900080B2A0FB01017047184601467047D0F85C
:105AA00088040028F9D0D0F83C14D0F83004A1FBC9
:105AB000000170472DE9F043D0F890548DB04DB1FE
:105AC00098462B6804462846DB699847B0F5405F46
:105AD000064604D8002630460DB0BDE8F0834FF4EA
:105AE00000700AF091FF07460028F3D00DF1040979
:105AF000B6F1806F02464346294648462ED901F04A
:105B0000BBFB064638460AF087FF002EE2D02B6822
:105B10002846271D1B6A984794F8C034FF2B21D0D4
:105B2000D4F8C43404F5946502932846D4F8C834F4
:105B30000393B4F8C034ADF8043099E80E0005F0D2
:105B400039FD94F8B134C4F89054002BC3D101232B
:105B5000294638461A4604F0F5FDBCE704F058F82B
:105B60000646CFE704F2944594F8CC14284606F094
:105B700069FB2846C4F8905405F0C6FD0028AAD158
:105B80000123D4F8901438461A4604F0DBFDA2E74E
:105B900070B5D0F8905484B00446002D40D090F8F1
:105BA000D03483B190F8D134FE2B6ED094F8D20467
:105BB00027285AD92B68694628469B6C984784F851
:105BC000D00404B070BD90F8D134FE2B58D090F8BA
:105BD000D20427284FD994F8C034261DFF2B24D196
:105BE00004F2944594F8CC14284606F02BFB284682
:105BF000C4F8905405F088FD002864D003212620C5
:105C000008F058FE3549364A364B48681268A3FBFF
:105C10000232920C02EB82024B681B1A9A42FBD8AA
:105C2000002084F8D00404B070BDD4F8C83404F562
:105C30009465D4F8C414B4F8C024284602936B4683
:105C40000191ADF800200ECB05F0B4FC94F8B1340E
:105C5000C4F89054002BD1D10123294630461A466E
:105C600004F070FD0028DCD1C8E708F011FE003810
:105C700018BF0120D5E708F00BFE0028ABD1CFE715
:105C8000194B9B689B03CBD5A5E72B6828465B6D1A
:105C90009847421C8AD0F8B994F8D134FE2BBFD172
:105CA0000321262008F006FE0C490D4A0D4B4868DA
:105CB0001268A3FB0232920C02EB82024B681B1AA1
:105CC0009A42FBD8ACE70123D4F8901430461A4628
:105CD00004F038FD002891D00120A2E7001000E078
:105CE0008C80002083DE1B430080004218484FF068
:105CF000290C184A0023184910B4C0F8942407222C
:105D000080F8B1C44FF0FF0CC0F8A8144FF47F41E5
:105D1000124CC0F8AC24124AA0F8D014A0F89C345D
:105D200080F8B53480F8CC3480F8D2C40460C0F870
:105D3000A0240C490C4A5DF8044BC0F88434C0F828
:105D40008834C0F8903480F8BC340AF019BB00BF26
:105D5000E88C0020A00A002000093D00640A002011
:105D6000B40800206D3700007C81002070B500F180
:105D7000240384B08C46044601AD164693E8070020
:105D800085E807004FEA4C122946206A01F0C4FE5C
:105D9000012806D132462946206A01F0A1FE04B04E
:105DA00070BD002004B070BD10B5044600F0BAFD0F
:105DB000002384F8313084F8333010BD38B51446F0
:105DC0000D46002200F12401006A01F089FE03461D
:105DD00020B1428901202A801B89238038BD00BF61
:105DE00038B514460D46002200F12401006A01F086
:105DF00077FE034620B1C28901202A809B89238037
:105E000038BD00BF38B50D4690F8311009B10020FB
:105E100038BD382204460CF001FD012340222562E2
:105E2000184684F8333084F8312038BDF0B40D467C
:105E30000978202903D115F8014F202CFBD01560DB
:105E400095602C782F2C11D084B16E1C3C2C1D4FEA
:105E500035462AD8212C12D804F1FF3CBCF11E0F84
:105E600016D80020F0BC704715F8014F202CFBD04D
:105E70002F2CF9D01D601146F0BC01F01FBDA4F11C
:105E8000220C5FFA8CFC27FA0CFC1CF0010FE8D105
:105E90002E2C01D0202C0DD116F8014B002CE5D072
:105EA0002F2CE3D03C2C3546D4D95C2CD9D003D947
:105EB0007C2CD6D09660EFE73E3C012CFAD800202F
:105EC000F0BC7047012100052DE9F04F90F8333008
:105ED00083B00546DC0774D558060F46904640F15E
:105EE000B080D5E90023D5E9041018EB020443F192
:105EF0000003A14270EB0303C0F0A980B8F1000FCA
:105F00005BD0464605F11809D5E90032D5F820A046
:105F1000DAF838441C40C4F3080B002C70D113434A
:105F200070D195F831305A064CBFDAF83424EA695A
:105F3000AA619AF84504023ADAF82C14630A8240FE
:105F400001EB54211144BBF1000F45D1B6F5007FA0
:105F500042D3DAF81C2291423ED0B6F5806F58D376
:105F60004FF0010B0BFA00FBABEB030B730A9B45E5
:105F700028BF9B4691424FEA4B240AD801EB0B0302
:105F80009A4206D20AF50470019106F08FFD01993C
:105F9000B8B1DAF814025B460268D2F814A03A46A7
:105FA000D04770B123462744D5E900125B1842F16F
:105FB0000002361BC5E90032A8D1404603B0BDE857
:105FC000F08F95F832304FF0FF3043F0020385F840
:105FD000323003B0BDE8F08FCBF5007400220AF533
:105FE0000470B44228BF344606F08CFD0028E8D087
:105FF00000EB0B012246384608F09CFD2346D2E711
:10600000AA6996E795F833305B060ED5AA69013286
:106010008EE7DAF814023A4603681B6998470028AD
:10602000CFD04FF400731C46BDE74A465046A969DD
:1060300001F0B4FD0028C4DB0CD0D5F820A0AA697B
:1060400077E795F8313019077FF558AF49E7A1EBAD
:10605000020853E795F8313013F0500FB1D0A8EB98
:1060600006084046AAE700BFF0B583B00122044607
:1060700085690DF10701D0E90067FFF725FF0128C9
:10608000A5610CBF9DF807004FF0FF30C4E9006721
:1060900003B0F0BD2DE9F04F1F4690F8313083B0CA
:1060A0000446D0F81880002B51D01646D0E9001CC9
:1060B000BC4508BF91425CD056EA07024DD01D078F
:1060C00004D5D0E90402B042BA4140D394F8332059
:1060D000751ED4F820A0019247F1FF309AF84524AC
:1060E0000932D2B2C2F1200ED540A2F1200900FA45
:1060F0000EFB20FA09F045EA0B050543019840061E
:1061000033D4481E20FA02F24CF1FF3051EA0C0C55
:1061100000FA0EFE20FA09F042EA0E0242EA0002FC
:1061200001D0954229D25B064CBFDAF83434E369DA
:10613000A36104F1180906E0A169013D206A01F09C
:106140002DFD002803DD4A46002DF5D107E0002093
:10615000C4F8188003B0BDE8F08F002383610120EC
:10616000C4E9006703B0BDE8F08FE3692B44A36185
:10617000F5E7012003B0BDE8F08FAD1AD9E700BF05
:106180002DE9F04F174690F831208FB00546002AD0
:1061900040F0D7808B4691F8311011F0500F00F08D
:1061A000D08003F003019A46032900F0CA80013130
:1061B00003F0080041EA00030293002F00F0CB80B7
:1061C000396901F10E08B649A1FB0818DBE9001096
:1061D0004FEAD808014308F102085FFA88F805D0B1
:1061E00000200021CBF81820CBE900010024029BFD
:1061F000264643F040030393202206A95846FFF7A2
:1062000063FE00B3202840F09C809DF918209DF883
:106210001830002AC0F2A28034B9DBF80020A2F1C5
:106220002009DBF818200192444501D20134E4B280
:10623000002B00F01381202206A958460026FFF704
:1062400043FE0028DED11AF4007F7AD0029B9B0720
:1062500077D5002F75D0444517D2DDF804A0202251
:1062600006A95846FFF730FE631C002861D020289D
:1062700067D12CB9DBF80020DBF818A0A2F12009C7
:10628000DCB2A045EBD8CDF804A038220021284686
:106290009BF833400CF0C2FADBF82030C4F38014D2
:1062A000019A2B620823002685F82C4085F83130AE
:1062B0003B68C5E909297B60BE81B8F1000F33D086
:1062C00008F1FF39B346DFF8DCA15FFA89F9012252
:1062D00059462846FFF74AFD044690B390F900203E
:1062E000002A2EDB202200210CF098FA002E00F06C
:1062F000BC80BBF1010F00F0D780C123A3461E3440
:1063000004F81E3CBB8938461BB9D7E901239A42E1
:1063100005D006F01FFC2BF8020FA345F2D1013681
:106320005FFA86FBD845D2D8284600F0FBFA06462D
:106330000DE05846DBF8186000F024FB002840F020
:10634000918000231E4685F8313085F83330304681
:106350000FB0BDE8F08F4FF0030847E756BB444548
:1063600038BF0024852B7FF447AF314638222846BA
:1063700001260CF053FA9DF81C209DF8193085F881
:10638000303002F03703D20658BF43F0080385F8D7
:106390003130DBF80030DBF82020203B2A62DBF8CC
:1063A0001820C5E909239BF83330C3F3801385F81F
:1063B0002C3021E7C02B28D0C12B7FF43CAF3A46CC
:1063C00006A9284601F0EEF9E8B1BB89DBB9D7E9A7
:1063D00001329A4217D11AF4006FB2D11AF4884FE1
:1063E00070D195F8333098076CD41AF4806FA8D127
:1063F0001AF4804FABD02846D5E90423FFF74AFEB4
:106400000028A4D19DE70646F6E6029B85F83330C6
:106410009DF819309B0702D5039B85F833300B9B01
:10642000EB61DDE90823C5E90423DDE90C23C5E9B7
:106430000223002FCFD04FF000033A69BB813B68A5
:106440007B609DF81B309A427FF4F5AEBE8ABDF8A2
:106450001C30F61AB6FA86F67609CDE6002F7FF4E0
:10646000F2AE6EE7CBF818600BE78523237085F852
:10647000309084F80190DAF80030002B46D00DF10E
:1064800013020DF1160105A89847BDF81430638179
:10649000BDF8163023819DF8133023753FE700BF08
:1064A00089888888D4920020C02384F801B02370A2
:1064B000029B63F07F0385F833303B69E370BB8A4E
:1064C000A3802CE795F83130D9063FF53AAF13F0A9
:1064D00001017FF436AF1AF4806F89D095F833202C
:1064E00092077FF52EAF002B3FF42BAFD5E900329A
:1064F000134304D000220023A961C5E900232846E4
:1065000000F042FC00283FF41CAF20E745F6214391
:106510006381E381638202E72DE9F043002597B0B0
:10652000994690F8313001921495ADF81450002B33
:106530003ED191F831300F4613F0500F38D0137818
:10654000044616462F2B37D04FF0000801AB02AAA5
:1065500031462046FFF76AFC50B3019E3378002B8A
:106560003ED0002302AA39462046FFF709FEF8B1C3
:10657000A44608AD04F13007DCF800000CF1100C63
:106580005CF80C1CAE465CF8082C10355CF8043C3A
:10659000BC45AEE80F00EFD1DCF8000008AF286082
:1065A000204600F0BFF984F8318084F83380CDE7CD
:1065B000002017B0BDE8F08316F8011F2F29FBD08B
:1065C0000196B1B9382220463D6A0CF027F9012323
:1065D00040222562184684F8333084F83120E8E7F9
:1065E0004B4602AA39462046FFF7CAFD17B0BDE860
:1065F000F0833822002108A83D6A0CF00FF901232E
:1066000008AF10958DF8533040238DF851309BE73B
:1066100019B101F58961FFF77FBF0846704700BFD8
:1066200090F8313063B991F8313013F0500F07D042
:106630000B6813F01F0C03D113466246FFF7A0BD91
:10664000002070478169F8B50446006A01B1013144
:10665000012201F069F90128054632D901230146DA
:10666000206A1A4601F0C0F9064650B3A3695BB32D
:1066700094F83320510612D5591CA94218D022F0A3
:106680004002E16984F8332005E0206A01F0A8FAAD
:106690003946B0B1A3694F1C99423A46F5D34FF041
:1066A000FF322946206A01F09BFA50B1A16911B965
:1066B0003046A561F8BD2A46206A01F091FA00280B
:1066C000F6D100263046F8BD94F8333043F040034D
:1066D00084F83330ECE700BF90F833309A0736D5B2
:1066E000C16970B50546A1B90024214607E00378C9
:1066F00003F07F03037095F830308B4229D30134C7
:1067000001222846FFF732FBE1B20028EFD100203A
:1067100070BD5B06006A34D590F84534D5E9022493
:106720000933013ADBB244F1FF34C3F1200CDA4003
:10673000203B04FA0CFC24FA03F342EA0C021A434D
:106740000023013201F050F90028CDD1DFE700200D
:10675000704700232C6A85F83130204685F83330A5
:1067600006F0A4F90028D2D004F5047006F09EF9D2
:106770000028CCD0D4F840040368BDE870401B6A00
:10678000184701F04DFA0028AED1C0E790F831303B
:10679000DB0601D40020704710B5002288B000232A
:1067A0000446FFF777FC08E020281BD19DF9003054
:1067B0009DF80020002B15DB32B1202269462046CF
:1067C000FFF782FB0028EFD194F8333008222046EF
:1067D00043F0020384F8312084F83330FFF77CFF64
:1067E00008B010BD002008B010BD00BF2DE9F04179
:1067F0004FF0000882B04A4F064644464146002208
:106800003046FFF7B3FA054630B10178C02969D0A8
:10681000C1292BD0852909D096F83230002043F0C9
:10682000010386F8323002B0BDE8F08196F83130CD
:1068300003F0370383803B6883B10DF103020DF150
:10684000060101A89847BDF80630AB812B82BDF840
:106850000430EB816B829DF803306B75326A92F8DD
:10686000103243F0010382F810322978A1F185003B
:106870000022B0FA80F0400901E00422A95CE303A1
:10688000012A02F1010243EA540311FA83F39CB294
:1068900001D10028F1D11F2AF0D908F1010896F89A
:1068A00030305FFA88F18B42A9D2012206F124012F
:1068B000306A01F015F90028AED0356A44802846C8
:1068C00006F0F4F80028A7D005F5047006F0EEF8FD
:1068D0000028A1D0D5F8400403681B6A9847002817
:1068E000A1D199E796F8333013F0400F437814BFE5
:1068F00043F0020303F0FD034370D6E90401D6E937
:106900000732C5E90201D6E902016B61C5E906015A
:1069100092F8103243F0010382F810322978A5E78B
:10692000D492002038B590F8313043B390F9332039
:10693000044690F83330002A0CDB056A284606F03E
:10694000B5F878B994F83230002043F0010384F8A8
:10695000323038BD03F07F0380F83330BDE8384073
:10696000FFF744BF05F5047006F0A0F80028E9D051
:10697000D5F8400403681B6A98470028E2D001203C
:1069800038BD00BF70B590F8313005465A064CD47A
:1069900080682B6AD3F83C341844B0F1806F01D37F
:1069A000002070BD2846FFF74DFE0028F8D0286A69
:1069B0000024AE6990F84534023E9E40D0F82C3455
:1069C0001E443119052200F50470013406F09AF8CE
:1069D0004FF4007200210028E2D00BF01FFF286A5C
:1069E000012390F8452493409C42EAD395F8313036
:1069F0005B0615D495F8332062F07F02D5E90231A9
:106A000085F83320D0F83C249B1841F10000AB609E
:106A1000D5E90431E8609B1841F10001C5E9043172
:106A20002846BDE87040FFF77DBF006A01F0FEF91F
:106A3000AFE700BF70B5044690F831009CB000236A
:106A400010F0180F0C931A9303D0206A0B6A984227
:106A500002D000201CB070BD40F601236846FFF74D
:106A60005BFD0028F5D0A44604F130060EADDCF83D
:106A700000000CF1100C5CF80C1CAE465CF8082C05
:106A800010355CF8043CB445AEE80F00EFD1DCF8FB
:106A9000000009AA04F1240328609DF8305007CAB9
:106AA00083E8070094F83330204684F8305063F0D0
:106AB0007F0384F83330FFF735FF0028C9D0002169
:106AC000022208230EA815918DF86B208DF86930ED
:106AD000FFF702FEBEE700BF38B591F8313013F082
:106AE000500F02D10025284638BD40F60223044647
:106AF000FFF746FB0028F5D01023204684F83130FC
:106B0000FFF740FF05460028ECD0A16900220023D2
:106B10002046E161FFF7BEFAC12294F8313084F8D3
:106B20003320002BDFD04123204684F83330BDE8EA
:106B30003840FFF75BBE00BFF0B5002597B01F4699
:106B400090F831300192ADF814501495002B46D1D5
:106B500091F831300E4613F0500F40D013780446B0
:106B600011462F2B3ED001AB02AA2046FFF75EF95B
:106B7000002834D0019B1B78002B41D0002302AAAF
:106B800031462046FFF7FCFA30B947B302AA314636
:106B90002046FFF7A1FF10B3A44608AD04F130066C
:106BA000DCF800000CF1100C5CF80C1CAE465CF834
:106BB000082C10355CF8043CB445AEE80F00EFD16A
:106BC000DCF8000008AE28602046FFF7EDF80199D8
:106BD00001AB02AA2046FFF729F90028CAD10020FC
:106BE00017B0F0BD013101910B782F2BFAD0316A2B
:106BF00008A8FFF707F90028F1D0019908AEB2E71D
:106C000002AA31462046FFF767FF17B0F0BD00BF6C
:106C10002DE9F04F0E4690F8311083B009079DF82A
:106C200030B09DF834909DF838809DF83C7040F16C
:106C30008580A2F2BC7294B27F2C7FD85A1E0B2A98
:106C40007CD80BF1FF321E2A78D8B8F13B0F98BFE1
:106C5000B9F1170F8CBF4FF0010A4FF0000A3B2F1C
:106C600088BF4AF0010ABAF1000F67D105460193C7
:106C7000FFF758FE002861D0019B51464BEA431BA9
:106C80007B0817F001074BEA4424D34643EA48182F
:106C900018BF6427A4B248EAC92806F001091FFA00
:106CA00088F800222846FFF761F8002846D090F8BF
:106CB00000C0BCF1850F45D00CF14003DBB2012BC5
:106CC0003CD8ACF185010023B1FA81F1490902E019
:106CD000042310F803C04FEACB32012B03F1010368
:106CE00042EA5B021CFA82F21FFA82FB01D1002900
:106CF000EED11F2BEDD90AF1010A95F830305FFA79
:106D00008AF18B42CDD2012205F12401286A00F0DC
:106D1000E7FE98B12C6AA0F802B0204605F0C6FE46
:106D200060B104F5047005F0C1FE38B1D4F8400438
:106D300003681B6A03B0BDE8F04F1847002003B09A
:106D4000BDE8F08F95F831302A6A03F0370383806D
:106D500092F8103243F0010382F81032B9F1000FBB
:106D600002D0A0F810804482B20703D50775A0F8BE
:106D700008804481730703D54775A0F80C80C4814F
:106D800090F800C09DE700BF90F833309A0762D5B5
:106D900070B5C56982B00446A5B313F0400634D07F
:106DA000006AA26890F845C4013AE1680CF1090C48
:106DB00041F1FF315FFA8CFCCCF1200E22FA0CF28B
:106DC000ACF1200C01FA0EFE21FA0CFCA16942EA9A
:106DD0000E0242EA0C02013219B3013D6D1A013173
:106DE0002A44019172BB63F07F03204694ED007B3F
:106DF00084F8333084ED027B84ED047BFFF792FD51
:106E000002B070BD012002B070BD816961B9019509
:106E1000C1612946206A00F003FFC8B194F83330FD
:106E2000E1E70195E161DDE701AA006A019600F062
:106E3000B5FE00280CDB10D1019D002DE9D194F89E
:106E40003330D0E70023019900F0CEFD0028E5D1D2
:106E5000002002B070BD002070474FF0FF32A169E2
:106E6000206A00F0BDFE0028E6D1F1E72DE9F043ED
:106E700090F8333083B004469D0740F1A1809146DD
:106E80001A070E4600F19580B9F1000F00F0288135
:106E900023684D46206AA169D0F8382402EA030825
:106EA000C8F30807B8F1000F40F09480002900F003
:106EB000D48094F833305B0640F1EC8090F845C400
:106EC000D4E902320CF1090C013B5FFA8CFC42F16F
:106ED000FF32CCF1200E23FA0CF3ACF1200C02FAB5
:106EE0000EFE22FA0CFCE26943EA0E0343EA0C03AD
:106EF0001344994280F0D5800131A16190F8452476
:106F00000239D0F82C3491401944B5F5007FC0F017
:106F10008A80B5F5806FC0F0A680012393406A0A8D
:106F2000A3EB0803934228BF1346D0F81C228A42E1
:106F30004FEA432809D35F18BA4206D2002280F8EC
:106F400010224FF0FF32C0F81C22D0F81402324653
:106F50000768BF6AB84798B343464644A5EB08059F
:106F6000D4E90072D4E90401DB1942F1000298422D
:106F70009141C4E9003207D294F8331061F07F01E7
:106F8000C4E9043284F83310002D83D1D4E902011E
:106F900098429141C0F09680534B1B68002B00F043
:106FA0009D8094F83330484663F07F0384F8333093
:106FB0000DE0D0E90423FFF76DF800287FF464AFFB
:106FC00094F83230002043F0010384F8323003B0EB
:106FD000BDE8F08390F8452402394FEA5828D0F8EC
:106FE0002C34914041441944002F8ED0C7F50078CD
:106FF000012200F50470A84528BFA84605F082FDCF
:107000000028DDD0384447444246314607F092FD1F
:10701000B7F5007F206A9FD100F5047005F046FDAA
:10702000002899D1CCE762686369009201932269D4
:1070300023689342DDE900239A4112D2012200F530
:10704000047005F05FFD0028BAD02A463146384466
:10705000A84607F06FFD2B467FE7E16949B3A161C0
:107060004CE70522EBE7D0F81C328B4206D1002317
:1070700080F810324FF0FF33C0F81C32D0F8140201
:10708000324603685B6A9847002899D04FF4007332
:10709000984662E704F1180200F080FD00288FDBBB
:1070A00004D12046FFF7CEFA002889D0A169206AD2
:1070B00024E72046FFF7C6FA002881D0A169206A9C
:1070C000E1611BE794F833104846C4E9023261F0ED
:1070D0007F0384F8333003B0BDE8F083484676E799
:1070E000D4E9003252E700BFD492002069B170B5F4
:1070F000054608460C460BF023FF2B680246214646
:1071000028465B68BDE87040184770478368C3F342
:10711000080383B1002110B40269D1540133B3F5DF
:10712000007FF9D10168D0E903321C681846636A10
:107130005DF8044B18470120704700BF8268034682
:10714000006940F2FF1CC2F308028154624558688E
:1071500001EB7001986800F10100C3E9011001D052
:1071600001207047D868196810B404684A1C646A22
:107170001A601A6923465DF8044B184738B58368CE
:10718000CAB20D460169C3F3080340F2FF1C04466E
:10719000CA546345416802EB71024260826802F1A1
:1071A0000102826005D0290A2046BDE83840FFF779
:1071B000C5BF0168C0684A1C03685B6A2260226917
:1071C00098470028EFD138BDF8B500230646016086
:1071D0001D46C0E90133A8B205F0D0FDA84204461F
:1071E00007D0C1B23046FFF7A9FF00283BD10020ED
:1071F000F8BD6C1CB4F5803F04D12AE00134B4F52D
:10720000803F04D0A0B205F0B9FDA042F6D0671BC4
:10721000B7F5007F1DD34FF6FF713046FFF7AEFF85
:107220000028E4D0B9B23046FFF7A8FF0028DED02E
:107230002546B5F5803FCED13046BDE8F840FFF792
:1072400065BFC5F3072130460135FFF777FF0028FA
:10725000CDD0A542E9B23046EBD2FFF76FFF002850
:10726000EFD10020F8BDC4F307213046FFF766FFD9
:107270000028BCD00135DCE72DE9F04F1F4689B06E
:107280000B680D4604901446C16002610846DB6934
:107290009847B0F5801F0090C0F0D88000230122ED
:1072A000009E01335200DBB201D09642F9D81C2B6C
:1072B000009640F2B780A3F10B08012248FA02F1D0
:1072C000C8F347088A4002910792013301225B10FC
:1072D0009A40069204229A400392022202FA03F391
:1072E0000193009A0021039B2046029E4FF0010A61
:1072F000D31A4FF400724AF6552BF34003FA06F9FD
:107300000593019E0BF08AFAFF2384F8BFA184F84D
:10731000C0A1B14484F8C431224684F8C5310723A2
:107320000021284684F8C231FE23C4F8C66184F8DF
:10733000C3312B68C4F8CA915B6AA4F8FEB19847C0
:10734000002863D04FF40072002120460BF066FA4B
:10735000009B84F86D804FF000086366F421059B64
:1073600004F17800069AE365202326642372637291
:10737000A372EB23A665464623707623C4F8489093
:107380006370902384F86EA0A3704523E3705823A4
:107390002371462363714123A3715423E3710423B2
:1073A00023664FF48073A4F86830092384F86C30A6
:1073B0008023C4E9142284F86F304FF4C3720BF0B9
:1073C0002DFAA4F8FEB1A8F16A03012B06D9B8F191
:1073D000700F03D014F8083003EB760608F10108AB
:1073E000B8F5007FEFD12B682246DDF804902846DF
:1073F0005B6A4946984748B12B6849462246284669
:107400005B6A0C31CDF80490984740BB2FB13B68C4
:107410000F22B84938465B6898470026304609B0C5
:10742000BDE8F08F1A2B4FF0080800F2A6814FF448
:107430008043CDF8088001934FF4004303934FF449
:10744000807307934FF4005306934AE7002FE4D06C
:107450003B681522A84938465B689847D7E74246FB
:107460000021204609F1010A0BF0D8F94AF655230C
:1074700009F1090204F2FF19A4F8FE310023934632
:10748000A04601E018F8013FC14503EB7606F9D1AB
:107490002B682246514628465B6A98470028B5D09B
:1074A0002B6822460AF10C0128465B6A984700289F
:1074B000ACD00AF101039B4502D09A462378DFE75E
:1074C0004FF40072002120469B460BF0A7F90022E2
:1074D0000AF1030A1146234601E013F8011F9845FB
:1074E00001EB7606F9D12B682246594628465B6A9D
:1074F000984700288AD02B6822460BF10C012846B9
:107500005B6A9847002881D00BF101018A456AD156
:10751000231F04F5FE7243F8046F9A42FBD12B68D7
:10752000224628465B6A984700283FF46FAF2B68D5
:107530000BF10D01224628465B6A984700283FF46C
:1075400065AF2FB13B680C226C4938465B689847A1
:10755000069A0021019B2046002613444FF4007236
:107560009946059B4FEA83080BF058F923464FF0E4
:10757000FF3208F20728F821B7F1000B4FEA582A2A
:1075800003F8011B4FEA9838C4F8012018BF4FF0E8
:10759000010BDA605A609A60C3F80F2002E00136EE
:1075A000B24523D0B6FBF8F308FB136343B9BBF134
:1075B000000F05D03B680122514938465B68984767
:1075C0002B6809EB0601224628465B6A984700288B
:1075D0003FF41CAF002EE2D131464FF4007220463A
:1075E0000BF01CF9DBE78B46217874E7002F34D0D1
:1075F0003B680222434938465B689847059E079AD4
:107600000736F60806F2FF13B2EB532F4FEA532961
:10761000FFF4FDAE4FF40072002120460BF0FEF89F
:1076200007232370B9F1000F00F08A804FF00008A3
:1076300008E0B8F1000F01D184F8008008F10108DA
:10764000C1457BD9039A28462B6802EB08012246E4
:107650005B6A98470028ECD1D8E6059E079A073662
:10766000F60806F2FF13B2EB532F4FEA5329FFF44B
:10767000D4AE4FF40072394620460BF0CFF8072302
:107680002370B9F1000FD1D1039B079A0498991880
:10769000FFF79AFD00283FF4C0AE029A4FF4007342
:1076A0009340049A92689A423FF6B7AE4FF00208B0
:1076B000029B4FF40072002108FA03F9039B204655
:1076C00099440BF0ABF881220323049909F1FF39A7
:1076D00084F820208222237084F84020C4E90D869B
:1076E0004A684FF00108636562648B68A3650023F4
:1076F000E3650EE0C8070020640700207C07002037
:107700008C070020A4070020079B98453BD208F176
:1077100001082B6809EB0801224628465B6A984756
:10772000064600283FF472AEB8F1010FECD14FF4D9
:107730000072002120460BF071F8E8E7002FA3D07B
:107740003B681622144938465B689847039B079AA2
:1077500004989918FFF738FD00283FF458AE029AB4
:107760004FF400739340049A92689A423FF64FAEEA
:107770000A493846FFF7BAFC98E74FF48072CDF813
:1077800008800792A1E5002F3FF448AE044938462F
:10779000FFF7ACFC42E600BF90070020A8070020DE
:1077A000B80700202DE9F0410C46154601F11E08EE
:1077B000AB89284634F8027F1BB9D5E901239A42E8
:1077C0000ED005F0C7F905F0D9FA0646384605F09F
:1077D000D5FA864209D14445EAD10120BDE8F081BD
:1077E000B7FA87F04009BDE8F0810020BDE8F081DC
:1077F0002DE9F04F90F8313083B08846002B4FD000
:1078000090F830300746012B53D9013A0B464FF020
:10781000020A00248E18DFF8A0B000225146384634
:107820000193FEF7A3FA00283AD00278C12A37D193
:10783000054600F11E09019B35F8020F24B300F53F
:10784000105292B2B2F5806F2AD20BEA8424C0F3B0
:107850000900204300F580301946324605F0F0F962
:107860000346E8B100244D45E6D10AF1010A97F834
:1078700030205FFA8AFA5245CFD2A3EB080098462F
:10788000002388F800300FE000F5205292B2B2F5E4
:10789000006F02D30028DFD1EFE7B2F5806F06D387
:1078A0000023184688F8003003B0BDE8F08F044686
:1078B000D9E70020E4E700BF00FC0F0070B50C46DC
:1078C00000234FF6FF75226819461E46A3812361E7
:1078D000626017E005F03EF9A84222D005F04EFAAA
:1078E0002369F203A189013342EA5602060A2361A1
:1078F00052FA80F083B2C0F34E0040EAC33016FA69
:1079000080F086B220460029E4D1D4E901239A42CE
:10791000E0D12069A6820138FE288CBF002001201A
:1079200070BD002070BD00BF2DE9F84F07468A46A4
:107930009146002942D0A1F10208D7F830344345DE
:1079400042D908F007030125C8F3C80B9D40EDB2EA
:1079500046464446D7F82C140022384601EB143131
:1079600005F0D0F8E8B10BF1FF3B834400F2FF10C3
:107970001BF8011F0AE04A452BD0A04510D0D7F8CC
:107980003054A54214D913F0FF050CD0013429421C
:107990004FEA4503A4EB0602EDD0A0452646EED102
:1079A0000120BDE8F88F58454FF00105E0D101E016
:1079B0000026344601254FF0000BCBE7D0F8208499
:1079C000D7F830344345BCD84FF000080125C346F2
:1079D000BEE7BAF1000F04D1B9F1010F08BFC7F833
:1079E0002064B01CBDE8F88F2DE9F8438046881E5E
:1079F00015461E468318D8F83024934237D8CEBB9C
:107A0000D8F82034834288BFC8F8200400F0070368
:107A10000124D8F82C74C0F3C8099C4007EB10313E
:107A2000E4B2012240468F1805F06CF8F8B109F174
:107A3000FF3E864400F2FF101EF801CF1CEA040F3F
:107A40008CEA040C4FEA440414BF01220022B24223
:107A50000DD0013D8EF800C018D014F0FF04EDD118
:107A60007045A1464FF00104E6D13946D9E7002020
:107A7000BDE8F883D8F820148B42C7D98142C5D31A
:107A8000934228BF0023C8F82034BFE70120BDE897
:107A9000F88300BFF8B5D0F8303401338B4201D2FF
:107AA0000020F8BD07460C4600F50476002505E0E9
:107AB000D7F8303401350133A342F1D3D7F8241479
:107AC0000022304601EBD41105F01CF8A400002878
:107AD000E6D0C4F308040459631CE9D1681CF8BD5E
:107AE00038B50C460B6890F845C400F50470D0F822
:107AF0002812023B656803FA0CF3294003EB51237B
:107B0000D0F81C12194404F0FDFF18B16368C3F3E8
:107B10000803184438BD00BF2DE9F8430C46D0F8DF
:107B2000383449680B4011446160134490F845149F
:107B300001F10902D2B2D3402BB380465D1E00F59D
:107B4000047905E02368013D03F1010323601AD3A2
:107B5000267A002EF6D1D8F83034324627684846C7
:107B600001339F4212D8D8F8241401EBD71104F046
:107B7000C9FFBF0050B1C7F30807C3595A1C09D049
:107B8000013D2360E4D20120BDE8F8834FF0FF30CF
:107B9000BDE8F8833046BDE8F88300BF38B5D0F8BB
:107BA000303401338B4202D24FF0FF3038BD0C46E7
:107BB000D0F82414154600F50470002201EBD4110E
:107BC00004F0A0FF0028EFD0A400C4F30804035978
:107BD0005A1C02D001202B6038BD002038BD00BFE8
:107BE00001291BD938B5D0F830340C4601338B420B
:107BF00001D2002038BDD0F82414154600F50470D9
:107C0000012201EBD41104F07DFF03460028F0D0DF
:107C1000A4000120C4F308041D5138BD00207047A2
:107C2000D0F830340133994201D9002070472DE952
:107C3000F04F054683B00C4600F504790F464FF02F
:107C40000008D5F82414002248464FEAD41B01EB63
:107C5000D41104F057FF90B1A300C3F30803C25836
:107C60000193531C16BF16464FF0000A4FF0010A4D
:107C7000012C04D9D5F830240132944203D90020D4
:107C800003B0BDE8F08FD5F82414012248465944CA
:107C900004F038FF0028F2D0019B40F80380BAF1CD
:107CA000000F12D00134B44208D00023E21B394641
:107CB0002846FFF799FE0028E1D03746D5F8303442
:107CC0000133B342DBD33446BBE7621C534639462B
:107CD0002846D21B03B0BDE8F04FFFF785BE00BFBA
:107CE0002DE9F84300250646D0F82C1400F5047859
:107CF0002C46002240464F1C04F004FFA8B100F1BE
:107D0000FF3E04F58059D6F8300405E079B908340F
:107D1000844209D24C4516D01EF8011FFF29F5D127
:107D2000083408358442F5D3401BBDE8F8830822A7
:107D3000012319424FEA430C18BF0135013A5FFA9B
:107D40008CF3F6D1E3E73946D3E700BFF8B500235B
:107D50004FF0FF3600F504771546C0F8401404468E
:107D600041601A46C0F81412194680F84434037072
:107D7000C66080F81032C0F81C62384604F0C2FEBB
:107D8000042D0DD8064658B1BDB16B1E00EB031390
:107D900093F8BE2112F07F0202D193F8C2310BB9E1
:107DA0000020F8BD00EB05163846D6F8B651294636
:107DB00004F0A8FE06460028F2D005221A49F01C5D
:107DC0000AF07EFD0028EBD196F86C30092BE7D144
:107DD000336D01462B44C4F82434736DC4F8283441
:107DE000B36D2B440125C4F82C34F36DC4F8303442
:107DF000336EC4F8343496F86D20C4F8200420465D
:107E000002F1090384F8452405FA03F35A1EC4F865
:107E10003C34C4F838242A46FFF786FD4023284620
:107E200084F84434F8BD00BFD807002010B50446DC
:107E3000D0F83414FFF72EFE94F845340933DBB242
:107E4000984010BD70B590F9023082B00446002B06
:107E50000DDBA56805F1280004F028FE00283BD1C1
:107E60006378002043F00103637002B070BD806846
:107E70000122A169283004F045FE0028F0D0A58831
:107E800005F00F056B0100EB4515C35CE52BE7D052
:107E900023781B0701D5E369EB61236A15491A0CA6
:107EA0006B830E68AA8266B10DF103020DF1060123
:107EB00001A8B047BDF80430BDF806202B836B82C3
:107EC000EA82A378A56803F07F0305F12800A37078
:107ED00004F0ECFD0028C3D005F50E7004F0E6FDBB
:107EE0000028BDD0286803681B6A98470028B7D0CF
:107EF000BBE700BFD4920020024638B552F8105FAD
:107F000004468068294602F021F950B155B1236931
:107F10000135AB42A37818BF03F0BF0363F07F03C2
:107F2000A37038BDA37843F04003F7E7F8B50478B1
:107F300014F0200404D11A4B054642699A4202D338
:107F400000273846F8BDFFF7D7FF07460028F7D0CF
:107F5000A8682E698279023E416996400E440179F3
:107F6000A9B1214606E00AF059FCA868E1B20279FD
:107F70008A420BD9314405222830013404F0C2FD75
:107F80004FF4007200210028EDD1D9E782794FF437
:107F9000007369693846934011FA83F36B61F8BD49
:107FA00000FE1F0010B5044680680A462830A1690B
:107FB00004F0A8FD20B1A38803F00F0300EB4310E9
:107FC00010BD00BF10B5037804462BB1FFF73AFF90
:107FD00000232370A37010BD002301202370A37021
:107FE00010BD00BF38B5037805460C4613B1FFF746
:107FF00029FFF0B1A8680022A969283004F082FDA9
:10800000B8B1AA8802F00F0200EB421352015D687A
:1080100080589968DA6820606560A160E26018693C
:108020005D699969DA69206101206561A161E26198
:1080300038BD002038BD00BF30B589B00D461446AC
:108040006946FFF7CFFF28B1BDF81020BDF80E300C
:108050002A80238009B030BD30B589B00D46144662
:108060006946FFF7BFFF28B1BDF81820BDF81630EC
:108070002A80238009B030BD0B7813F0700F01D136
:1080800000207047F0B540F6022389B00D46044643
:1080900001F0F0F838B1012210232046A2702370BD
:1080A000FFF744FF10B9002009B0F0BD2269237822
:1080B00022626BB1636933B1A378002223F02003FD
:1080C000C4E90422A3702046FFF7BCFE0028EAD0D2
:1080D000A0680122A169283004F014FD0028E2D034
:1080E000B4F804C010220CF00F0C4FEA4C1300EB54
:1080F0004C1C8CF80B20C058A768236A97F806E040
:108100009E1EDCF80410DCF80820DCF80C3006FABF
:108110000EF6EE46AEE80F00DCF81000DCF81410A6
:10812000DCF81820DCF81C30AEE80F007B6907F1A2
:1081300028000122F1184FF02033CDF80130CDF89E
:108140000530ADF8093004F0DDFC84460028AAD0E3
:108150002E27EE468DF800707646BEE80F00CCF86C
:108160000000CCF80410CCF80820CCF80C308DF8C6
:108170000170BEE80F00CCF81000CCF81410CCF859
:108180001820CCF81C302B6A1A0CADF81A30ADF858
:1081900014200FCECCF82000CCF82410CCF82820E6
:1081A000CCF82C300FCECCF83000CCF83410CCF812
:1081B0003820CCF83C30A46804F1280004F076FCA8
:1081C00000283FF470AF04F50E7004F06FFC002837
:1081D0003FF469AF206803681B6A09B0BDE8F0404E
:1081E000184700BF2DE9F041002694B09846037867
:1081F0000192ADF814600B96002B41D10B780D461F
:1082000013F0700F3CD01378044616462F2B3BD04A
:10821000002728E0019E3678002E50D001F02AF881
:10822000034602AA294620462BB9B8F1000F27D0F1
:10823000FFF722FF20B3A6460DF12C0CBEE80F007D
:10824000ACE80F00BEE80F00ACE80F00DEF800500D
:1082500020462378CCF800500BB1FFF7F3FD019EC8
:108260000BAD2770A770314601AB02AA204601F082
:108270004DF9064602AA294600232046002EC9D100
:10828000002014B0BDE8F0810136019633782F2B21
:10829000FAD0AD68242200210BA80AF0BFFA0D9590
:1082A000EB79102B03D0202B0FD00C2BE8D12023FF
:1082B0008DF82C3001230BAD8DF82E30A8E702AAE3
:1082C000FFF7DAFE14B0BDE8F0814023F0E700BF0D
:1082D0002DE9F041002594B098460378019202956B
:1082E000ADF83850002B37D10B780E4613F0700FD5
:1082F00032D01378044615462F2B31D000271EE0CC
:10830000019D2D78002D40D000F0B4FFA6460DF160
:10831000080C08B366462578BEE80F00ACE80F00ED
:10832000BEE80F00ACE80F00DEF800302046CCF8C5
:1083300000300DB1FFF786FD019D2770A77029461B
:1083400001AB0BAA204601F0E1F805460BAA314625
:1083500000232046002DD3D1002014B0BDE8F081C9
:108360000135019529782F29FAD0A9B9B5682422B9
:1083700020460AF053FAA560EB79102B03D0202B8E
:1083800022D00C2BE8D120221FE043460BAA00F09C
:1083900071FF14B0BDE8F081B6682422002102A864
:1083A0000AF03CFA0496F379102B03D0202B03D06B
:1083B0000C2BD1D1202300E040238DF8083001237D
:1083C00002AE8DF80A3099E7402201232270184648
:1083D000A370C2E719B101F58961FFF779BF0846BB
:1083E000704700BFCB6870B50D46044693B9067858
:1083F0000EB1184670BD8D68242231460AF00EFA7F
:10840000A560EB79102B18D0202B10D00C2B14D09A
:10841000304670BD242200210AF000FA012010230A
:10842000A0702370D5E90223A260236270BD4022B0
:10843000012322701846A37070BD2022F8E700BF08
:1084400070B505780DB1002070BD0E46044624229B
:1084500029460AF0E3F9A660F379102B0BD0202B04
:1084600003D00C2B07D0284670BD40220123227078
:108470001846A37070BD2022F8E700BF2DE9F04F29
:108480002DED028B837883B00546DF0740F18C80A9
:108490008846017892460E0700F191808C0608D537
:1084A00083685A894369C3EB42139BB29A4528BF3C
:1084B0009A46BAF1000F00F0AF806A6905F1100327
:1084C000880656464FF0000908EE103AAF68C2F32E
:1084D000080B3DD5396A01EB5221BBF1000F51D198
:1084E000B6F5007F4ED37A6B91424BD0B6F5806FD4
:1084F000C0F082802878730A800605D43879A0EB12
:108500000900834228BF034691424FEA43240CD816
:10851000C818824209D207F12800CDE9001304F0FF
:10852000C5FADDE9001300283ED0F86A02685769F1
:108530004246B847002837D06A69361BA044224417
:108540006A6169D02978C2F3080BAF688806C1D484
:1085500097F8059009EA5229BBF1000F36D1B9F11D
:10856000000F33D1002A33D14A064CBF3A6A2A6A37
:108570002A61023AB8797969824049441144BBF1D1
:10858000000FADD0CBF50074002207F12800B442F3
:1085900028BF344604F0B6FA30B100EB0B01224696
:1085A000404606F0C7FAC7E76B784FF0FF3043F05C
:1085B00002036B7003B0BDEC028BBDE8F08FC369A2
:1085C00042699B1A9A4528BF9A4672E72A69D0E702
:1085D0000B0705D5AA78540602D52A690132C7E7E8
:1085E00018EE102A3846296901F0FEFD0028DBDB71
:1085F0000CD0AF682A69BCE7F86A424603681B6979
:1086000098470028D0D04FF4007495E72B7813F0EA
:10861000700FC9D0AAEB060A504603B0BDEC028B1E
:10862000BDE8F08F70B582B0012204460DF107015C
:10863000D0E90456FFF722FF01280CBF9DF8070080
:108640004FF0FF30C4E9045602B070BD436913F423
:10865000F07F30B5044683B0C3F3431509D0012938
:1086600007D120334361A068383000EB451003B0D8
:1086700030BD01220DF107012046FFF7FFFE40B299
:10868000012803D163691F336361ECE70020EEE743
:108690002DE9F04103789AB0002613F0180F0896E0
:1086A000119606D0174683688A6804460D469A429A
:1086B00003D000201AB0BDE8F081FFF7C3FBA64647
:1086C0000DF1440CBEE80F00ACE80F00BEE80F004F
:1086D000ACE80F00DEF800303246A169CCF800307B
:1086E000A36803F1280004F00DFA0028E1D0A28865
:1086F000EC4694F8008002F00F0200EB421E52019B
:10870000DEF804108058DEF80C30DEF80820ACE803
:108710000F00DEF81410DEF81820DEF81C30DEF84A
:108720001000ACE80F0018F008033A46294640F064
:108730009B8008A8FFF756FD0028BAD0109EBDF810
:10874000243000250E990122A3809DF82330A068D3
:10875000E3700B9B2830A161E3608DF820508DF809
:10876000225004F0CFF90028A3D0A38803F00F0310
:1087700000EB4310DDF80D30C0F80D30DDF811309E
:10878000C0F81130DDF81530C0F81530DDF81930BB
:10879000C0F81930BDF81D30A0F81D309DF81F300D
:1087A000C3779DF80B30C372002E3BD0A068B31E78
:1087B0002A46817928308B4050F8141C194404F063
:1087C000A1F9054600283FF474AF006A6F46696A54
:1087D000AA6AEB6A0FC7286B696BAA6BEB6B0FC7B2
:1087E0003146A06801F022FD00283FF462AFA06886
:1087F000236A82792830023B50F8141C93400122EE
:10880000194404F07FF9064600283FF452AF6D4644
:108810000FCD30627162B262F3620FCD306371636B
:10882000B263F36300210222082311A819918DF885
:1088300046208DF8443000F0D3FE00283FF439AFD5
:10884000A46804F1280004F031F900283FF431AFA6
:1088500004F50E7004F02AF900283FF42AAF2068CE
:1088600003681B6A984725E740F601236046FFF737
:108870002FFD00287FF463AF1BE700BF0378DA0603
:1088800001D400207047436930B5044683B033B14A
:108890008378002223F02003C0E9042283700023A0
:1088A0000FE06361A3686A0138339A5C03EB4513F8
:1088B000EAB1E52A04D02E2A02D0DB7A1B0722D5A2
:1088C000636913F4F07FC3F3431503F12003E8D188
:1088D00001220DF107012046FFF7D0FD40B201282B
:1088E00003D163691F336361DCE763785BB9A37805
:1088F0000822204643F002032270A37003B0BDE8B3
:10890000304000F06DBE002003B030BD2DE9F041D5
:10891000037804460769002B39D00D464169A94206
:1089200042D0002D37D018072AD5E269AA422ED3AB
:10893000D4F808C06E1EA2789CF8060012F0400F12
:1089400000F10900C0B226FA00F630D14A1EC2403A
:1089500009B196422FD25B064CBFDCF82030236A67
:10896000236104F1100806E02169013EA06801F0CE
:108970003BFC00280BDD4246002EF5D1A2780CE02E
:108980009A06D5D5A3685B89B5EB431FF6D90020BD
:108990002761BDE8F0818278056122F02002012084
:1089A0006561A270BDE8F0810120BDE8F081236A15
:1089B00033442361F1E7B61AD3E700BF2DE9F04154
:1089C0000E46154600212422044698469DF818704C
:1089D00009F024FFB068336A00F13802A58005F081
:1089E0000F0502EB4512C4E90203D17A0B0711D43B
:1089F00001F017012170D37A13F0180F02D141F062
:108A00000801217008F00303E770012B38D0022B16
:108A100006D0F3B1002318462370A370BDE8F0819F
:108A200003232178CD06F5D4CE07F3D408F008014E
:108A300018F4806F43EA0103A370416B958AA1612A
:108A4000518B41EA054112D019BB63F07F03A3703B
:108A500010E018F4806FDDD108F0080343F0010343
:108A6000A370416B938AA161518B41EA034121625A
:108A7000D369E36118F4804F04D10120BDE8F0818F
:108A80000223CEE7E1692046FFF740FF0028F4D13A
:108A9000C0E701F0CBFB0028BCD0A378D5E700BF2E
:108AA0000378002B45D12DE9F0470B7884B00C46B4
:108AB00013F0700F30D04B6913F01F052CD1064610
:108AC0009046A94601220DF10F012046C3F3431A37
:108AD0005F09FFF7D3FC40B24FEA4A1201281BD1CD
:108AE0006369A1681F3301F1380C63611CF802202F
:108AF0000CEB4A1C82B12E2A12D0A2F1E500B0FA8A
:108B000080F0400960B99CF80B1011F0080E12D0EB
:108B10000F2907D00546D5E7002004B0BDE8F0874F
:108B20000025CFE75106CDD502F01F059CF80D902A
:108B3000C8E70020704785B10CF10A0101E01CF87C
:108B4000012F4FEACE13614543EA5E0352FA83F3E5
:108B50005FFA83FEF3D1CE45DED14346BAB2214659
:108B600030460095FFF72AFFD7E700BF03780BB127
:108B7000FFF768B9012070472DE9F0470E460178EC
:108B800082B009079DF828709DF82C909DF830A0C0
:108B90009DF8348018D5A2F2BC7294B27F2C13D801
:108BA0005A1E01930B2A0FD87A1E1E2A0CD8BAF12E
:108BB0003B0F98BFB9F1170F06D8B8F13B0F03D898
:108BC0000546FFF73FF918B9002002B0BDE8F0876D
:108BD000A8680122A969283003F094FF0028F3D087
:108BE000019B4FEA5802A98847EA4313F70701F0AF
:108BF0000F0142EA4A1243EA442300EB41109BB2C0
:108C000042EAC92248BF4382B40792B208D518F09D
:108C100001080382C28118BF4FF0640880F80D80FC
:108C2000710701D50383C282AC6804F1280003F008
:108C30003DFF0028C8D004F50E7003F037FF002870
:108C4000C2D0206803681B6A02B0BDE8F04718472D
:108C500083789B0727D5036A10B5044682B0ABB171
:108C6000016911BB019301621946A06801F0DEFAA7
:108C7000B0B1A378616963F07F032278E161A370EA
:108C800022B12046FFF7DEF802B010BD012002B08D
:108C900010BD6FF070422169A06801F0B7FA68B9A1
:108CA000002002B010BD00207047002301AA806898
:108CB000019301F099FA0028F2DBEAD1019B002B25
:108CC000D7D0D1E72DE9F047837805469C0777D5C3
:108CD00088461907914600F1B5806B6913EB0902CC
:108CE0006ED2B9F1000F40D04F464FF0000AA8688D
:108CF000C3F308062969447914EA53243FD1002EAE
:108D00003DD100296ED0AA78520676D5EA699A42FA
:108D100073D901312961023982794369914019443B
:108D2000B7F5007F53D3B7F5806F70D303797A0A14
:108D30001B1B934228BF1346426B8A424FEA4324CF
:108D400007D35E18B24204D24FF0FF3280F828A059
:108D50004263C06A42460668B66AB04780B36B6930
:108D60003F1BA04423446B61C1D1EA699A4276D289
:108D7000AA784846EB6162F07F03AB7025E0827908
:108D800002394369914019442144002EC8D0C6F5E8
:108D900000740122BC4228BF3C46283003F0B2FEDA
:108DA00070B1304426442246414605F0C3FEB6F574
:108DB000007FA868D3D1283003F078FE0028CED1F8
:108DC0006B78002043F001036B70BDE8F087C6F5B7
:108DD00000746A69EB69BC4228BF3C469A4205D3DD
:108DE0000522DAE7296A21B3296194E7AB7813F009
:108DF000200F14BF05220122CFE705F1100201F078
:108E0000F3F90028DCDB24D0A868296983E7436BE9
:108E10008B4204D14FF0FF3380F828A04363C06A2F
:108E2000424603685B6A98470028C9D04FF4007433
:108E300095E72846FFF760F80028C1D02969A8689F
:108E4000296268E7C169FFF761FD00287FF445AF3B
:108E5000B6E72846FFF750F80028D5D1B0E7054B14
:108E60001B682BB1AB78484663F07F03AB70ACE76F
:108E70004846AAE7D49200202DE9F04F84468DB0F1
:108E80001446156898460646894603AF01934FF08D
:108E9000000EBCE80F000FC7BCE80F000FC7DCF8DE
:108EA000003065603B604346A4F80CE0002B3FD0E7
:108EB0004FF0010AA9EB0A0103A889B24901FFF7A3
:108EC00025FD50B3002103A8FFF7C0FB074620B3E0
:108ED00000250DE003F03EFE8046584603F04EFFAD
:108EE0008346404603F04AFF834516D10D2D18D026
:108EF000EAB239463046013500F0E4FEA3898346E4
:108F00002046002BE6D1D4E901329342E2D1BBFAEC
:108F10008BF040090DB0BDE8F08F00200DB0BDE82A
:108F2000F08F0AF1010A019B5FFA8AFA5345C1D218
:108F30000120EFE72DE9F04F07468DB016469A461F
:108F40000DF10C0C02F1150402F1200501914FF016
:108F500000090FCFACE80F000FCFACE80F003B6863
:108F6000CCF800304FEAC91314F8012F43EA590333
:108F7000A54252FA83F35FFA83F9F3D133684FF0D5
:108F800000087360A6F80C80BAF1000F4ED00127DC
:108F9000019B03A8D91B89B24901FFF7B7FC002840
:108FA00055D0002103A8FFF751FB00284FD0059AA8
:108FB000574500F1010B4FF0010492F828304FF0B3
:108FC000000543F0010382F828304FF00F030CBF77
:108FD00047F040023A46C3724FF000030270037339
:108FE0004FF0000380F80D90438306E0ABF80000DB
:108FF000013401350BF1020BE4B2B08918B9D6E99E
:1090000001239A4216D0304603F0A4FD042DEBB2A2
:10901000ECD90A2B02D8ABF80300E9E70D2CABF82A
:109020000500E5D10137FFB2BA45B1D201200DB03C
:10903000BDE8F08FB8F1000F06D008F101084FF637
:10904000FF705FFA88F8E1E74FF00108DEE70020E3
:109050000DB0BDE8F08F00BF02464FF0203152F84E
:10906000163B2DE9F043C0F816108646846851601F
:10907000C2F807101A782E2A14BF0120002003D14D
:1090800013F8012F2E2AFBD0611E99420BD90A46F4
:1090900002E09342114606D01146013A91F800C011
:1090A000BCF12E0FF5D19C424FF0000540F28680B6
:1090B00007260827A946A84606E001330A264FF0EE
:1090C000080910279C425BD91A782E2A08BF9942BA
:1090D000F3D0222A0DD07C2A0BD0A2F15B0CBCF17C
:1090E000020F06D9A2F12A0CBCF1050F21D82D2AB6
:1090F0001FD002F0C002802A5DD04E452FD2994287
:109100002CBF002001200A2E08BF40F001000028DB
:1091100047D09EF81630202B40D09EF81430012006
:109120007E21312273448EF815009975DA75BDE8F9
:10913000F083A2F13A0CBCF1050FDAD9A2F1210CAF
:10914000BCF15D0FD5D84E45D9D3A2F1610CBCF16D
:10915000190F28D8203A3D43D2B2EDB201E00020E9
:109160005F2209F1010CF144013389F816205FFAFE
:109170008CF2062A914698BF8EF814209C42A3D800
:109180009EF81630202B09D00028C6D018EA050F0B
:1091900018BF02258EF81550BDE8F0830020BDE809
:1091A000F0830B468EE7A2F1410CBCF1190F98BF7A
:1091B00047EA0808D5E70133002083E7A846DFE740
:1091C0002DE9F84F4FF0620900250F460446DFF8FD
:1091D000A0B04FF07E0A91F8148001F11606B8F1A4
:1091E000030FDBF8003028BF4FF003082B449DB27B
:1091F00008F10403DBB205F00F02581E2D09092AFD
:1092000002F1370198BF02F13001FA18C3B291752B
:109210009845F0D107EB08030021204683F816A0FB
:10922000FFF774FB01212046FFF710FA03460B22DB
:1092300030469BB193F800C01946BCF1000F13D023
:10924000DB7A1B07EED409F03DFA0028EAD109F1D8
:10925000FF3919F0FF09C2D1484603E06078B0FA3F
:1092600080F04009BDE8F88F0120BDE8F88F00BF0D
:10927000DC1C01202DE9F04F2DED028B8BB0CDE9E8
:1092800002038B6807930B7813F0700F53D0029B87
:109290001B78002B4FD1136990469A4A0E460C3327
:1092A000A2FB0323C3F3870298F8153098070492B2
:1092B00000F0A780571CFFB20023304619461C4619
:1092C0000693FFF723FB08F11603A346A146A24627
:1092D00008EE103A0594756900213046FFF7B6F99B
:1092E000C5F34F15034620B30278E52A29D042B3CF
:1092F000BC4238BF00242E2A2BD090F80BC0BCF102
:109300000F0F54D01CF0080C23D1B9F1000F40F01E
:10931000D5800B2218EE101A09F0D4F90028DAD102
:1093200098F8153013F0010300F0E4800123059351
:10933000D1E7737883B100200BB0BDEC028BBDE8A0
:10934000F08F002C08BFAA46BC4201D20134E4B21F
:1093500012B14FF00009BEE7039B9A05EBD503F06D
:109360000303013B012BE6D8002C08BFAA46BC42F0
:1093700003D348E0DCB2A74245D000213046FFF7D6
:1093800065F9631C0028F5D17378002BD3D1A7426F
:1093900039D9079D05E02B7904EB0314E4B2A74209
:1093A00031D93046FEF7C2FD0028F4D1C3E7B9F148
:1093B000000F19D102F01F0B049959458BD112F0FF
:1093C000400988D0437B89460693BBF1010F82D1C7
:1093D000691C4B464246304689B2FFF74DFD0028D6
:1093E00008BF4FF0000976E70BF1FF3B5FFA8BFBFC
:1093F0005A45AED1437B069A9342E6D04FF000091E
:1094000069E7012758E7059B2BB141463046FFF736
:10941000D7FE00288FD0013F42463046FBB20AEB10
:1094200003051F46ADB22946FFF784FD002882D010
:1094300069013046FFF76AFA00283FF47CAF00214B
:109440003046FFF703F9044600283FF474AF2022AA
:10945000002109F0E3F9D8F81620D8F81A30226074
:10946000636098F82030B8F81E20A372228198F823
:10947000153003F018032373234B1B68002B3BD0DC
:109480000DF123020DF1260109A89847BDF82430FB
:109490002382BDF82630E3819DF823306373079A59
:1094A00092F8283043F0010382F82830039B2A46C3
:1094B000314602980097FFF781FA3DE7BBF1010FB3
:1094C0007FF439AF0A3001E013F8012F4FEACC11D5
:1094D000984241EA5C0152FA81F25FFA82FCF3D1D0
:1094E000069B63457FF427AF4F46039B19053FF565
:1094F00022AFDBE71F46F8E745F6214323822383AB
:109500006382CCE74FECC44ED49200202DE9F041A9
:109510001F460B7882B00C46202B154603D114F859
:10952000013F202BFBD02C60237863B32F2B2AD054
:109530004FF00008294E211D204601AA03F0D2FB5E
:10954000044670B1019BB3F5803F40D27F2B08F1F8
:10955000010831D83C2BD9B229D8212905D81F2997
:1095600009D8002002B0BDE8F0812239C9B226FA3C
:1095700001F1CA07F5D42E2B01D0202B1CD1237862
:109580000BB12F2BD7D12B69013BFE2BE9D82378C8
:10959000202B03D114F8013F202BFBD02F2BF9D027
:1095A00028463C6002B0BDE8F041FFF755BD5C299C
:1095B000D7D005D97C29D4D0C5F81080AC60DEE7BF
:1095C0003E390129F8D8002002B0BDE8F08108F149
:1095D0000208AC60C5F81080D1E700BF012100058A
:1095E000F0B500238BB0019383789A0724D5016AE4
:1095F000054619B1806800F019FEE8B1012128463E
:10960000FEF7D0FCC0B1421E00F10A0C0024E301B9
:1096100012F8011F43EA5403944551FA83F3DCB274
:10962000F5D1E52600230670AF682B7007F12800FE
:10963000AB7003F03BFA10B900200BB0F0BD07F59A
:109640000E7003F033FA0028F6D0386803681B6AFE
:1096500098470028F0D0EB78002BEED0294601A8DF
:10966000FEF7C0FE0028E7D0EB78002BE4D00127FE
:1096700021E001A8FEF7EAFF7B1CF9B20028DBD04D
:10968000C27A0F2AD8D102785FFA83FC9FB202F027
:109690001F038B42D0D1437BA342CDD10670A96872
:1096A00091F8283043F0010381F8283053060DD497
:1096B000EB786345C0D3A98801A8C91B89B24901C9
:1096C000FFF724F900210028D3D1B5E7AC6804F1F5
:1096D000280003F0EBF90028AED004F50E7003F07B
:1096E000E5F90028A8D0206803681B6A9847A4E71A
:1096F0002DE9F843DDF82090A2B105460C469846C6
:10970000571801E0BC420DD02B68204649465E6ADE
:10971000C0472146024628460134B0470028F1D10F
:10972000BDE8F8830120BDE8F88300BF486810B5A4
:109730000C4630B10B894A8901339BB29A420B81A6
:1097400001D9206810BD0368012203495B6898476E
:1097500000232068238110BD8C0700202DE9F04FE5
:10976000054687B08846924600214FF40072406A51
:1097700009F054F8286A28B103680C223A495B685A
:109780009847286A6B6A4FF00009EE690AF1FF32C8
:10979000DFF8E0C0E968ADF814904C1CCDE9033067
:1097A0004FEA5A13ADF816303368DF6A674526D1A1
:1097B0006AB301EB0A07DFF8C0A00AE02146039A6A
:1097C00030460134D84700283FD0A7421ED0336826
:1097D0000498D3F824B00028F0D0BDF81430BDF8B8
:1097E000162001339BB29A42ADF81430E6D80368D4
:1097F000514601225B689847ADF81490DEE703AB51
:10980000214630460093194BB847F0B1286A20B181
:109810000368022216495B689847B8F1100F4FF0B1
:10982000F8016A6A4FF001030CBF04200C2011708C
:10983000FF216A6AD15401339842FAD1E8696A6A11
:109840000368E9685B6A984718B9002007B0BDE86B
:10985000F08FD5E90231E86919446A6A03685B6AE6
:10986000984707B0BDE8F08F7C0700206D770000B7
:10987000A4070020317700008C07002038B5436A28
:109880004FF40075044600212A46184608F0C6FF2A
:109890004FF02031EB22A0F80B50C0F80310034624
:1098A000C0F807109021027076209970022258703B
:1098B00094F82B1059734AF65521208D1A74F8220A
:1098C000D8815A752269DA61A269A3F8FE111A6279
:1098D00038BD00BF70B504464FF400720021406AE5
:1098E00008F09CFF656A2269216805F2BF1003F049
:1098F00057F9A369226905F2C31021681A44013A95
:1099000003F04EF994F82A204AF6552385F8C2212F
:109910002269E069C5F8C621626AA169A5F8FE312D
:109920000368C5F8CA1100215B6ABDE8704018479A
:1099300070B546694FF4807390F82BE00446A6F5A5
:109940008072456A4360B2FBFEF202F2011C4FEAEC
:109950001C214FEA410C81600CF1A10098420ED904
:109960008033F21AB2FBFEF202F20111090A4FEA49
:10997000410C0CF1A1008342F2D3C4E901311B1A5E
:10998000A2F6F57103F18000B1F5704F20614FD25E
:109990000CF1210C8133204602FB0EC2E360B2F5CC
:1099A000803FA26134BF0423062384F82A300123B8
:1099B0002385FFF78FFF08B9002070BD2046FFF711
:1099C0005DFF2922A1684FF0203385F8262046222A
:1099D000C5F82F30802085F836205422C5F82B306A
:1099E000C5F83230312385F838203622E98241210A
:1099F00085F8393085F837104FF4007185F8240068
:109A000085F83A200F4BE069C5F827300368A5F8C0
:109A10001110626A21695B6A98470028CCD062689D
:109A20002046E3681021D21ABDE87040FFF796BEC9
:109A3000206A0028C0D00368132203495B68984756
:109A4000002070BD87D6120050070020F8B5466987
:109A50004FF4005390F82BC04FF48042A6F580419C
:109A6000036142F2090E0446456A4260B1FBFCF113
:109A700001F18103DB0983600EEB4300904240F269
:109A8000B68002F50052B11AB1FBFCF101F181037D
:109A9000DB090EEB43005F008242F2D3C4E90123ED
:109AA0004FF6F473994240F2978001FB0C2CA2F51B
:109AB00000522046D21B92B202F5005322854D4A35
:109AC000E360ACF50053944594BF4FF00B0C4FF09E
:109AD0000C0CA36184F82AC0FFF7FCFE08B9002033
:109AE000F8BD2046FFF7CAFEA16829224FF02033B7
:109AF0008020696285F8422054214622C5F84B3007
:109B000085F840004120C5F84730C5F84E300223A3
:109B100085F85220332285F85410322185F85520DB
:109B200085F8530085F85610EB62E069324B334AF2
:109B30002B630368C5F843205B6A626A2169984712
:109B40000028CCD0E069216903680631626A5B6A4B
:109B500098470028C3D04FF400720021606A08F0D3
:109B60005DFEE069264A0368C5F8FC2121695B6A4D
:109B70000231626A98470028B1D0E0692169036820
:109B80000831626A5B6A98470028A8D04FF0FF331B
:109B9000E0691C4AC5E97A331B4B2A60C5F8E431F9
:109BA00003682169626A5B6A01319847002896D090
:109BB000E06921690368626A07315B6A9847002897
:109BC0008DD0A268204694F82B30202103EB42026E
:109BD000BDE8F840FFF7C2BD206A00283FF47FAF20
:109BE0000368132209495B6898470020F8BD5F00AD
:109BF00056E700BF0004FB000100060087D61200F4
:109C0000000055AA52526141727241615007002012
:109C100038B504460D68C16108466262EA6923628C
:109C2000904700F2FF736061DB0A062B236024D9A2
:109C3000102B13D80223B0F5800F84F82B30204668
:109C40002ED2FFF775FE0546206A05B320B10368E2
:109C50000D2219495B689847284638BD202B23D927
:109C6000402B23D9802B23D9B3F5806F22D9B3F5AC
:109C7000004F8CBF80234023DDE7206A20B10368BA
:109C800014220E495B6898470025284638BD0028F5
:109C9000FAD003680F220A495B689847284638BD06
:109CA000FFF7D4FE0546CFE70423C4E70823C2E745
:109CB0001023C0E72023BEE730070020180700204C
:109CC00040070020042A04D801EB4202B2F8010048
:109CD00070470A2A03D801EB4202908870470C2A89
:109CE00003D801EB4201C88870470020704700BFCD
:109CF000F8B504780E467CB114F06004174607D01E
:109D0000012A09D92F22002301200A704B70F8BDC7
:109D10002146FEF747F918B9002318463370F8BDFD
:109D20000346A446082111E0027B114203D00EF144
:109D3000200E5FFA8EFE651CBD42EDD20CF1010CC7
:109D400006F804E0ECB2BCF10C0F10D0BCF1080F27
:109D500011D013F801EBAEF14102192AE4D9BEF19A
:109D6000200FE8D10CF1010CBCF10C0FEED1002357
:109D700020463355F8BD1A78202AF8D010214FF02C
:109D80002E0ED8E72DE9F04F00248BB003788946DA
:109D90000194002B55D0C3780646002B58D00146BD
:109DA00001A89046FEF71EFB00284AD0F078002854
:109DB00043D008F1FF38CB464FF0010AC844B188C0
:109DC00001A8A1EB0A0189B24901FEF79FFDC0B3CA
:109DD000002101A8FEF73AFC98B3C37A0F2B30D1CB
:109DE00003785FFA8AF103F01F038B4229D1471CE5
:109DF0000025042DEBB23FD83B8874BB03F52051FE
:109E000089B2B1F5006F3ED3A3B118465946424618
:109E100002F016FF8346A0B10024013502370D2D54
:109E2000E7D10AF1010AF1785FFA8AF31FFA8AFA98
:109E30009942C4D2ABEB0900D946002389F800301F
:109E400003E00023184689F800300BB0BDE8F08F1E
:109E5000FFF74EFF0BB0BDE8F08F03F5105189B24C
:109E6000B1F5806FEDD20A4AC3F3090302EA8420F8
:109E7000184300F58030C9E70A2B94BFB7F80330C8
:109E8000B7F80530B9E7B1F5806FDAD21C46C4E700
:109E900000FC0F00FFF776BF2DE9F843DDE90887E6
:109EA000C3B181460C4615465E1802E0C047B44275
:109EB00010D0D9F8003021462A4648461B699847F9
:109EC00003463A46204629460134002BEED1184677
:109ED000BDE8F88301231846BDE8F88310B4146880
:109EE000B4F5807FA44628BF4FF4807C01EB4C0082
:109EF000814207D231F8023B13B9536801335360F2
:109F00008842F7D8A4EB0C0414605DF8044B70474A
:109F100010B41468802CA44628BF4FF0800C01EBCD
:109F20008C00814207D251F8043B13B953680133C6
:109F300053608842F7D8A4EB0C0414605DF8044B1E
:109F4000704700BF2DE9F843C37904460D46174614
:109F5000202B59D0102B30D00C2B51D1027AC1F3C9
:109F60004E01836900F50E7911FA85F1A2F1020222
:109F700048468EB2B2FA82F2C1F34621520901EB91
:109F800003085200414602F0BDFD002838D0C6F358
:109F90000806731C865DB3F5007F23D01844037850
:109FA000EA07E26946EA03234CBF1B09C3F30B032C
:109FB0009A4240D20020BDE8F883027AC1F307211B
:109FC000836900F50E70A2F102021944B2FA82F21E
:109FD0005209520002F096FD90B16D0005F4FF7534
:109FE000435B25E0227A08F101014846A2F1020212
:109FF000B2FA82F25209520002F084FD0028CED15A
:10A000004FF0FF30BDE8F883027A816900F50E70E9
:10A01000A2F1020201EBD511B2FA82F2520952000A
:10A0200002F070FD0028EBD0AD0005F4FE75435939
:10A03000E2699A42BED301203B60BDE8F88300BFCD
:10A040002DE9F843C37905460C461646202B48D027
:10A05000102B2DD00C2B41D1C1F34E01836900F59B
:10A060000E7911FA84F11FFA81F8C1F34621CF1855
:10A07000037A4846022B394614BF0122032202F01C
:10A0800041FD58B314F00104C8F308033FD0C25C8B
:10A0900002F00F0242EA0612C2540133B3F5007F08
:10A0A0003AD0C6F30712034401201A70BDE8F883C2
:10A0B000027AC1F30721836900F50E70022A194460
:10A0C00014BF0122032202F01DFD034630B16400DB
:10A0D000012004F4FF741E53BDE8F8830020BDE89E
:10A0E000F883037A816900F50E70022B01EBD4111D
:10A0F00014BF0122032202F005FD03460028EDD023
:10A10000A400012004F4FE741E51BDE8F883C65477
:10A110000133B3F5007F15D12B7A791C4846022B09
:10A1200014BF0122032202F0EDFC03460028D5D023
:10A13000C6F30712002CB7D1197821F00F0141EABC
:10A140001212B1E7C6F307120344F5E72DE9F04117
:10A15000C46882B005460E468C42904640D3012723
:10A160000134EB6901AA2846A34205D29FBBEC68E3
:10A1700001273C44A3422ED3A64218BF012C2146FE
:10A1800029D9FFF7DFFE002825DBE9D0019B002B52
:10A19000E6D107B1EC60EB69A3421CD36FF07042CB
:10A1A00021462846FFF74CFF0746A0B13EB96B6A2F
:10A1B000002B01DB013B6B62C8F800400CE0012E74
:10A1C00009D0EB699E4206D8314622462846FFF761
:10A1D00037FF0028EBD10027384602B0BDE8F081F8
:10A1E0000C460027BCE700BF01290CD910B4C46994
:10A1F0008C4203D35DF8044BFFF7A4BE4FF0FF3051
:10A200005DF8044B70474FF0FF30704701290BD9C0
:10A2100010B4C4698C4203D35DF8044BFFF710BF40
:10A2200000205DF8044B70470020704770B505466C
:10A2300082B00C461DE0EB699C421FD8FFF782FEFE
:10A24000064621460022002E284617DBEB699C4279
:10A2500014D8FFF7F5FE621E80B16B6A002B03F184
:10A260000103A8BF6B62EB68A342019C88BFEA6050
:10A270002EB1012C214601AA2846DCD8002002B0CC
:10A2800070BD00BF2DE9F0470646406A84B0002843
:10A290001BDAF2790C2A1BD1F7697B1C022B40F2E6
:10A2A000CD8002240025214602AA3046FFF74AFE4F
:10A2B000002804F1010306DB57D1A7421C465CD0FD
:10A2C000F2699342EFD94FF0FF3004B0BDE8F08758
:10A2D000F169002096F8383201313469DB07CDE9A5
:10A2E000021000F1858000214FF0FF33202A06F58F
:10A2F000127786F83812C6F8443242D0D6F8008079
:10A300004F4BD8F80020D6F818A095699D4278D117
:10A31000002C00F082800AEB0409136951463A468A
:10A32000404698470028CED00299B1F5807F8E46EE
:10A3300028BF4FF4807E07EB4E0CBC450BD9039D24
:10A340003B46002233F8024B0CB9013502469C45CE
:10A35000F8D802B103950AF1010AA1EB0E01D1452B
:10A3600002915AD0D8F80020D7E7029A002AA4D147
:10A37000A74205F101051C46A2D1284604B0BDE85C
:10A38000F087D6F800A02E4BDAF80020D6F8189007
:10A3900095699D4246D1002C3FD009EB0408136912
:10A3A00049463A465046984700288CD0DDF808C008
:10A3B000BCF1800FE64628BF4FF0800E07EB8E02FF
:10A3C000BA420BD9039D3B46002153F8044B0CB90C
:10A3D000013501469A42F8D801B1039509F1010906
:10A3E000ACEB0E03C845029317D0DAF80020D6E78D
:10A3F00006F50E7002F05AFB00283FF464AFF279C4
:10A4000071E7234602AC3A465146019440460D4C52
:10A410000094A84700283FF456AF0398706204B038
:10A42000BDE8F087234602AC3A46494601945046BF
:10A43000054C0094A8470028EFD144E7002044E7EA
:10A44000D97E00001D7F0000517F000070B5002301
:10A450000446154601204FF0FF3204F12806216022
:10A46000E371E060E162C4F83C1284F8283084F8BB
:10A4700038326263C4F84422CDB1042D01D90020E2
:10A4800070BD1A461946304602F03CFB6FF070432F
:10A4900000F5DF722B441D0102EB03130028EED000
:10A4A00019790029EBD0525D5206E8D19D6800224F
:10A4B0002946304602F026FB0028E0D0B0F80B30E9
:10A4C000B3F5007FDBD1037C5A1E2372012AD6D854
:10A4D000417B4B1E0129217163714FF00003A37171
:10A4E00044D0012252000133D2B2DBB2914204D0F7
:10A4F000082BF7D10020A37170BD1E46A371C18A3D
:10A50000216109B9416A2161C289B0F811302A4438
:10A5100063815B01A26190F810C003F2FF1301FB9D
:10A520000C2202EB53232262B0F81320636102B9BC
:10A53000026AED1AAB18F3405A1CE2614FF0FF3289
:10A54000626240F6F47293420CD94FF6F472934271
:10A550000AD9C26A202322620120E3712163C4F870
:10A56000401270BD0C23F7E71023F5E71E46C6E73F
:10A57000F8B500268F6B0D460446C0E90E669FB104
:10A580000146242000F0DCF8068086708446AD6B1E
:10A59000A0630FCDACE80F000FCDACE80F002B6827
:10A5A000CCF800302046F8BDCB6B002BFAD001462A
:10A5B000382000F0C5F880F8317047860246EB6B12
:10A5C000E06303F130071E68103353F80C5C10325F
:10A5D00053F8080C53F8041CBB4242F8106C42F8C4
:10A5E0000C5C42F8080C42F8041CECD11B682046B5
:10A5F0001360F8BD10B50446806B10B1FDF7E2FCA6
:10A6000030B9E06B10B1FBF7CFFB20B9002010BDD3
:10A610000023A36310BD0023E36310BD002952D0C3
:10A620002DE9F0410446806B0D4617461E4610B1D9
:10A63000FDF7C8FCA0BBE06B10B1FBF7B5FBB8BBE6
:10A64000D5F88084B8F1000F11D02146242000F005
:10A6500077F8334600263A4606808670A063D5F820
:10A660008014FDF7B7FE58BBA063BDE8F081D5F8B4
:10A67000843493B12146382000F062F8334680F8E4
:10A6800031803A46A0F83280E063D5F88414FBF7B5
:10A69000BFFFA8B9E063BDE8F0810020BDE8F0810C
:10A6A0000023D5F88084A363B8F1000FCDD1DEE795
:10A6B0000023D5F88084E363B8F1000FC5D1D6E755
:10A6C0000120BDE8F0810020704700BFF8B50446C6
:10A6D000806B0D46174610B1FDF774FC38BBE06B7C
:10A6E00010B1FBF761FB38BBAE6B76B1214624207D
:10A6F00000F026F800213A4601808170A063A96B22
:10A70000FEF7CEF988B9A063F8BDE86B0028FBD04E
:10A710002146382000F014F83A4680F83160468629
:10A72000E063E96BFBF77CFF20B10120F8BD00235B
:10A73000A363D9E7E063F8BD0023E363D4E700BF78
:10A74000084670472DE9F041002604469846C0F8B7
:10A750008814C0F8806401464FF490601746FFF7F4
:10A76000EFFF424680F84464054680F87964A0F81B
:10A770007A64C4F88404D4F88814FDF7E7FAA0BB1F
:10A780000026214640F26C40C4F88464FFF7D8FFED
:10A790000223C6714246A0F84864054680F84A6420
:10A7A0000372C4F88004D4F88814FFF74FFE38B958
:10A7B00000231A4A18461360C4F88034BDE8F081BB
:10A7C00005F589663046FDF7FDFB29463046FDF765
:10A7D00037FE0028ECD0124B1A68AAB91D600F4B47
:10A7E000AFB101201C60BDE8F08105F589663046F7
:10A7F000FBF7DAFA29463046FBF704FB0028BFD006
:10A80000084B1A68002AE9D0044B002FE9D11A68D6
:10A81000002AE6D00120BDE8F08100BF949400201A
:10A82000989400205493002070B500254FF47A7658
:10A830000446456005738660C0E91255034D40F833
:10A84000105BFFF7EBFE204670BD00BFC009002083
:10A850004FF0FF30704700BF407C7047007D70476D
:10A86000407D704701207047007F70472DE9F04719
:10A870001E46C37C05460C46022B9146089F28D0F5
:10A880002B68214628461B6E984798B1AC61B9F1F8
:10A89000000F12D004EB090801E0A0450DD03946A5
:10A8A0002046B0472B6801462846DB6D01349847A7
:10A8B0000028F2D10020BDE8F087AB69287F4B4427
:10A8C000AB610028F7D12B6828465B6EBDE8F047E6
:10A8D000184783698B42D3D1D9E700BF704700BFC7
:10A8E000043002F0B5B800BF10B50446202104F0D2
:10A8F000BDF9204610BD00BF2DE9F0411F46C37CC5
:10A9000005460E46022B144624D02B6831462846B5
:10A910001B6E984778B1AE6187B1002601E0B7425F
:10A920000CD02A68214628460136D26D04F5007401
:10A9300090470028F3D10020BDE8F081AB69287F63
:10A940003B44AB610028F7D12B6828465B6EBDE81D
:10A95000F041184783698B42D7D1DDE72DE9F041FB
:10A96000204E074600F10408356805F51675ADB2AE
:10A9700003E03368EB1A1B0410D4404602F06CF875
:10A98000FF280446F5D1FD21404602F07FF8BB7C4C
:10A99000CBB900230120FB74BDE8F0811E23B87CF5
:10A9A0007B740028F8D0387C012102F009F8FF21DF
:10A9B000404602F06BF8404602F022F800231846A9
:10A9C000BB74BDE8F0810121387C01F0F9FF21461C
:10A9D000404602F05BF8404602F012F80023BB74D8
:10A9E000D7E700BFDC1C01202DE9F041C37C012B1F
:10A9F00035D0867C04464EB1043002F02DF8B0F11B
:10AA0000FF0518BF01252846BDE8F081071D4FF05E
:10AA10000108384601F0D6FF3146207C01F0D0FF16
:10AA2000FF21384602F032F8384684F8128002F0EE
:10AA300013F8A37CB0F1FF0518BF0125002BE2D06D
:10AA40004146207C01F0BCFFFF21384602F01EF891
:10AA5000384601F0D5FF2846A674BDE8F0810025F0
:10AA60002846BDE8F08100BF2DE9F843204F044699
:10AA7000884691463D68061D05F59675ADB203E022
:10AA80003B68EB1A1B040DD4304601F0E5FFFF28AC
:10AA90002075F5D0FE281AD01823A07C637430B935
:10AAA000BDE8F8831D23A07C63740028F8D0207CC7
:10AAB000012101F085FFFF21304601F0E7FF30461C
:10AAC00001F09EFF00231846A374BDE8F8834A46B0
:10AAD0004146304601F0CCFF207538B9304601F0D0
:10AAE000BBFF304601F0B8FF0120D9E72523D4E7AA
:10AAF000DC1C0120F0B5002783B00C2104463A4647
:10AB0000C77400F05BF8B0B9A67C1EB901263046C8
:10AB100003B0F0BD05460121207C01F051FF201D4E
:10AB2000FF21019001F0B2FF019801F069FF30466A
:10AB3000A57403B0F0BD0923A67C6374002EE6D093
:10AB4000251D207C01213E4601F03AFFFF212846C9
:10AB500001F09CFF284601F053FF3046A77403B074
:10AB6000F0BD00BFC27C022A03D0012A04D001201C
:10AB7000704703685B6E1847FFF7BCBF38B50368C2
:10AB80000D460D4904461A6A8A420CD1C27C022A3B
:10AB900004D0012A0BD00120257738BD5B6E984781
:10ABA0000028F8D138BD90470028FBD0F3E7FFF725
:10ABB000A1FF0028F6D0EEE7A58B00002DE9F041BB
:10ABC000036882B00F463549019206461A6A8A42E6
:10ABD0005ED1C27C022A41D0012A5BD0B47C002C19
:10ABE00047D0351D0C2F11D0DFF8B480D8F80040C5
:10ABF00004F59674A4B204E0D8F80030E31A1A04FD
:10AC000034D4284601F028FFFF28F5D10DF10408BF
:10AC100002AC47F04001284601F038FF14F8011D4E
:10AC2000284601F033FFA045F8D1002F28464FF009
:10AC30000A040CBF9521872101F028FF284601F066
:10AC40000BFF2846013C01F007FF0306A4B2307554
:10AC500001D5002CF5D102B0BDE8F0815B6E9847BC
:10AC60000028BBD1FF2002B0BDE8F081002FCDD07D
:10AC7000F8E7351D284601F0A5FE2146307C01F09D
:10AC80009FFEFF21284601F001FF0123B374A9E7CD
:10AC90009047E5E7FFF72EFFE2E700BFA58B000036
:10ACA000DC1C01202DE9F04788B005464FF0000874
:10ACB000174601AC2E1D85F8128085F8118085F8A5
:10ACC000158084E80E009DF80400287401F074FEDD
:10ACD0000121287C01F074FE6C490723C5E90213A9
:10ACE00094E8070005AB83E8070030460ECB01F07F
:10ACF00073FEAC7C85F81380002C67D00A240121F8
:10AD0000287C01F05DFEFF21304601F0BFFE611E90
:10AD100011F0FF04F7D121460A24287C01F050FEEF
:10AD2000002228461146FFF749FF012804F1FF33AE
:10AD300004460AD013F0FF04F2D10123A87C6B74FF
:10AD4000002851D108B0BDE8F0874FF4D572082132
:10AD50002846FFF733FF420757D56C752B68DFF89D
:10AD600030A19B6D534561D1687DA0F10204DFF8ED
:10AD70002491B4FA84F4D9F80030640903F5FA6830
:10AD8000A4071FFA88F805E0D9F80030A8EB030300
:10AD90001B0449D4372100222846FFF70FFF224623
:10ADA00029212846FFF70AFF0028EDD12B689B6D6B
:10ADB000534565D1687D022849D0AB7CCBBB0723C6
:10ADC0000120C5E9027308B0BDE8F087304601F004
:10ADD000F9FD2146287C01F0F3FDFF21304601F00A
:10ADE00055FE0123AB7489E7287C012101F0E8FDC1
:10ADF000FF21304601F04AFE304601F001FE0023FB
:10AE00001846AB7408B0BDE8F087022304246B75C4
:10AE1000304601F021FE631E287513F0FF04F7D1C0
:10AE2000AA289BD0062389E7172387E72846984757
:10AE30009BE70121287C01F0C3FDFF21304601F092
:10AE400025FE304601F0DCFD0023AB74B7E700229D
:10AE50003A212846FFF7B2FEA8B9304601F0FCFDC2
:10AE600000F0C000C02801D103236B75304601F00B
:10AE7000F3FD304601F0F0FD304601F0EDFD9CE7BA
:10AE80002846984797E7122358E700BF801A060024
:10AE9000A1880000DC1C0120F8B500220D463A21F3
:10AEA0000646FFF78BFEE0B9371D2C1D384601F032
:10AEB000D3FD04F8010DA542F8D1B47C14B90124E6
:10AEC0002046F8BD307C012101F07AFDFF21384693
:10AED00001F0DCFD384601F093FD00232046B374F9
:10AEE000F8BD1223B47C7374002CE9D0341D307C7F
:10AEF000012101F065FDFF21204601F0C7FD20463C
:10AF000001F07EFD00231C46B3742046F8BD00BF4F
:10AF100070B5164682B000220446FFF74FFEB0B16E
:10AF20001B236374A07C08B902B070BD251D207C72
:10AF3000012101F045FDFF21284601F0A7FD28462B
:10AF400001F05EFD00231846A37402B070BD0546F3
:10AF5000102231462046FFF787FD0028E2D0A67C6C
:10AF6000002EE1D0207C012101F02AFD201DFF21CF
:10AF7000019001F08BFD019801F042FD3046A5746F
:10AF800002B070BD0368254ADB6C934200B585B002
:10AF90000FD16A460921FFF7BBFF38B19DF8003099
:10AFA00013F0C00308D0402B27D0002005B05DF877
:10AFB00004FB69469847F0E79DF809309DF80A20A0
:10AFC00003F003039DF806109DF807005B0001F0F5
:10AFD000030180009DF808C043EAD2139DF80520C4
:10AFE00040EA812002F00F0240EA9C101344013035
:10AFF000073B984005B05DF804FB9DF809009DF8FB
:10B00000073001309DF8082003F03F0300EB0340B8
:10B0100000EB0220800205B05DF804FB8193000084
:10B0200003680A4630B59B6D83B0164D0446AB42AB
:10B0300024D1407D03284FF01201204618BF520250
:10B04000FFF7BCFD20B901231846E37403B030BDFF
:10B050000C23A07C63740028F8D0251D207C0121DE
:10B0600001F0AEFCFF21284601F010FD284601F05A
:10B07000C7FC00231846A37403B030BD0191984764
:10B08000019AD7E7A1880000F8B51446C27C0646AD
:10B090000D46012A1F4602D183698B4205D02946FD
:10B0A0003046FFF7BDFF80B1B56187B1002501E0F3
:10B0B000AF420CD021464FF400723046013504F502
:10B0C0000074FFF7D1FC0028F2D10020F8BDB3696D
:10B0D000307F3B44B3610028F8D13046BDE8F840EA
:10B0E000FFF708BD2DE9F84F9B46C37C06460C468A
:10B0F000012B1546DDF82890DDF82C8002D18369FC
:10B100008B4205D021463046FFF78AFFB0B1B461CB
:10B11000BBF1000F15D004EB0B0A02E0C847A245B3
:10B120000FD04FF4007229463046FFF79DFC0746CA
:10B130004246204629460134002FEFD10020BDE8C9
:10B14000F88FB369307F5B44B3610028F7D1304694
:10B15000BDE8F84FFFF7CEBC03682DE9F0415F6909
:10B16000164B9F421FD1C37C04460D461646012B49
:10B1700002D18369994205D029462046FFF750FF46
:10B1800070B1A5614FF4007231462046FFF76CFCA8
:10B1900030B1A369207F0133A36148B1BDE8F081DC
:10B1A0000020BDE8F081BC460123BDE8F0416047C6
:10B1B0002046BDE8F041FFF79DBC00BFC9900000EC
:10B1C00003680A4630B59B6D83B0164D0446AB420A
:10B1D00024D1407D03284FF01901204618BF5202A8
:10B1E000FFF7ECFC20B902230120E37403B030BD6B
:10B1F0000E23A07C63740028F8D0251D207C01213B
:10B2000001F0DEFBFF21284601F040FC284601F05A
:10B21000F7FB00231846A37403B030BD0191984793
:10B22000019AD7E7A188000003682DE9F043DB6CA1
:10B230001746414A85B004460E46934245D16A46B8
:10B240000921FFF765FE0546B5B19DF80A305A069B
:10B2500018D5637D032B01D076027F023246202170
:10B260002046FFF7ABFC28B93A4621212046FFF7DC
:10B27000A5FC70B326236374A57C9DB9284605B050
:10B28000BDE8F08303F03F039DF80B205B0043EA29
:10B29000D2137A1C32431342DBD02723A57C63747C
:10B2A000002DEBD0251D207C012101F089FBFF2121
:10B2B000284601F0EBFB284601F0A2FB00231D46C7
:10B2C000A374284605B0BDE8F08369469847054653
:10B2D000BAE7024626212046FFF770FC0028C9D1B4
:10B2E000DFF8588042F2107704F10409D8F80030F2
:10B2F0001F44BFB204E0D8F80030FB1A1B0417D477
:10B30000484601F0A9FBFF280646F4D1A37C002B98
:10B31000B4D00121207C1D4601F052FB3146484645
:10B3200001F0B4FB484601F06BFB0023A374A5E7D2
:10B3300028236374A0E700BF81930000DC1C012078
:10B3400070B5002282B00E4609210446FFF736FC94
:10B35000B0B11B236374A07C08B902B070BD251D79
:10B36000207C012101F02CFBFF21284601F08EFBFF
:10B37000284601F045FB00231846A37402B070BDB7
:10B380000546102231462046FFF76EFB0028E2D02A
:10B39000A67C002EE1D0207C012101F011FB201DB4
:10B3A000FF21019001F072FB019801F029FB30466A
:10B3B000A57402B070BD00BF70B5002282B00E4609
:10B3C0000A210446FFF7FAFBB0B11B236374A07C8B
:10B3D00008B902B070BD251D207C012101F0F0FAF2
:10B3E000FF21284601F052FB284601F009FB00230B
:10B3F0001846A37402B070BD05461022314620469F
:10B40000FFF732FB0028E2D0A67C002EE1D0207CA2
:10B41000012101F0D5FA201DFF21019001F036FB3A
:10B42000019801F0EDFA3046A57402B070BD00BF7E
:10B4300070B5051D16460446284601F027FB4FF45B
:10B4400000723146284601F02BFBFF21284601F00F
:10B450001DFBFF21284601F019FB284601F0FCFAEC
:10B4600000F01F032075052B04D02023A07C6374FB
:10B4700010B970BD012070BD207C012101F0A0FA3F
:10B48000FF21284601F002FB284601F0B9FA00230B
:10B490001846A37470BD00BF2DE9F041174D064654
:10B4A0000F4600F104082C6804F51674A4B203E0FA
:10B4B0002B68E31A1B040CD4404601F0CDFAFF2898
:10B4C000F6D13A46FC213046FFF7B2FF18B1BDE88D
:10B4D000F08124237374B07C0028F8D0307C0121E3
:10B4E00001F06EFAFF21404601F0D0FA404601F02B
:10B4F00087FA00231846B374BDE8F081DC1C0120F4
:10B50000036870B59B6D1646224A82B004460D460C
:10B5100093423CD1407D03284FF01801204618BFCC
:10B520006D022A46FFF74AFB0546B0B10D2363744E
:10B53000A07C08B902B070BD251D207C012101F05E
:10B540003FFAFF21284601F0A1FA284601F058FAF7
:10B5500000231846A37402B070BD3246FE21204677
:10B56000FFF766FF0028E3D0A67C002EE2D0207C07
:10B57000012101F025FA201DFF21019001F086FA3A
:10B58000019801F03DFA3046A57402B070BD9847AD
:10B59000C1E700BFA188000010B4047F34B1046883
:10B5A0000123A46AA4465DF8044B60475DF8044B90
:10B5B000FFF7A6BF10B584B004460DF1040C8CE86B
:10B5C0000E009CE80E00FFF76DFB20B19DF80530E2
:10B5D00003F00103237704B010BD00BF00207047C3
:10B5E0000020704700207047704700BF084B0021C3
:10B5F000084A094810B499631C6B146012685DF81E
:10B60000044B1A639A6C22F081029A6401707047AD
:10B6100000002C40CC9200209C1D0120034B586A56
:10B6200080F08070C0F30060704700BF00002C40C5
:10B63000014B1878704700BF9C1D01202B4A2C4BF2
:10B64000526AD3F800312B49C2F3C22203F03F0300
:10B65000013270B5284C4FF47A75A4FB034305FB07
:10B6600000F09B08B1FBF3FEBEFBF2FEB0EB1E1F29
:10B6700035D201231E465B001A01BEFBF2F2824264
:10B6800001D9FF2BF6D9BEFBF3F2360290422AD243
:10B690004FEA430C012200E0A446154603EB0C04DC
:10B6A0000132BEFBFCF1814217D9102AF4D1F025FA
:10B6B0004FF47A731149124A03FB0CFCBEFBFCF3F6
:10B6C0000B60104BD16A0B402B43334343F4602390
:10B6D000D362536A1B07FCD570BD2D01E8E77246A3
:10B6E00000260123D2E79C460025E1E700C00F4079
:10B6F00000800D4000EC695EABAAAAAAC8910020A8
:10B7000000002C400F00F0FF014B1878704700BF7D
:10B7100073870020014B1868704700BFCC9200204F
:10B7200010B4074C8C460FCCCCF800000120CCF8AC
:10B730000410CCF80820CCF80C305DF8044B7047AE
:10B740007092002010B4074C8C460FCCCCF800004F
:10B750000120CCF80410CCF80820CCF80C305DF8AF
:10B76000044B704780920020024B01201B680B6045
:10B77000704700BF90920020704700BF10B504468C
:10B780000C2103F073FA204610BD00BF044B1B7858
:10B7900023B1044B18780230C0B2704701207047C3
:10B7A000951D0120961D0120184B1A7812F0C00239
:10B7B0000FD0402A01D000207047587ADA79197AE0
:10B7C000013002F03F0300EB034000EB0120800258
:10B7D00070475A7A9979D87902F0030293F808C031
:10B7E00001F003018000520040EA812000B593F887
:10B7F0000AE040EA9C105B7942EADE12013003F075
:10B800000F031344073B98405DF804FB809200202F
:10B81000404A0520404938B5D2F800413F4B44F03A
:10B8200080043F4DC2F80041D2F8004124F03F04AB
:10B83000C2F80041D2F8004144F01804C2F80041B7
:10B84000D2F8004124F08004C2F80041D3F88020EF
:10B8500042F00C02C3F880205A6A22F460525A6205
:10B86000DA6942F48032DA615A6A42F400625A625A
:10B87000C1F8CC01C1F8D001C1F8BC01C1F8C001C8
:10B88000C1F8C401C1F8C801AA6C264B42F00042BD
:10B89000AA64EA6A1343EB62EC6A14F08074FBD189
:10B8A0004FF4C870FFF7CAFE1B4B47F2B80241F2D3
:10B8B000B801C3F8CC411C48C3F8D041C3F8BC411F
:10B8C000C3F8C041C3F8C441C3F8C841C3F8BC239E
:10B8D000C3F8C023C3F8AC23C3F8B013C3F8B42330
:10B8E0001249C3F8B823124B6863C1F8F8314FF01E
:10B8F000E0234FF480420F49602081F86E00C3F8C6
:10B900000C21EB6A064A43F00063EB62D36A1B0129
:10B91000FCD438BD00800D4000801F4000C00F40A7
:10B9200000002C40008000010B007F1100880020E7
:10B930002D96000000E400E02DE9F04102F054FFF4
:10B94000174E184D0746DFF8748004E002F04CFFF4
:10B95000C01B40451BD8346B2C40F7D0124A002145
:10B96000124B1170326B1A601968114A31631B68EF
:10B97000134209D00F491F240F4B40F27A220020B6
:10B980000C701A60BDE8F0810120BDE8F081064A24
:10B99000064B1470326B1A601B683363EAE700BF12
:10B9A00000002C4002007F11971D0120CC92002046
:10B9B00000007F11738700205892002040420F0042
:10B9C0002DE9F843264C0F462378002B38D1254B20
:10B9D0005A6AD2052BD5234DDFF89480AB6A43F425
:10B9E0008033AB6202F000FF064604E002F0FCFE8A
:10B9F000801B40452AD86B6A13F48069F6D007F1A2
:10BA00003C0C184807F50F77436A5B05FCD5ACF191
:10BA1000400353F8042F9C450262FAD10CF1400C0C
:10BA2000BC45F1D1012318462370BDE8F8839A6A1A
:10BA300022F480329A629A6A42F400329A62CAE729
:10BA4000FFF77AFF0028C2D1BDE8F8830649212418
:10BA5000064B4FF47E7248460C701A60BDE8F883BE
:10BA6000971D012000002C40738700205892002071
:10BA700040420F002DE9F041074688461F4C02F076
:10BA8000B3FE1F4E054604E002F0AEFE431BB34278
:10BA900024D8636AD907F7D4BB02C4F8088020D43D
:10BAA00027F0FF03154C174EE36002F09DFE144F84
:10BAB000054604E002F098FE401BB8420ED8236B06
:10BAC0003342F7D0226B104B1A601A6822631A684F
:10BAD000D20703D51B6813F4702F0BD00020BDE8EC
:10BAE000F081A26CFBB222F0FF02A264A26C1343AD
:10BAF000A364D5E70120BDE8F08100BF00002C4021
:10BB000040420F0001000F00CC920020154B30B5D1
:10BB10000D4685B01968FFF7ADFF08B3124B05F16C
:10BB20000F041A6900925969019199690291DB69C0
:10BB30000393002301E05EF8102C03F0030C0133A3
:10BB40004FEACC0C23F0030E0F2B22FA0CF20EF16D
:10BB5000100104F8012D0DEB010EECD10023EB7365
:10BB600005B030BD9492002000002C4010B5037A3F
:10BB7000DB0705D5154B1B68B3B1BDE8104018476E
:10BB8000134B1B783BB9134B5C6A84F08074C4F38D
:10BB90000064204610BD0F4B0F4C1B6B1C40B4FAC9
:10BBA00084F46409204610BD0C4B1C78002CF0D0A6
:10BBB0000B4B0C481968FFF75DFF0028E9D0054BD7
:10BBC0001C6984F48074C4F30024E2E7C892002066
:10BBD000971D012000002C4002007F11941D0120C0
:10BBE0009492002000001A0D08B5044B044819680F
:10BBF000FFF740FF08B1034B186908BD949200207D
:10BC000000001A0D00002C4008B5074B07481968C2
:10BC1000FFF730FF30B1064B186980F48070C0F335
:10BC2000002008BD012008BD9492002000001A0DDC
:10BC300000002C402DE9F047294B8946DFF8C0A0D1
:10BC4000284ECAF8003002F0CFFD274D0446DFF839
:10BC5000B480264F06E002F0C7FD001BB84229D889
:10BC600004F08AFA31682846FFF704FF0028F2D072
:10BC7000D8F81030DB05EED500234FF40072CAF877
:10BC80000030D8F8283023F48033C8F82830184B17
:10BC9000C8F804201B78CBB149461648FFF7EAFEE6
:10BCA00030B915490E24154B40F257420C701A60FA
:10BCB000BDE8F087104A0A210020104B117040F2B5
:10BCC0004B42CAF800001A60BDE8F0874FEA4929E4
:10BCD00008484946FFF7CEFE0028E9D1E1E700BF5A
:10BCE000499C00009492002000001A0D40420F0071
:10BCF000961D012020003A197387002058920020D9
:10BD0000C892002000002C402DE9F041254C002174
:10BD10002548A36A23F48033A362FFF7ABFE0546F0
:10BD200048B922490920224B40F23D2208701A608E
:10BD30002846BDE8F0811F4BDFF88080C8F800304E
:10BD400002F052FD636A0646D80118D41A4F04E087
:10BD500004F012FA636AD90111D402F045FD831B85
:10BD6000BB42F5D9114A0A210025114B11704FF43D
:10BD700010722846C8F800501A60BDE8F081002211
:10BD8000084BC8F800205A6A9207D1D5586B9A6AB6
:10BD9000D96A22F4803241F08061D96258639A6294
:10BDA000C6E700BF00002C400000DB0C73870020BA
:10BDB000589200205D96000040420F00C89200207B
:10BDC0002DE9F04782468946364E02F00DFD364D8C
:10BDD0000446DFF80081354F04E002F005FD031B47
:10BDE000BB4227D831682846FFF744FE0028F4D02C
:10BDF000D8F81030DA05F0D501232D4D2D4F5146DE
:10BE00002B7000232C483B602C4BC8F80090C8F8DE
:10BE100004302B4BC8F83830FFF72CFE0446A0B98D
:10BE200028490420284B40F29F12087020461A60CF
:10BE3000BDE8F08723490A20234B4FF4CC7200243D
:10BE400008701A602046BDE8F087204BDFF8889024
:10BE5000C9F8003002F0C8FC2B780646BBB1DFF809
:10BE60004C8003E004F088F92B7883B102F0BCFC2D
:10BE7000831B4345F6D90023C9F80030114925201A
:10BE8000114B4FF4D172002408701A60DAE73B6856
:10BE900000229B07C9F80020F0D53A680C4B1A42E3
:10BEA000D0D0EBE79492002000001A0D40420F0022
:10BEB0009C1D0120CC92002011003A064000010098
:10BEC00002007F11738700205892002071960000B5
:10BED00000007F1100002C40C89200202DE9F041A5
:10BEE000324D1446AB7A13F0400012D103F03F03F9
:10BEF000EA7A5B0043EAD213621C0A43134208D079
:10BF00002B4927242B4B40F202320C701A60BDE8FB
:10BF1000F081294B1B780BB9490264022748FFF7CF
:10BF2000A9FD40B922490F24224B40F20A320C707D
:10BF30001A60BDE8F08121462148FFF79BFD40B91A
:10BF40001B4910241B4B40F20D320C701A60BDE8E7
:10BF5000F08100211B48FFF78DFD38B914491124E9
:10BF6000144B4FF444720C701A60E2E702F03CFC90
:10BF7000154E164D0446DFF85C80154F3168284693
:10BF8000FFF778FD18B1D8F81030DB05D1D402F0F6
:10BF90002BFC001BB842F1D905492824054B40F27F
:10BFA000133200200C701A60C3E700BF809200209B
:10BFB0007387002058920020961D012000001A204F
:10BFC00000001A2100001B269492002000001A0D88
:10BFD00040420F0000002C402DE9F04F12F0030406
:10BFE00083B018BF012401900093002B08BF44F0D8
:10BFF00001045CB140492520404B40F2F512002479
:10C0000008701A60204603B0BDE8F08F3C4B15461F
:10C010003C4A0E46DFF80C91136002F0E5FBDFF8B6
:10C0200008810746DFF804B1DFF8F0A006E002F06F
:10C03000DBFBC01B504544D804F09EF8D9F8001033
:10C040004046FFF717FD0028F1D0DBF81030DA0585
:10C05000EDD5009A2C4B2B4903EA024300222B4FCB
:10C060000A6043F400730121DFF8C4803970C8F816
:10C070000020CBF80050CBF80430254BCBF83830FB
:10C08000244B1B7843B331460198FFF7F3FC8146FC
:10C090000028B7D0204B1B4A136002F0A5FB3B7869
:10C0A0000546DBB11D4E03E004F066F83B78ABB10A
:10C0B00002F09AFB401BB042F6D90023114A1360EC
:10C0C000A0E70D4B0A2200210E481A704FF4FC72B3
:10C0D0000A4B01601A6095E77602D4E70023094A0B
:10C0E0001360D8F800309B078CD5D8F800200C4B93
:10C0F0001A4208BF4C4685E77387002058920020FB
:10C10000499C0000C89200200000FF1F9C1D0120D8
:10C1100002007F11961D01207196000040420F0021
:10C1200000007F119492002000001A0D00002C40A6
:10C13000CC920020F8B50646007A0C461546C0079A
:10C140001F4613D483B10F4401E0BC420CD03368C6
:10C150002A46214630461B69013405F5007598478B
:10C160000028F2D10020F8BD0120F8BD900712D0C0
:10C17000002BF9D00F4401E0BC42F5D033682A46C9
:10C18000214630461B69013405F5007598470028A3
:10C19000F2D10020E7E70648FFF71EFF0028E3D1B1
:10C1A00004490C24044B40F2A1320C701A60F8BD13
:10C1B00037003A127387002058920020F8B50646DF
:10C1C000007A0C461546C0071F4613D483B10F44AE
:10C1D00001E0BC420CD033682A46214630465B6AF7
:10C1E000013405F5007598470028F2D10020F8BD0C
:10C1F0000120F8BD900712D0002BF9D00F4401E0C8
:10C20000BC42F5D033682A46214630465B6A013489
:10C2100005F5007598470028F2D10020E7E70648A9
:10C22000FFF7DAFE0028E3D104490E24044B40F264
:10C230003D420C701A60F8BD27003A197387002040
:10C24000589200202DE9F04F0025DFF8C0929B4C5A
:10C2500091B0DFF8BC829A4E0172457289F80050A5
:10C26000257088F800503570FFF7D2FA2946284625
:10C27000FFF700FC50B90121924B40F28E22054697
:10C2800021701A60284611B0BDE8F08F03258E4F4B
:10C290004FF4D5713846FFF7EDFB00284ED1013D34
:10C2A000F6D13378002B3DD0DFF868B202F09CFA6B
:10C2B000864E0546DFF860A2854F00213046FFF725
:10C2C000D9FB50B9002517217E4B4FF42A7228461E
:10C2D00021701A6011B0BDE8F08F59465046FFF743
:10C2E000C9FB0028EED002F07FFA401B794BB84220
:10C2F000E8D81A69002AE0DA1969774A11601B69DF
:10C300005A0002D5012388F8003000217348FFF756
:10C31000B1FB054610BB02216A4B40F2B1222170ED
:10C320001A60AFE7FFF774FA29462846FFF7A2FB29
:10C330003378002BB8D14FF4401BB7E7654B1B692E
:10C34000B3F5D57F07D006215E4B4FF4257200254B
:10C3500021701A6096E701233370A5E70021604839
:10C36000FFF788FB054630B90321564B4FF42D7279
:10C3700021701A6086E7574E5A4B32695A4F134064
:10C380005A495B483B60FFF7C1FB054630B90721BE
:10C390004C4B40F2B92221701A6073E75549564858
:10C3A000FFF7B4FB054630B90821464B4FF42F7216
:10C3B00021701A6066E739685048FFF75BFB054655
:10C3C00030B905213F4B40F2BF2221701A6059E776
:10C3D00039683E48FFF74EFB38B91421394B40F21B
:10C3E000C322002521701A604CE702214448FFF760
:10C3F00041FB05460028F0D0B36A69466FF07F40E4
:10C4000023F00603B362B36A43F00203B3624FF052
:10C4100010137364FFF7D4FC9DF80D309B0743D5D0
:10C42000002841D0274E6946364894F80080376886
:10C43000FFF7C6FC9DF8103003F00F03012B36D137
:10C44000A8B34CF25030304C0523C4F8CC31C4F8BA
:10C45000D031C4F8BC31C4F8C031C4F8C431C4F818
:10C46000C831FFF7EBF8002347F2B802C4F8CC312B
:10C47000C4F8D031C4F8BC31C4F8C031C4F8C431F8
:10C48000C4F8C83141F2B803C4F8BC23C4F8C023CF
:10C49000C4F8AC23C4F8B0330123C4F8B423C4F8FF
:10C4A000B82389F80030EDE646F2A810CBE746F253
:10C4B000A81084F800803760C5E700BF73870020AC
:10C4C000951D01205892002000001A0800001A371C
:10C4D00040420F0000002C40909200200000090212
:10C4E00000001A030000FFFF9492002080920020B9
:10C4F00000000909709200200000090A00001B07D3
:10C5000000001A06F1FFFF8000801F40941D0120EB
:10C51000961D01200000304000000229374B5A6A66
:10C5200092052DE9F0410F460DD49A6A22F480322B
:10C530009A6272B69A6A42F400329A629A6A42F435
:10C5400080329A6262B602F04FF92C4EDFF8C48056
:10C55000054604E002F048F9431B434537D8746AA6
:10C5600014F40064F6D007F13C0C244807F50F776B
:10C57000436A1B05FCD5ACF14003026A43F8042F63
:10C580009C45FAD10CF1400C6745F1D102F02CF931
:10C590001A4F1B4D0646DFF87C8004E002F024F9B8
:10C5A000831B43451DD83C6B2C40F7D03B6B154A91
:10C5B000136013683B63136813F002031BD0126807
:10C5C000114B1A420CBF01200020BDE8F0810F4939
:10C5D0001A250F4B40F2563220460D701A60BDE806
:10C5E000F0810A491D250A4B40F2613220460D7048
:10C5F0001A60BDE8F0811846BDE8F08100002C40CB
:10C6000002007F11CC92002000007F117387002070
:10C610005892002040420F002DE9F047294B8946EF
:10C62000DFF8C0A0284ECAF8003002F0DDF8274D30
:10C630000446DFF8B480264F06E002F0D5F8001B70
:10C64000B84229D803F098FD31682846FFF712FA5E
:10C650000028F2D0D8F81030DB05EED500234FF4D7
:10C660000072CAF80030D8F8283043F48033C8F894
:10C670002830184BC8F804201B78CBB1494616481F
:10C68000FFF7F8F930B915490C24154B40F2BD32CB
:10C690000C701A60BDE8F087104A0A210020104B88
:10C6A000117040F2B132CAF800001A60BDE8F0879C
:10C6B0004FEA492908484946FFF7DCF90028E9D143
:10C6C000E1E700BF499C00009492002000001A0D91
:10C6D00040420F00961D012030003A12738700205F
:10C6E00058920020C892002000002C402DE9F04113
:10C6F00000221D4C0D4642721146A36A1B4823F4CA
:10C700008033A362FFF7B6F940B919490924194BE0
:10C7100040F2D3320C701A60BDE8F081002DFBD0DE
:10C72000154B164E336002F05FF8636A0746DA0174
:10C7300016D4DFF84C8004E003F01EFD636ADB01D1
:10C740000ED402F051F8C01B4045F5D9084A0A2121
:10C750000020084B117040F2D73230601A60DBE7DE
:10C76000002328463360D7E700002C400000DB0C94
:10C7700073870020589200205D960000C892002028
:10C7800040420F000A4B1B7810B504461BB9637A70
:10C7900043B9012010BDFFF7CFF80028FAD0637A23
:10C7A000002BF6D020460121BDE81040FFF79EBFC8
:10C7B000971D01202DE9F0410446007AADF5007D7A
:10C7C000164610F0010513D093073CD001233848DA
:10C7D0006A46FFF701FC00283AD04FF40072694620
:10C7E000304602F0A7F928460DF5007DBDE8F0813E
:10C7F000DFF8CC800F4698F80030002B35D1637AF3
:10C80000012B39D022682B49126A8A424AD198F802
:10C810000020002A34D1002B39D139462046FFF7B9
:10C82000FBFEE8B101236760637231462046FFF7E3
:10C8300075FEA8B1636805460133284663600DF5AF
:10C84000007DBDE8F08101231948FFF7C5FB38B929
:10C8500019490B20194B4FF45D72002508701A60BE
:10C8600028460DF5007DBDE8F081FFF765F800284A
:10C87000F6D0637A012BC5D16268BA42C2D1D4E73F
:10C88000FFF75AF80028EBD0637A002BC5D00121BE
:10C890002046FFF72BFF0028BFD128460DF5007D6D
:10C8A000BDE8F081204690470028F6D0B5E700BFEC
:10C8B00011003A11C5A7000073870020589200208C
:10C8C000971D01202DE9F041047AADF5007D0F465A
:10C8D000904614F001041DD012F0030F06D06846F4
:10C8E00011464FF40072804602F024F901234246BB
:10C8F00039462C48FFF770FB044630B92A490D2011
:10C900002A4B40F2114208701A6020460DF5007D56
:10C91000BDE8F081264D06462B782BBB737A022B9F
:10C9200029D032682349126A8A4236D12A7832BB2A
:10C93000002B2BD13368394630461B6E98470028B0
:10C94000E3D0022377607372336841463046DB6D73
:10C9500098470028D9D07368044601332046736095
:10C960000DF5007DBDE8F081FEF7E6FF0028CCD094
:10C97000737A022BD5D17268BA42D2D1E4E7FEF7BE
:10C98000DBFF0028C1D0737A002BD3D001213046C1
:10C99000FFF7ACFE0028B8D0CCE73046904700281F
:10C9A000B3D0C7E701003A187387002058920020DF
:10C9B000971D0120C5A70000012101F07BBF00BF2A
:10C9C00001F03CBF08B5034653F8040B93E806009A
:10C9D000F6F7D6FF08BD00BF84B00DF1100C0CE9CE
:10C9E0000E00024623B11846136004B0F8F75ABD92
:10C9F000024B1846136004B0F8F754BD9080002035
:10CA00000268D37C13B3D80704D5906A4FF0E021B5
:10CA1000C1F80001990704D5D06A4FF0E021C1F8B0
:10CA20000401580704D5106B4FF0E021C1F808014C
:10CA3000190704D5506B4FF0E021C1F80C01DB065B
:10CA400004D5926B4FF0E023C3F81021704700BF6C
:10CA50000068F8F745BE00BF0268FF2312685366FE
:10CA6000D36D13F4F81FFBD0506FC0B2704700BFF6
:10CA70004FF0FF0C006808B5134680F83CC00A462A
:10CA80000021F8F729FE002008BD00BF03681A68DE
:10CA90005166D36D13F4F81FFBD0536F704700BF7E
:10CAA000134600680022F8F717BE00BF30B50378C0
:10CAB00083B0DC071DD50446406804F1100203680A
:10CAC000E16801925B6A9847019A0546A8B123780C
:10CAD000990708D56068D4E90231194403685B6A94
:10CAE000984750B1237823F001032846237003B000
:10CAF00030BD0125284603B030BD0025284603B0CF
:10CB000030BD00BFF8B543680BB3C36804460F4699
:10CB100015468B4206D110F8103B05F003052B4358
:10CB20002370F8BDFFF7C2FF88B16B0705D504F18C
:10CB3000100630460023E760EFE7606804F1100656
:10CB40003946036832461B6998470028F1D1002016
:10CB5000F8BD00BF10B50446808982B018B100232B
:10CB6000A38102B010BDD4E901318B42F9D201AAF0
:10CB7000184600F0B7F880B1019B6060B3F5803FC4
:10CB800001D298B2EDE7980AC3F30903A0F521504A
:10CB9000A3F5105380B2A381E3E74FF6FF70E0E7FF
:10CBA000B1F5807F21D810292ED840234FF0200CDA
:10CBB000B2FBF3F1B1F5806F20D203FB112300B576
:10CBC000B2FBFCFEB3FBFCF30CFB1E224FEA910C04
:10CBD000DBB201322CF03F0CC9B2037042EA0C0206
:10CBE0008170D2B242705DF804FB3F239C468029DD
:10CBF00010D9B1F5FC7F0FD81B01D9E7FF21FE2327
:10CC00004170037081707047202916D880234FF03F
:10CC1000200CCDE7DB00CBE7B1F57C7F04D9B1F583
:10CC2000FC6F03D89B01C3E75B01C1E7B1F57C6FE3
:10CC300094BFDB01C3EB0323BAE720239C46D6E76E
:10CC40007F28A2EB010205D812B10A4602F8010BB7
:10CC500010467047B0F5006F0FD2012A40D94FEA55
:10CC6000901C00F03F030A466CF03F0063F07F0326
:10CC700002F8020B10464B707047B0F5803F16D299
:10CC8000022A2DD9C0F3851C00F03F03CA1C63F0B3
:10CC90007F0300B54FEA103E6CF07F008B706EF0A2
:10CCA0001F0E4870104681F800E05DF804FB032A6F
:10CCB00016D94FEA904CC0F30532C0F3851300F04B
:10CCC0003F0062F07F026CF00F0C63F07F0360F0B6
:10CCD0007F004A700A1DC87081F800C08B70B7E7EA
:10CCE0000022B5E788423DD2034610B490F9000017
:10CCF0001C7800282DDA04F0E000C02834D004F0BD
:10CD0000F000E02834D004F0F800F02826D104F038
:10CD1000070404201844884220D8013313F8011B6B
:10CD200001F0C00C01F03F01BCF1800F41EA841416
:10CD300014D18342F2D1A4F180010F4B99420DD856
:10CD4000A4F55843B3F5006F08D314605DF8044BA5
:10CD50007047581C14605DF8044B704700205DF864
:10CD6000044B70470020704704F01F040220D1E7F5
:10CD700004F00F040320CDE77FFF10007E283ED98A
:10CD80004FF0350C002330B4284C04E034F8212057
:10CD9000824220D80B46ACEB0302012A03EB52017E
:10CDA000F4D89BB234F82320904216D24B240023AF
:10CDB0001F4D04E035F8212082421ED80B46E21AAE
:10CDC000012A03EB5201F5D89BB235F823208242A9
:10CDD0001FD030BC70478C46DDE704EB8304821A19
:10CDE000E3789A42E2DA94F90230012B16D0D3B1FB
:10CDF0009BB2034430BC98B270470C46DFE7A0F109
:10CE00006103192B8CBF00230123A0EB431398B2BD
:10CE1000704705EB8305688830BC704702F001025B
:10CE2000831A98B2D5E74EF2A033E2E74406002019
:10CE3000B80400204FF0E0234022C3F808227047D6
:10CE4000F8B5144B144D1C686E689CB1237A2046CB
:10CE50006BB123686F681B6898476B68E188DB1BC0
:10CE6000C3F38F12B1EB931FA28038BFE2806469D5
:10CE7000002CEBD1084B094A5B6810889B1B084CBF
:10CE8000C3F38F11B0EB931F218038BF1180BFF324
:10CE90004F8FF8BDDC920020001000E07E1D0120C5
:10CEA0007C1D0120036818470B680360704700BFB2
:10CEB0000B680360704700BF704700BF30B472B6A4
:10CEC000244D254C2A8804F1700104EB82038B4227
:10CED0003CD204F16F01501CC91A00EB910002E032
:10CEE0000132824232D09C4653F8041B0029F7D00D
:10CEF000B1FA81F04FF00043C34021EA0301CCF8BE
:10CF0000001001B90132154B2A801A88013291B202
:10CF1000198062B6ACEB040C41F67C73C0EB006484
:10CF20004FEAAC0CC0EB841001240CEB8C1C03EB1F
:10CF3000CC1303EB80030A480068C4541844094B1F
:10CF40001C88944230BC38BF1980704762B60020FC
:10CF500030BC7047801D0120E0920020781D012028
:10CF6000D89200207A1D0120428872B60378012BE6
:10CF700003D9013B037062B67047D14353090B4894
:10CF80004FF0004201F01F01CA4050F823100A433D
:10CF90000749B1F800C040F823209C45054A88BFE6
:10CFA0000B801388013B138062B67047E09200202B
:10CFB000801D0120781D0120C36813B91DE0DB68C6
:10CFC000E3B1187A9042FAD110B4586893F809C0C6
:10CFD000006950F82C4054B1DB682BB1187A9042AC
:10CFE000F3D0DB68002BF9D15DF8044B704740F8B3
:10CFF0002C10087801300870EEE77047704700BFCA
:10D00000437A8B4206D90369002253F8210043F882
:10D01000212070470020704738B5437A8B421BD9D6
:10D020000369002253F8214043F82120A4B123785A
:10D03000012B01D8204638BDFFF740FF054628B137
:10D040004FF48072211D043001F074FD2378013B00
:10D0500023702C46204638BD0024204638BD00BF32
:10D0600000220449C0E90022028102740A680860B3
:10D07000C260704750930020037CFBB903680146EF
:10D08000FBB14368EBB1427A5B7A9A421CD230B46E
:10D0900072B62B4B1C68ECB1E368C3B1486801E081
:10D0A000DB68A3B15A688242FAD193F809C04A7A80
:10D0B0009445F5D162B6042030BC7047012062B6B9
:10D0C0007047032062B67047022062B670476469F9
:10D0D000002CE1D11B4C236843B1994202D10BE0F3
:10D0E000994207D01A46DB68002BF9D1052062B6B9
:10D0F00030BC704702F10C040D68E868E8B1C36801
:10D100001BB908E0DA683AB1134681421846F9D1F2
:10D1100062B60620D0E70346D960CB6800202360C2
:10D120000123C860AA7A2B721A44AA724A68947AB8
:10D1300013721C4494720B74D9E7E960EDE700BFE9
:10D14000DC9200205093002010B5047C9DF808E08C
:10D150000CB1012010BD027280F809E0C0E9001393
:10D16000BDE81040FFF788BF38B5037C002B36D0F0
:10D1700043680446427A5B7A9A4238D272B60168B2
:10D18000CB68002B2DD0984233D01A46DB689C42E6
:10D190002AD0002BF9D16268607A136953F8200015
:10D1A00048B1FFF7E1FE72B662680025607A136944
:10D1B000216843F820508B7A013BDBB28B7203B9B4
:10D1C0000B72937A013BDBB2937203B913720A4B71
:10D1D00000201A6820741C60E26062B638BD01202D
:10D1E00038BD62B6032038BDE368D360D3E70220C0
:10D1F00038BDC368CB60CEE75093002010B504461D
:10D20000FFF7B2FF094A136843B19C4202D108E01C
:10D210009C4205D01A46DB68002BF9D1204610BD90
:10D220000C32E3682046136010BD00BF509300200D
:10D230000C4B1A789AB90C4A0C4910B4C2F8581120
:10D240000B48D02401224FF0E02180F846404024D2
:10D250001046C1F808415DF8044B1A707047002071
:10D26000704700BF9D1D01200088002081AE000096
:10D2700000E400E070B472B621B9036813B102791A
:10D280000F2A45D9294C2188002341FA03F212F0D4
:10D29000010208D00133102BF7D162B600220371CE
:10D2A000026070BC70474FF0010C0CFA03FC41EABD
:10D2B0000C01218062B61E4D5FFA83FC1D4940F2CD
:10D2C000824680F804C0EC6F194483F0030344F0F5
:10D2D000C0044901EC67A5F59F35174CA5F580758D
:10D2E000266084F81AC084F81EC084F818C084F838
:10D2F0001FC00160C1E90022C1E90222C1E9042284
:10D30000C1E906225A5D42F0C0025A5570BC70470E
:10D31000064C218841FA02F5ED07B5D5054D1544B7
:10D32000B3EB451FB0D162B6BBE700BF8C1D012037
:10D3300000C00F408074000200800E4003790F2B64
:10D3400011D8094A937672B60849012290F804C0B0
:10D350000B8802FA0CF223EA02030B8062B6102259
:10D36000002302710360704700800E408C1D012075
:10D37000EFF3108272B6437F5BB9017F012930B4AD
:10D380000BD0032913D00123437702B962B630BC16
:10D3900070470AB962B670477047124C2168B1B144
:10D3A000114943610B68086083615861EBE70F4DD9
:10D3B0000F492C688CB143610B68836158614FF051
:10D3C000E0234FF080540860C3F8044DDBE7064BC0
:10D3D00020601860C0E90511D5E7C0E90544286060
:10D3E000EDE700BFC0930020CC930020C89300203D
:10D3F000C493002070B5EFF3108272B60C4C206815
:10D4000080B10C4E00254369236073B19D6102B960
:10D4100062B6836845779847EFF3108272B620684A
:10D420000028F0D102B962B670BD3360EFE700BFEB
:10D43000C8930020C4930020FFF7DCBF0449054ACD
:10D440004968054B1960136801331360704700BFCA
:10D45000001000E0DC1C0120D81C012001207047D6
:10D46000B0F84630B0F848209BB292B2934202D254
:10D47000013AD01A7047416B01390A44D01A7047FB
:10D48000016972B6B0F84A20B0F84C3092B29BB243
:10D490009A423CBF806B1218C86AD31A62B6C0F3B6
:10D4A00002601844704700BFB0F84A100246B0F856
:10D4B0004C3089B29BB2994210B4046914D0013344
:10D4C000906B116B984298BF0023994206D85B1A63
:10D4D000526AD05CC0B25DF8044B7047126A5DF8C6
:10D4E000044BD05CC0B2704772B6B0F84A0080B24C
:10D4F000814201D062B6E2E7E36A13F0E06F03D144
:10D500004FF0FF3062B6E6E7E36901200024116ABC
:10D51000A2F84A00C3F30900DBB2A2F84C404B70FA
:10D52000F0E700BFB0F84A100246B0F84C3089B2BC
:10D530009BB2994230B4046925D00133946B9C426C
:10D5400016D9106B1FFA83FC984217D9106AC05C79
:10D55000C0B2956DA2F84CC045B199421CD3CB1A0C
:10D56000D16B994202D3D36DC5F8883030BC704777
:10D570004FF0000C106B63469842E7D8181A556AB2
:10D58000285CC0B2E5E7084672B6B2F84A1089B224
:10D59000884204D062B6D0E70C44E31AE0E7E36ABD
:10D5A00013F0E06F03D14FF0FF3062B6DEE7E069C1
:10D5B000C0F30900F9E700BF90F8443043B110B55B
:10D5C000044602F0D9FD94F84430002BF9D110BD87
:10D5D000704700BF38B5D0E90453D3E90312096896
:10D5E000114228D090F84420044632B102F0C4FD24
:10D5F00094F84430002BF9D1636900210E4AA961E7
:10D60000207E03EB0010007D02EB00104568052032
:10D610002860657E03EB051393F8343002EB0312A8
:10D62000A36D52681060A4F84A10A4F84C1013B10E
:10D63000E26DC3F8842038BD5879002007EE901AB7
:10D640009FED9A7A0421B6EE005AF8EE677A9FEDC4
:10D65000986A41F6FF7CC7EE275A2DE9F0478E46BF
:10D660000569012407EE901AF8EEE77A85EEA77AAD
:10D6700077EE057AFDEEE77A17EE903A6345A8BF9C
:10D680006346012BB8BF012307EE903AF8EEE76A34
:10D6900076EEC76AC6EE877AF5EEC07AF1EE10FA3A
:10D6A00048BFF1EE677AF4EEC67AF1EE10FA03D8CD
:10D6B000B0EE676A8E461C4601312129D2D1002185
:10D6C000436902F40076A0F84A10B3F85AC08E42BB
:10D6D000A0F84C10B3F85860A0F84610A0F8481015
:10D6E00080F84410816BDF68A1EB0606A1EB0C010A
:10D6F000C0E90F6139681E6941EA0601396014BF4B
:10D7000001210021817640F0AC80017E694E03EB5F
:10D710000118DFF8C09198F81470D8F81CA006EB37
:10D720000717B968C1F800907968D8F818700F60C9
:10D73000BAF1000F03D0D8F82010CAF80010477EC5
:10D74000D92103EB071898F834C006EB0C1CDCF861
:10D7500008703960DCF80410D8F838700F60417E2A
:10D7600003EB0111CF6B0FB1096C39600EF1FF3182
:10D77000BEF1080F4FEA0161CCBF4FF0000E4FF031
:10D78000010E01F0F85144EA4E4421435C682961DE
:10D79000597801F110030021E960474941F823401D
:10D7A00041694FF0010E454C02F0030C4F7891F89F
:10D7B0005610434B39554FF002174469617803EB1B
:10D7C000511301F01F019B000EFA01F11960EF6285
:10D7D000AB6A43F08803AB6253073ED44CF470133A
:10D7E00002F00F01042908BF43F0804397062ED5AD
:10D7F000817E43F0805300293AD11607AB6103D5EF
:10D800002B6943F000532B616B69D10623F08053E1
:10D8100048BF43F080536B61D30503D52B6943F4B4
:10D8200000532B61A36883B1264E3478002C3AD084
:10D83000611E254DC9B22B1F05EB810101E0994204
:10D8400025D053F8042F9042F9D1BDE8F087817EAE
:10D850000029D2D043F0A003CFE71C4B4CEA0303CE
:10D86000BEE7477E4FF2D901124E03EB07186AE775
:10D87000417E43F0A00304EB011191F8341006EB54
:10D880000116B668316821F440413160B5E7631C88
:10D89000DBB20F4A3370137845F8240043F00203DB
:10D8A0001370BDE8F0870123074DF2E7001BB74B6B
:10D8B000EC78AD60587900200088002000E400E09A
:10D8C00040380038A31D01207094002010003C0057
:10D8D000B11D012038F00100EFF31380B8B9EFF368
:10D8E00010834BB9EFF305823AB94FF48073EFF32D
:10D8F000118050B1984208D270470F2AF7D9054BD2
:10D900009B5CEFF311800028F4D1184670474FF06C
:10D91000FF30F1E7F0E300E010B4416299B1036B2E
:10D920001A44446900218263B4F85830B4F85A406C
:10D93000D31AA0F84A10121BA0F84C105DF8044B43
:10D94000C0E90F327047026BEBE700BF036D2DE9B2
:10D95000F04104460F46066913B1426DC3F88420B6
:10D96000A37E2BB172B6B36943F00053B36162B6C4
:10D97000B4F84650636BADB20135AB424CD84FF0B2
:10D9800000084546B4F848309BB29D4219D028E0C3
:10D9900073691B0210D5B4F84830626B9BB2013337
:10D9A0009A4236D99AB2E16A99422DD9E169CB5CA3
:10D9B000DBB2F361A4F84820B4F848309BB2AB4224
:10D9C0000FD1FFF789FF6369B3F856308342DFDA7E
:10D9D000FF28F1DD02F0D0FBB4F848309BB2AB4237
:10D9E000EFD0E36AAB421AD9FFB2E3695F5572B672
:10D9F000012084F84400A4F84680B36943F400038E
:10DA0000B36162B6BDE8F0815B1AA16ACB5CDBB2A0
:10DA1000CFE700221346C6E71FFA85F8B2E7ED1AF2
:10DA2000FFB2A36A5F55E2E7FFF790BF026953694F
:10DA300013F4401F70B543D0D36A13F0E06FC3F303
:10DA4000026E3AD0B0F84A50B0F84C60ADB2B6B2FF
:10DA500007E0016A01F803C00EF1FF3313F0FF0E77
:10DA60001DD0D1696B1C846BB0F84CC0C1F30901A7
:10DA70009C4298BF00231FFA8CFC9C45ECD0046BA1
:10DA80005FFA81FC1D469C42A3EB0404E1D8436A83
:10DA900003F804C00EF1FF3313F0FF0EE1D1ABB277
:10DAA000A0F84A30836D43B1B54254D3AD1B016C2D
:10DAB000A94202D8C16DC3F884105369D90245D474
:10DAC0009669330228D553691D0225D5B0F8465012
:10DAD000B0F84830ADB29BB206E0C169C95CC9B2CA
:10DAE000D161D16A4C0512D4AB4238D0446B0133BA
:10DAF000C16A9C4298BF00239942A3EB0104ECD871
:10DB0000816A095DC9B2D161D16A4C05ECD599B27F
:10DB1000AB42A0F8481025D0710216D553695B02BC
:10DB200013D50021036D80F8441013B1416DC3F883
:10DB30008810837E2BB172B6936923F000539361F2
:10DB400062B6936923F48003936170BD536943F413
:10DB500080135361B4E7816B891B0D44A7E79BB227
:10DB6000A0F84830936923F400039361936943F468
:10DB700080039361D0E700BF0148FFF757BF00BFA4
:10DB8000F0800020704700BF704700BF704700BFA3
:10DB9000704700BF70B51A4C1A4D2368AB4202D0D3
:10DBA000194AD16829BBA369AB4202D0164AD16990
:10DBB000C9B9236BAB4202D0134AD16A69B9A36CCD
:10DBC000AB4209D0104AD16B31B101211B680F481B
:10DBD000D163BDE87040184770BD01211B680C4837
:10DBE000D1629847EBE701211B680A48D161984749
:10DBF000DFE701211B6804F10800D1609847D2E7F4
:10DC0000C08A0020EC07002000410840108B002053
:10DC1000F88A0020E08A002038B5064CA4F160059F
:10DC200054F8083C2046183CDB689847AC42F7D1D2
:10DC300038BD00BF108B002003682DE9F041044679
:10DC400088B01746002B4BD000229A600122DA6080
:10DC5000304D04A8DFF8E0801D4451F8083B2D1139
:10DC600002935B6805EB45069847F60006F108004D
:10DC700058F806304044DB6801909847264A04A9CA
:10DC8000DDE90103029248F806309B689847029B41
:10DC900004A8DB6898472368032220481F609A6025
:10DCA0001F4A23791F4C535513785178C0F82842E6
:10DCB0008B4228BF0B469178D2788B4228BF0B4607
:10DCC000934228BF1346184C4FF0E0224FF080617A
:10DCD000012084F87A30C2F80C1108B0BDE8F08158
:10DCE000124AD36E43F44053D3660122104B1A609C
:10DCF000104A13460260403298680028A8D01033BA
:10DD000093422360F8D100231846236008B0BDE891
:10DD1000F08100BF00BFF7BFEC07002000880020A3
:10DD200070810020D5BB000000E400E000C00F407F
:10DD30000040084000410840C08A002010B4064B53
:10DD40000020064C064A1C609C611C639C640549CB
:10DD50005DF8044B02F014BBC08A0020EC070020E1
:10DD60007C81002059BC0000084602F071B900BF58
:10DD7000012A70B508BF0A228AB091B34FF0210E74
:10DD800001E05FFA86FE0EF1FF36B1FBF2F502FB11
:10DD900015145FFA84FC092C0CF137040CF1300CDB
:10DDA00098BF5FFA8CF40EF1280C88BFE4B2914260
:10DDB000EC4429460CF8244CE3D24BB10EF1FF3E63
:10DDC0002D225FFA8EFE0EF128036B4403F8242CFB
:10DDD000036801A9CEF122025B68714498470AB03A
:10DDE00070BD30224FF0210E8DF82520E5E700BFF1
:10DDF0002DE9F0410C46D1B1EAB180468E180025DC
:10DE00000E4F04E002F024F9B44205440CD0D8F8D7
:10DE1000003014F8010B1B68BB42F3D001464046AA
:10DE20009847B4420544F2D12846BDE8F0810D463A
:10DE30002846BDE8F0811546F6E700BFA9BD000001
:10DE40002DE9F0418C688AB0DCB100258846064691
:10DE50002F462B46212201A9404600F0E1F9202C53
:10DE60002246336828BF202201A930465B68A41AE5
:10DE7000154498470744002CEBD138460AB0BDE85A
:10DE8000F081274638460AB0BDE8F08100B5036846
:10DE900083B040F60D2C022201A95B68ADF804C0E6
:10DEA000984703B05DF804FB054B022888BF034682
:10DEB00010B41C68184663685DF8044B184700BF2F
:10DEC000E08000205AB90368C9B2074A1B68934230
:10DED00000B506D108465DF804EB02F0B9B8FFF7CB
:10DEE00047BF5DF804EB1847A9BD00000000000023
:10DEF000B4EE400B70B5F1EE10FA05462DED028B35
:10DF000086B07CD6B0EEC07B9FED476BB4EE467B0F
:10DF1000F1EE10FA6BDC9FED467BB4EEC70BF1EE31
:10DF200010FA5ADC9FED447BB4EEC70BF1EE10FA09
:10DF300053D4B5EEC00B0C46F1EE10FA5BD40023BF
:10DF4000B6EE007B002C5ED04FF0000C9FED3C6BDA
:10DF50000CF1010C27EE067B5FFA8CF2A242F7D39C
:10DF600030EE070B0A222846FCEEC07BB8EE678B2A
:10DF700017EE901A30EE488BFFF7FAFE0F2C4FF099
:10DF80002E03B2EE046B064628BF0F248DF808302E
:10DF90000DF1090302AA611E53FA81F128EE060B66
:10DFA000FCEEC07BCDED017A9DF8043007EE903A8F
:10DFB0003033B8EEE78B02F8013F914230EE488BE8
:10DFC000ECD12B68013402A928465B68E2B298477D
:10DFD000304606B0BDEC028B70BD2B6803221A4997
:10DFE0005B6806B0BDEC028BBDE870401847036863
:10DFF00003221649F4E7B1EE400B0123A0E70368C2
:10E0000003221349ECE730EE070B0A222846FCEE08
:10E01000C07B17EE901A06B0BDEC028BBDE87040D5
:10E02000FFF7A6BEAFF30080FFFFFFFFFFFFEF7F0C
:10E03000000000E0FFFFEF41000000E0FFFFEFC144
:10E040009A9999999999B93FE8070020E407002027
:10E05000E0070020F8B500260446C0E900668660A7
:10E0600029B108460D4604F06BFF074608B9204663
:10E07000F8BD013002F0C8FC0028F8D0294606702F
:10E080002060C4E9017704F0A9FE2046F8BD00BF76
:10E0900010B50446006802F0BFFC204610BD00BF6A
:10E0A000F8B50446154632B9036803B11A70002367
:10E0B0002046A360F8BD43680E469A421CD9511C05
:10E0C000006802F06DFF074660B1A368C4E900056F
:10E0D0000BB90370276831463846A56004F07EFE10
:10E0E0002046F8BD206810B102F096FC276000239E
:10E0F0002046C4E90133F8BD07683146A5603846BB
:10E1000004F06CFEECE700BF38B505460C4649B19B
:10E11000084604F015FF214602462846FFF7C0FFD7
:10E12000284638BD2846A96038BD00BF2DE9F84310
:10E13000044600680D4616468842A36809D8C218EE
:10E14000914206D20F1A4FF0010936B92046BDE8B8
:10E15000F8834FF00009002EF8D003EB0608626840
:10E1600090450CD908F1010102F01AFF0028EDD00A
:10E17000A368C4E9000813B903702068A368B9F163
:10E18000000F08D12946184404F028FE2046C4F8A0
:10E190000880BDE8F8833246C119184400F0CAFC73
:10E1A0002368002203F80820F0E700BF10B582B012
:10E1B0000023044601228DF8041001A98DF80530D2
:10E1C000FFF7B4FF204602B010BD00BF826808B55B
:10E1D0000B463AB161B1006804F096FCB0FA80F0E9
:10E1E000400908BD31B11878B0FA80F0400908BD87
:10E1F0000368F8E7012008BD8A6808B58368934280
:10E2000009D3006830B1096839B104F059FBB0FA9C
:10E2100080F0400908BD002008BD084608BD00BFC9
:10E22000C2B170B5B1FA81F60C46760919B18568AC
:10E230009D4201D80E7070BDED1A02F1FF3C0168DD
:10E2400020466545194428BF65462A4604F07EFBF2
:10E25000665570BD704700BF2DE9F0418F680E46CE
:10E260000546974202D213463A461F460023AB604A
:10E27000B0689042C5E9003314D38742316828BFA3
:10E28000074611F80780CB5533689C180DD02046FF
:10E2900004F056FE214602462846FFF701FF336888
:10E2A00003F807802846BDE8F081AC60F8E700BFBE
:10E2B0002DE9F04107680646E7B18468D4B1B84655
:10E2C000454618F8010B04F059F80028F8D1013C34
:10E2D0003C4402E0A54205D8013C207804F04EF809
:10E2E0000028F7D1621CAF42A2EB0502B26004D352
:10E2F0000023BB543046BDE8F0813846294600F083
:10E3000019FC3768B268F3E7006808B102F078BB1F
:10E31000704700BF1C2849D8F8B5254F04463B7804
:10E32000E3B9244B1B5DFF2B29D0234A02EB0412D7
:10E3300091680A6802F44050B0F5805F30D01C0646
:10E340001FD41E4C2360236AD80704D401F014FFA5
:10E35000236AD907FAD5194B586AF8BD174D184EDC
:10E3600001E001F009FFAB6C1B06FAD4B36C13F0AB
:10E370008003F6D13B700F4B1B5DFF2BD5D10020E6
:10E38000F8BD0F4C03F07F032360236ADA0704D43F
:10E3900001F0F2FE236ADB07FAD5094B586AF8BD93
:10E3A00022F480521C060A60EBD4CAE700207047B2
:10E3B000A61D0120DC7D00205879002000400C4083
:10E3C00000800C40082830B422D00A280CBF4FF43B
:10E3D00005714FF44671104C104D636C626C2B400C
:10E3E0000F4802F003021A43636C03F0E003134387
:10E3F0000B436364436C426C2B4002F003021A43EC
:10E40000436C03F0E0031343194330BC416470478D
:10E410004FF44071DFE700BF00400C4000FCFFFFFD
:10E4200000800C40AC49AD4B88422DE9F047AC4C24
:10E430005F699A69D4F80C8000F2FF8003F143739E
:10E4400003F5F4530333A3FB0013DB0D03EB83034A
:10E4500003EB830404F2B63440F227639C4228BFE6
:10E460001C46A04BA4F54874A3FB0434E4089B4964
:10E4700008F01F09D1F88030A14543F0C003C1F86E
:10E4800080300CD228F01F08A1F5F82148EA0408D2
:10E49000C1F80C800B68002BFCDA08F01F0917F09C
:10E4A000007324D190490D699049A94300F001817E
:10E4B00082F480513D464FF4805615F0605F04D0E1
:10E4C00027F060571F43854B5F6111F4405F07D011
:10E4D00022F44052814932438A618B6C1A07FCD482
:10E4E00047F000777D4A5761936C9B06FCD4804DC2
:10E4F000A84200F2E9804FF0010C0146634603FB9D
:10E50000011203F1010E0CF10106AA4218D8BEF166
:10E51000080F4FF0010340F08E80BCF1040F00F2B1
:10E52000A8800A18AA4200F2BB8006FB00F1B4469C
:10E5300003F1010E03FB01120CF10106AA42E6D918
:10E540000CF1FF318D0287EA81216A4810446A4A42
:10E55000904240F29680DFF8DCA16C226748624E60
:10E56000B0FBFEF0D6F800E0B0FBFCF0DFF8C8C16D
:10E570000EEA0C0CD44509D042F400524FF4805CF2
:10E58000C6F800C032603268002AFCDA534A1669C5
:10E5900006F007069E4203D01361936CDE03FCD4A1
:10E5A00011F4E05F09D027F4E05705F4E0554B4A39
:10E5B0002F435761936C9907FCD45149514A014448
:10E5C000914252D8504BC909A3FB0131090B4B1E94
:10E5D0001B0287EA030212F4407F06D027F440773B
:10E5E00003F440733D4A3B4353613C4A536923F073
:10E5F00000735361936C9B06FCD4444B4C45A3FBC6
:10E6000000234FF0FF324FEA9343B0FBF1F1B2FB2E
:10E61000F3F33F4A10603F4A11603F4A136008D24B
:10E6200028F01F082E4A48EA0404D4601368002B1F
:10E63000FCDABDE8F087734661E7384B984201D8B1
:10E640000E2414E7364B98423AD9364CA04239D9B9
:10E65000041B354B240AA3FB0434E40904EB8404B3
:10E6600004EB840404F2E244F6E64FF44073042120
:10E67000AFE70CF1FF311F4807238D02104487EAF2
:10E6800081212A4ADFF8B4A0A2FB0020020D28480D
:10E69000362A38BF362202FB00F042EA0A0A5EE759
:10E6A0004FEA8C25002387EA8C214FF0010EB446F7
:10E6B0004BE71E4687F0C05511464FF0C053FCE6AD
:10E6C0000F24D4E61224D2E600254FF0010C0246B6
:10E6D00039462B46E64638E7001C4E0E00C00F4078
:10E6E000000008401F85EB5100800D404030008045
:10E6F000FFB19F26808D5B00FF7EF64D00643F4D8D
:10E700007FD1F0087F17B42C9F10E50083DE1B43F8
:10E710008C800020888000201C1C0120FF0A6B1BBD
:10E7200000A4781F0046C32323B24C00819F5E16CD
:10E73000001BB7006C2000807F300180002000802B
:10E7400000B970472DE9F84F01218146214C224D37
:10E75000224E54E8003F2A68306844E80013002B3A
:10E76000F7D11F494B684FF47A7BDFF878A01B1A6A
:10E7700001270BFB02F8DAF80020A3FB02325A450E
:10E7800094BF9044D84454E8003F2A68306844E875
:10E790000073002BF7D14B68DAF800C01B1A0BFB93
:10E7A00002F2A3FB0C3CBCF57A7F94BF624402F5F5
:10E7B0007A72A2EB0802B2F57A7F06D3B9F10109A9
:10E7C00008F57A78DFD1BDE8F88F01F0D5FC04496F
:10E7D000D9E700BFE01C0120DC1C0120D81C01206F
:10E7E000001000E01C1C012030B40F4B4FF0010C56
:10E7F0000E4D0F4C53E8002F2868216843E800C2F3
:10E80000002AF7D10B4B5B680B4A5B1A4FF47A7105
:10E81000126801FB00F0A3FB023230BC8A4294BFB5
:10E8200080184018704700BFE01C0120DC1C01204C
:10E83000D81C0120001000E01C1C0120272816D83D
:10E840000201104B03EB00109B5810B4C2685C68C7
:10E85000144205D061B95DF8044BC3F888207047B5
:10E86000836851B1084A5DF8044B1A6070477047DD
:10E870005DF8044BC3F884207047044A5DF8044BEC
:10E880001A6070475879002038F0010038300100D4
:10E8900027280BD8064B020103EB00109A58C368D7
:10E8A00092681A4214BF0120002070470020704770
:10E8B00058790020272829D8164B0201012903EB9B
:10E8C00000109A5810B45368C4680ED004290CD0B4
:10E8D00023EA040353608368A9B1022917D00329EE
:10E8E0000CBF0D4A0D4A1A6007E02343012953600B
:10E8F000836808D040F638021A60436815225DF834
:10E90000044B1A60704738221A60F6E77047044AD1
:10E910001A60F2E758790020383001003800010011
:10E9200038F0010030B4124A0020124B0121124D80
:10E93000124CC2F8F032C2F8F402C2F8B810C2F8B1
:10E94000A000C2F8A450C2F8B0105369DB07FCD590
:10E9500051612378DB07F0D41368054943F00103C4
:10E9600013600B68DB07FCD462B630BC704700BF95
:10E9700000802A400504012401000F0000812A4084
:10E98000F8B50F46164672B6344B40F20641344A8B
:10E990009A610222DA610022C3F8A020C3F8F012C3
:10E9A000C3F8F422C3F8F822C3F8FC224FF4702213
:10E9B000C3F8A4200122C3F8B02020F01F0382195D
:10E9C000BFF34F8F4FF0E024C4F85C3F20339A42EE
:10E9D000FAD8BFF34F8FBFF36F8F204D6B69DA0703
:10E9E000FCD501231F49B2B220F07F406B6142F495
:10E9F0007022C5F8F01242F20121184CC5F8F41249
:10EA0000C5F8BC30C5F8A000C5F8A420C5F8B030E2
:10EA1000154D01E05B0609D4636913F00100F9D0DC
:10EA200041236361BDE8F840FFF77CBF082E0AD898
:10EA300036B13246394637440646284600F07AF861
:10EA400040236361E8E7A6F108000826394632460C
:10EA500037440646284600F06DF8F1E700802A406A
:10EA6000F05AF05A3204180880812A4010B472B665
:10EA7000284B0221284C00229C614FF47024D9615C
:10EA800040F20641C3F8F0120121C3F8F422C3F8A2
:10EA9000F822C3F8FC22C3F8A020A2F58052C3F8E4
:10EAA000A4400240C3F8B010BFF34F8F02F580516D
:10EAB00002F120034FF0E02C994234BF0121802164
:10EAC00002EB41118B42CCF85C2F1A4603F1200374
:10EAD000F8D1BFF34F8FBFF36F8F0E4A5369D90739
:10EAE000FCD501240D490E4B54610340C2F8F012CD
:10EAF0004FF470200749C2F8A030C2F8A400C2F851
:10EB0000B0404B69DB07FCD501235DF8044B4B613A
:10EB1000FFF708BF00802A40F05AF05A2004180876
:10EB200000F0FF0008B5F4F7F9F8F4F785FA01F002
:10EB300023FBFAE7844641EA000313F003036DD197
:10EB4000403A41D351F8043B40F8043B51F8043BB0
:10EB500040F8043B51F8043B40F8043B51F8043BB7
:10EB600040F8043B51F8043B40F8043B51F8043BA7
:10EB700040F8043B51F8043B40F8043B51F8043B97
:10EB800040F8043B51F8043B40F8043B51F8043B87
:10EB900040F8043B51F8043B40F8043B51F8043B77
:10EBA00040F8043B51F8043B40F8043B51F8043B67
:10EBB00040F8043B51F8043B40F8043B51F8043B57
:10EBC00040F8043B403ABDD2303211D351F8043BF7
:10EBD00040F8043B51F8043B40F8043B51F8043B37
:10EBE00040F8043B51F8043B40F8043B103AEDD2A6
:10EBF0000C3205D351F8043B40F8043B043AF9D2F7
:10EC0000043208D0D2071CBF11F8013B00F8013BC9
:10EC100001D30B8803806046704700BF082A13D3D6
:10EC20008B078DD010F003038AD0C3F10403D21AEE
:10EC3000DB071CBF11F8013B00F8013B80D331F822
:10EC4000023B20F8023B7BE7043AD9D3013A11F8A2
:10EC5000013B00F8013BF9D20B7803704B7843700D
:10EC60008B7883706046704701F0CEBE01F0D4BE51
:10EC700001F1FF3C70B56646002400E00134B0FBB2
:10EC8000F2F502FB1503092B03F1370E03F13003F4
:10EC90005FFA8EFE98BF5FFA83FE9042284606F820
:10ECA00001EFEBD2631C0022C818CA547CB1624643
:10ECB0001CF8015F10F8016DA1EB0C0302328CF817
:10ECC0000060013B521A057023449A42EFDB08466C
:10ECD00070BD00BF00230F2248F2B82C194610B5B2
:10ECE0004FF470444FF4806EA0F88C414FF46044B0
:10ECF000A0F88E210A46A0F89031B0F888319BB276
:10ED000043F0F003A0F8883101EB4103013100EB3F
:10ED1000431304299C80A3F806E05A841A865A807B
:10ED20005A81A3F80EC05A82DA825A83DA83EBD171
:10ED3000B0F888319BB243F00F03A0F88831B0F8E7
:10ED400088319BB243F47063A0F8883110BD00BFD6
:10ED5000374B384A996F384841F47F0170B599674D
:10ED600041F20106D3F8801045F6C05543F226045F
:10ED70000A43C3F88020FFF7ADFF00F58040FFF79E
:10ED8000A9FF00F58040FFF7A5FF00F58040FFF7E1
:10ED9000A1FF0022A0F503104FF00F0E114600EB6B
:10EDA00042134FEA421C01329981042A5981A3F887
:10EDB0000EE09E82DD8020F80C1019829C81EED13D
:10EDC00000221E484FF00F0E41F20106114645F693
:10EDD000C05543F2260400EB42134FEA421C0132B5
:10EDE0009981042A5981A3F80EE09E82DD8020F8E3
:10EDF0000C1019829C81EED1002211480F2641F29D
:10EE00000105114645F6C05443F2260E00EB4213AD
:10EE10004FEA421C01329981042A5981DE819D8288
:10EE2000DC8020F80C101982A3F80CE0EED170BD44
:10EE300000C00F40000003FC00C03D4000001E4029
:10EE400000401E40074A506A936A19468446506A39
:10EE5000936A9942F9D18445F7D1DB0B43EA4040EC
:10EE6000704700BF00400D4072B6EFF30583524C6F
:10EE7000C4F884301EF0040F0CBFEFF30882EFF3E8
:10EE800009824FF0E0234D4E4D4DD3F8280DD3F8B5
:10EE90002C1DC4E92201D3F8341DD3F8383DC4E950
:10EEA00024139369C4F89830D369C4F89C3000F0F7
:10EEB000D3F884ED280AFFF7C5FF0B214FF0FF328E
:10EEC000C4F8A4000B46C4F880103E49301D5A40D7
:10EED000202402F00103013C01FB03F383EA520208
:10EEE000F7D1A84202D073680646EFE7324BC3F869
:10EEF000A820BFF34F8F4FF0E0233049324AC3F8C8
:10EF0000701FC3F8702FBFF34F8FBFF36F8F2F4A5F
:10EF100002252F48D36E2F4943F44053D366056032
:10EF2000D3692D4823F07F0343F04003D3610B687E
:10EF300083423DD8264D00214FF0E0234FF0FF32B1
:10EF400029600126C5F808112449C5F80011C5F843
:10EF50000861C3F88021C3F88421C3F88821C3F86D
:10EF60008C21C3F8902101E000F068F9D5F80C314C
:10EF7000002BF9D00134C5F80C614F2CF4D9184B93
:10EF8000022018494FF00042C1F840015A63D5F8F9
:10EF90000C313BB9144815490D4A0163D2F80C31C4
:10EFA000002BFAD04FF0E023114AC3F80C2DFEE7F6
:10EFB000FFF738FABEE700BF00FF272080FF2720B9
:10EFC000A8FF27202083B8EDA0FF272000C00F4016
:10EFD000004008408C800020803DCD0B009F240025
:10EFE00000900D4000002E4000800F40F100AD0B5E
:10EFF0000400FA050A490A6838B108B51318094827
:10F00000834204D810460B6008BD1046704703F0D9
:10F010003BFD0C234FF0FF320360104608BD00BFDC
:10F020007881002000002820002070474FF0FF303A
:10F03000704700BF4FF4005300204B60704700BF83
:10F04000012070474FF0FF30704700BF30BFFDE731
:10F0500030BFFDE7FFF708BF124AD2F880305B07E8
:10F06000FBD5D2F880301048C3F30B230F4990ED45
:10F07000007A07EE903A91ED006AB8EE477A0C4AB2
:10F08000F8EEE77A0B4BD2ED006A77EEC77A93ED94
:10F09000007AB8EE477A67EE867A87EEA60A37EEF0
:10F0A000400A704700810D400C1C0120141C0120F7
:10F0B000181C0120101C0120836BF0B41BB1536895
:10F0C00043F40043536072B6446B3CB31A4B226066
:10F0D000D3F8B0410C421DD1184E776804E0746833
:10F0E000E41BB4F5166F0BD2D3F8404144F48044CE
:10F0F000C3F84041D3F8B851D3F840416404EED589
:10F100000D4007D10C4CC0E90225D4F8B0310B43B7
:10F11000C4F8B031426362B6F0BC7047064DC0E936
:10F120000224D5F8B0310B43C5F8B0310263426315
:10F1300062B6F0BC704700BF00002E40001000E037
:10F1400070B5056B9DB106462A46002403E012689F
:10F150000134012A0CD0536813F08003F7D03263D6
:10F160002CB12846B36B2D689847013CF9D170BD8E
:10F17000C6E90C33F4E700BF30B4D9B91F4C204BBB
:10F180000021204A01254FF0011099601D60C4E95B
:10F19000023180245C60C2F8BC01D2F8B0311A4858
:10F1A0002B43C2F8B0310160D2F8B031002BFBD153
:10F1B00030BC70470904154B104C012541F080010B
:10F1C0009860104A596000F580511D60D96000F5C3
:10F1D0000051A364196100F5405100F58040596168
:10F1E00000219861E164D2F8B03143F48033C2F871
:10F1F000B031D2F8B031002BFBD1C0E700000020C5
:10F20000208B002000002E40BC170120408B0020E6
:10F21000084901220B7802FA00F023EA0000087086
:10F2200030B9054AD2F8483123F08003C2F848319A
:10F23000704700BFA91D012000002E402DE9F04FAE
:10F24000974C83B0D4F84471FB07C4F8447153D58C
:10F25000D4F8AC21002A4AD0924EDFF860A2DFF841
:10F260007492DFF874B2DFF87482C4F8AC21D6E986
:10F270000A20D4F8403143F40053C4F84031D4F8A4
:10F2800040319D04F5D5D4F8403123F40053C4F83F
:10F2900040314FF00113C4F8B431D4F8B45115F033
:10F2A0000115FAD193B28446CAF80050B3F5086F3D
:10F2B00000F0CF8100F2DB8040F202318B4200F09F
:10F2C000E78100F29A80822B00F0CB81B3F5817F39
:10F2D00040F08A8010F0780F83B200F003824FF084
:10F2E0000113C4F8C031D4F8AC21002ABDD16C4A56
:10F2F000D2F8BC31002B42D17E0616D5684BD3F82C
:10F30000AC21C3F8AC21D3F8BC21C3F8BC21D3F89D
:10F31000B041002CFBD14FF0FF32C3F8B421D3F839
:10F32000843100F02DFD604B1C60FC0103D55F4B68
:10F330001B6803B19847B80103D55D4B1B6803B147
:10F340009847790708D5564BD3F8843113F40073E6
:10F3500047D0584B01221A70514BD3F848311A0646
:10F360000AD53B0608D5544A13782BB1013BDBB2D2
:10F370001370002B00F0728203B0BDE8F08F4F498C
:10F38000C2F8BC310868034240F0D181464A146893
:10F390001C40B1D05FEA144810D0424E4FF0010932
:10F3A00098FAA8F5B5FA85F506EBC51009FA05F542
:10F3B0004030FFF7C5FE38EA0508F1D1A4B2002CB1
:10F3C0009AD0384E4FF0010894FAA4F5B5FA85F5B5
:10F3D00006EBC51008FA05F5FFF7B2FEAC43F3D112
:10F3E0008AE7344A1370B7E7802B7FF478AF34484C
:10F3F00002210580FFF7C0FE75E7B3F5A06F00F0AE
:10F400000B81A3F5D063012B3FF669AF2D4B5D68EF
:10F41000002D3FF464AF1FFA8CFC4FEA124E04E05B
:10F420001D690C33002D3FF45AAF1A887245F7D18D
:10F430005A886245F4D14FEA1E22032A00F0A581C2
:10F440001A89000C824228BF0246BEF5007F40F0B8
:10F45000A181184B1C4918781C4B0192002818BF39
:10F4600019461B48FFF766FB194D019AE1E142F28C
:10F4700021218B427CD033D942F221318B4200F0E2
:10F4800081804FF6C0018B427FF429AF10F47F4F8B
:10F4900083B27FF424AF43F46E4363F30F0CB5E7FC
:10F4A00000002E4000000020C0170120F01C0120A9
:10F4B000F41C0120AF1D0120B01D0120BC1701204C
:10F4C000D41B0120C07E0020EC1E0060501F006095
:10F4D00020132120B41701205DCFC6B8C0012E40F3
:10F4E000B3F5106F66D042F221018B427FF4F7AE84
:10F4F000030C072B7FF4F3AEB24BB349F560D96030
:10F50000B249B360C3F80890C1E9002001221A6033
:10F51000AF4A5A60AF4A1A61D4F8B01141F0010104
:10F52000C4F8B01102F5805102F5005259619A6198
:10F53000D4F8B031002BFBD1A74AF36493600123C8
:10F54000B264136048F2800353604FF00113C4F8B3
:10F55000BC31D4F8B03143F48033C4F8B0314FF447
:10F560008033CAF80030D4F8B031002BFBD1BAE6B2
:10F5700080B238B9994BC2F307421968984B1960A9
:10F58000984B1A70944B00229A60F2640122B36483
:10F590001A6080225A604FF00113C4F8BC31D4F8CD
:10F5A000B03143F48033C4F8B031D4F8B031002B1B
:10F5B000FBD198E6C2F307428B4B1A708B4BC4F811
:10F5C000C8318B4BC4F8CC318A4BC4F8D03100F031
:10F5D000D9FB80222946884803F020F9874B8022F6
:10F5E000C6F8A0B0C6F8E0307B4BF5645A60012243
:10F5F000B3649D601A604FF00113C4F8BC31D4F8B5
:10F60000B03143F48033C4F8B031CAF80050D4F8B4
:10F61000B031002BFBD166E66F4B0121F564196018
:10F6200080219D60B36459604FF00113C4F8BC3170
:10F63000D4F8B03143F48033C4F8B031D4F8B031E9
:10F64000002BFBD1130C5B0643F08073C4F85431DC
:10F6500049E6654B01216A481B780370FFF78CFD72
:10F6600041E683B210F078007FF439AE03F07F02F8
:10F6700058F82210624A1080180600F19E80CB07CD
:10F6800001D50123137002215D48FFF775FD2AE6BD
:10F6900010F0780F83B27FF422AE03F07F0213F0F4
:10F6A000800F58F8223014BF43F4803343F0010335
:10F6B00048F822300022484BF2649A600122B36479
:10F6C0001A6080225A604FF00113C4F8BC31D4F89C
:10F6D000B03143F48033C4F8B031D4F8B031002BEA
:10F6E000FBD100E603F07F0213F0800F58F82230C0
:10F6F00014BF23F4803323F0010348F822300022A2
:10F70000354BF2649A600122B3641A6080225A6019
:10F710004FF00113C4F8BC31D4F8B03143F4803356
:10F72000C4F8B031D4F8B031002BFBD1DBE50020B8
:10F73000086026490C88486842F221018C427FF417
:10F7400025AE80B200287FF421AE2E492E4C03C98D
:10F75000A18086284FEA11412060A1717FF416AE86
:10F7600072B62A48017841F008010170D2F84811B8
:10F770000D0605D480200143C2F84401C2F84811A7
:10F7800062B6234A5021117000E6000C2A788242AA
:10F7900028BF0246BEF5E06F44D11E4B1E4D1878BF
:10F7A0001E491F4B0192002818BF19462846FFF733
:10F7B000C1F907236B70019A3BE0C9033FF561AFC4
:10F7C00061E700BF408B0020B4270120E08C0020BF
:10F7D00080000700B4370120208B0020DC1C0120B2
:10F7E000EC1C0120AD1D0120AE1D01200200CC004B
:10F7F000C80002000200C800800000201993D574E0
:10F80000D41B0120B4170120E41C0120A91D0120F4
:10F81000B01D0120AF1D012020132120501F0060CA
:10F82000EC1E00602946104D01922846FFF782F930
:10F83000019A25F01F031544BFF34F8F4FF0E021CD
:10F84000C1F8703F20339D42FAD8BFF34F8FBFF30A
:10F850006F8F05481146FFF78FFC44E50320FFF743
:10F86000D7FC0BF0B1FB00BF201321202DE9F0479E
:10F870001F46831E022B01D9BDE8F087DFF84C90AC
:10F8800015460C463C2209EBC01806464FEAC01A42
:10F89000002108F10400240402F0C0FFB5FA85F24B
:10F8A0000123520944EA427449F80A40C8F8387002
:10F8B000C8F80830002FDFD0034AB34011680B436B
:10F8C0001360BDE8F08700BFC017012000000020D2
:10F8D0002DE9F0470D46811E022901D9BDE8F087C8
:10F8E000C701DFF84C909246044640373C22002185
:10F8F0001E4609EB07082D0408F1040002F08EFFF4
:10F90000BAFA8AF2520945EA427249F807200122FE
:10F91000C8F83860C8F80820002EDFD0034B103438
:10F920001968A2400A431A60BDE8F087C017012099
:10F930000000002012048160C36101F5405342F0D1
:10F94000800210B40124426001F50052046001F508
:10F95000805401F58041C46081615DF8044BC0E9C9
:10F9600004237047831E0A46022B00D97047064BBA
:10F9700000F110014FF0010C03EBC0100CFA01F183
:10F980004030FFF799BB00BF00000020831E0A46ED
:10F99000022B00D970470121024B814003EBC010BC
:10F9A000FFF78ABB0000002040687047124A134BE3
:10F9B000D2F8200220F07F40984210B584B002D2E5
:10F9C00000EB800040000E4C01A90A22FFF750F91D
:10F9D00001A90023204611F8012B01333AB10A2B6B
:10F9E00020F8022FF7D11623237004B010BD5B005E
:10F9F000DBB2237004B010BD00441F408096980015
:10FA00005C87002000F0DCBA00F0ACBA00F010BB5C
:10FA100000F0CABA00F066BB00F03CBB08461146D5
:10FA200000F02CBBF8B5144C4FF0E025134E4FF40A
:10FA3000003204EB4024124F06EB40160346C5F893
:10FA40008C2121463A883046FFF774FF3B882344D7
:10FA5000BFF34F8FC5F85C4F2034A342FAD8BFF3F1
:10FA60004F8FBFF36F8F03203146FFF78FFF4FF4A7
:10FA70000033C5F80C31F8BDA0132120608B0020A5
:10FA80008E1D0120244B2DE9F0411C884368C56977
:10FA9000C3F30E43E41A002C24DD204920480A78E1
:10FAA0000078D3B21F4E82421F4807D010F803805F
:10FAB00036F81870C7F50072944218D90133002245
:10FAC00026F81540082B194E88BF134626F8152036
:10FAD00098BFDAB2C554164B0A701A6814441C60F9
:10FAE000BDE8F0812846BDE8F041FFF79BBF07EB7A
:10FAF0004820104922462744084401EB4521FFF7DE
:10FB000019F80B4A284626F8187013682344BDE8F4
:10FB1000F0411360FFF786BF8E1D0120A71D012055
:10FB2000A81D0120E01B0120001C0120F01B01206A
:10FB3000DC1B0120A01321201D4B1A78002A36D18E
:10FB400002F0FF031B4A12788AB32DE9F0411A4DE7
:10FB50002A8852B3194EC2F50068194F3278194CF1
:10FB600007EB421704EBC224424638462146FFF712
:10FB7000E1FE04EB0802BFF34F8F4FF0E023C3F820
:10FB8000704F2034A242FAD8BFF34F8FBFF36F8F6C
:10FB900004203946FFF7E6FE33780133DBB2032B4E
:10FBA00088BF0023337000232B80BDE8F0817047AD
:10FBB000AC1D0120AE1D0120901D0120AB1D0120B8
:10FBC000608C0020A02321202DE9F04F85B0CDE9E5
:10FBD0000110002900F0BF800023604CDFF89881FD
:10FBE000DFF898A15E4F009301235E4A23705E4BBD
:10FBF0001978B8F8003002EB4119002B40F0A780CB
:10FC00001E461D469B464846FFF7CEFE10F080007C
:10FC100000F08C80BFF34F8F9AF8003084F800B06A
:10FC200005B93E68002B7DD13B689B1B782B00F209
:10FC300087804E4B1B78002B74D000F09DFA012278
:10FC4000B8F8003015462270002BDCD0464AC3F5C8
:10FC5000006011781A4600EBC120454DC9022844C6
:10FC6000019D954217D20393DDE901512A46FEF723
:10FC700061FF039B4FF040425B1BA8F800303D4BF7
:10FC8000C3F88420BFF34F8F0098002328442370CB
:10FC900005B0BDE8F08F364BCD180299FEF74AFF4C
:10FCA00000234FF4006229464846FFF743FEBFF3A6
:10FCB0004F8F05F1200205F50063934234BF012305
:10FCC00040234FF0E02205EB4313C2F8705F20356C
:10FCD000AB42FAD1BFF34F8FBFF36F8F0420494679
:10FCE000FFF740FE204A13780133DBB2032B84BFB9
:10FCF00000231D4A1370B8F80030019AD11A009AF7
:10FD00001A4401910092029A1A4400230292194A5D
:10FD1000A8F80030C2F88430BFF34F8F2370002959
:10FD20007FF462AF009805B0BDE8F08F4FF4006239
:10FD30000D4B8AF8000019781346A8F800208AE7CE
:10FD4000012300988AF8003005B0BDE8F08F1A460C
:10FD5000C3F500607FE70198E5E700BFAC1D012017
:10FD6000DC1C0120608C0020AB1D0120AE1D012099
:10FD7000A023212000002E40901D0120AA1D01205B
:10FD8000704700BF2D4B002180222D4870B51B7895
:10FD900000242C4D8B422C4E0CBF40234FF400739B
:10FDA0002B80338002F03AFD284A2146284B1470FC
:10FDB0004FF4807227481C8002F030FD264A102143
:10FDC000264B0220C2E90044C2E90244244AC3E9A6
:10FDD00000441470234AC3E90244234B1C70234699
:10FDE00014602246FFF774FD2246318803201F4B22
:10FDF000FFF73CFD2346012229880420FFF768FD18
:10FE000020460134FFF70EFE082CF9D1184B0021D3
:10FE10004A221848184C0460C3F88410C3F88020A4
:10FE2000D3F84821154942F08072C3F8482121B126
:10FE3000134A137843F00103137070BDAF1D012006
:10FE4000608C0020921D01208E1D0120AB1D012021
:10FE5000901D0120608B0020E01B0120F01B012081
:10FE6000A71D0120DC1B0120A81D0120C5DA000010
:10FE700000002E40F01C012079DB00000000000093
:10FE8000B11D01202DE9F04F4FF0E0234FF4003277
:10FE9000DFF8C8A083B0C3F88C218B469AF80040E5
:10FEA00000294FD08046E4B20027DFF8B490264BFB
:10FEB000ABEB070225491B78A34204F101043FD0B4
:10FEC000092C234B404628BF00241E5D39F816C07C
:10FED0000CEB462319441F4B33F81650A5EB0C05C9
:10FEE000AA421CD20CEB462C18491B4C61440192CF
:10FEF000FEF720FE216839F816505846019AA1EB0A
:10FF00000B012A44394429F8162021604FF0E023E0
:10FF10004FF40032C3F80C2103B0BDE8F08F2A463D
:10FF20002F44FEF707FE0C49E3B230460A68A844A6
:10FF3000521B0A608AF80030FFF774FDBB45B6D843
:10FF40003846E3E70846E1E7A71D0120A01321207A
:10FF5000001C0120E01B0120DC1B0120A81D01204A
:10FF6000F01B01200B4B0C4A12781978D3B28A424D
:10FF70000DD0013309480A4A092B0A4928BF00233A
:10FF8000C35C31F8131002EB4323585C70474FF009
:10FF9000FF307047A71D0120A81D0120001C012073
:10FFA000A0132120F01B0120044B10B51C680CB1DC
:10FFB000204610BD00F0E0F8204610BDDC1B0120FB
:10FFC0002DE9F84F144E154D33782A78934221D0FD
:10FFD000DCB2DFF85090DFF850B0DFF85080104FFF
:10FFE0000134082C5FFA84FA01D90024A24619F8DA
:10FFF0000400DBF8003038F8102037F81010521ADF
:02000004600199
:100000009B1ACBF80030FFF70DFD86F800A02B7887
:10001000A342E5D1BDE8F88FA81D0120A71D01204E
:10002000F01B0120001C0120DC1B0120E01B012033
:1000300000B583B001210DF10700FFF723FF20B1C8
:100040009DF8070003B05DF804FB4FF0FF30F9E7BF
:10005000094B00B583B01B788DF807003BB1012137
:100060000DF10700FFF7B0FD03B05DF804FB03F0EE
:10007000FF0003B05DF804FBAE1D0120044B1B78AC
:1000800003F0FF020BB1FFF79FBD1046704700BFA2
:10009000AE1D01202DE9F0410024DFF8448001234A
:1000A0000D4D27460D4E88F8003033782846203510
:1000B000A34204F1010405D0FFF776FC030658BF04
:1000C00007F50067042CF0D1BFF34F8F00233846AB
:1000D00088F80030BDE8F081608C0020AB1D012065
:1000E000AC1D01202DE9F8431D4B1B7813B11D4DAC
:1000F0002A880AB9BDE8F8831B4EC2F500691B497E
:1001000033784A461A4C01EB43181A4F04EBC324C8
:10011000012340463B7021460023FFF70BFC04EB14
:100120000902BFF34F8F4FF0E023C3F8704F203424
:10013000A242FAD8BFF34F8FBFF36F8F042041461E
:10014000FFF710FC33780133DBB2032B88BF0023A9
:10015000337000232B80BFF34F8F3B70BDE8F883D3
:10016000AE1D0120901D0120AB1D0120608C0020E0
:10017000A0232120AC1D01202DE9F8432D4B1E7832
:1001800066B12D4F3B784BB90123F1073B7043D447
:10019000B20726D400233B70730701D4BDE8F8836F
:1001A000264B1A68002AF9D0EFF30582002AF5D110
:1001B000EFF3108572B61868002834D0204C2178EF
:1001C000002930D10122227042691A60002A2ED003
:1001D000916105B962B60025836845779847257017
:1001E000DCE7DFF8648098F80030002BD2D00025DF
:1001F000DFF858902B4659F82340013523682046F4
:100200001B69984710B163699B68984798F800206C
:10021000EBB29A42EFD8BDE7FFF7C6FE0028B7D091
:10022000AFF30080B4E7002DB8D162B6B6E7054B56
:100230001A60CEE7B11D0120A41D0120C09300204B
:100240009F1D0120CC930020A31D0120709400204D
:100250009FED010A704700BF0000C07F10EE103A0A
:10026000B3F17E5F10EE102A38D0A3F50001B1F192
:10027000FE4F36D2BFEE000B02F14043264903F594
:100280004D03C3F3C34001EB001091ED404B91EDE2
:10029000445B91ED467B91ED426BD90DC90590ED24
:1002A000002B521A03EE902A90ED021BDB15B7EEDD
:1002B000E33AA2EE030B03EE903A20EE002BA5EEFC
:1002C000007BB8EEE33BA6EE027BA3EE041B30EE10
:1002D000010BA2EE070BB7EEC00B70479FED0F0AA4
:1002E0007047590014D0B3F1FF4F14D0002B0BDB33
:1002F000B1F17F4F08D2DFED0A7A60EE277A17EE70
:10030000903AA3F13862B5E700EE103A00F028B851
:10031000012000F013B870478002002000000000A8
:100320000000004B10B582B08DED010A044602F0CA
:10033000ABFB9DED010A046002B010BD9FED070A02
:10034000FFEE007AB7EE007A00284FF0220047FE59
:10035000277A87EE800AFFF7E5BF00BF00000000A4
:1003600070EE407AB4EE400A87EEA77AF1EE10FA0A
:10037000B0EE470A02D62120FFF7D4BF704700BF76
:1003800003460846194601F0F3BF00BF81F0004163
:1003900002E000BF83F0004330B54FEA41044FEA6A
:1003A000430594EA050F08BF90EA020F1FBF54EA05
:1003B000000C55EA020C7FEA645C7FEA655C00F0A1
:1003C000E2804FEA5454D4EB5555B8BF6D420CDD72
:1003D0002C4480EA020281EA030382EA000083EAF5
:1003E000010180EA020281EA0303362D88BF30BD95
:1003F00011F0004F4FEA01314FF4801C4CEA1131EB
:1004000002D0404261EB410113F0004F4FEA033349
:100410004CEA133302D0524263EB430394EA050FD4
:1004200000F0A780A4F10104D5F1200E0DDB02FA43
:100430000EFC22FA05F2801841F1000103FA0EF2D7
:10044000801843FA05F359410EE0A5F120050EF19D
:10045000200E012A03FA0EFC28BF4CF0020C43FACE
:1004600005F3C01851EBE37101F0004507D54FF0DB
:10047000000EDCF1000C7EEB00006EEB0101B1F52B
:10048000801F1BD3B1F5001F0CD349085FEA300071
:100490004FEA3C0C04F101044FEA445212F5800F7C
:1004A00080F09A80BCF1004F08BF5FEA500C50F119
:1004B000000041EB045141EA050130BD5FEA4C0CFC
:1004C000404141EB0101013C28BFB1F5801FE9D259
:1004D00091F0000F04BF01460020B1FA81F308BF7C
:1004E0002033A3F10B03B3F120020CDA0C3208DD48
:1004F00002F1140CC2F10C0201FA0CF021FA02F123
:100500000CE002F11402D8BFC2F1200C01FA02F192
:1005100020FA0CFCDCBF41EA0C019040E41AA2BFB7
:1005200001EB0451294330BD6FEA04041F3C1CDA7F
:100530000C340EDC04F11404C4F1200220FA04F09F
:1005400001FA02F340EA030021FA04F345EA030149
:1005500030BDC4F10C04C4F1200220FA02F001FA0B
:1005600004F340EA0300294630BD21FA04F029468D
:1005700030BD94F0000F83F4801306BF81F4801126
:100580000134013D4EE77FEA645C18BF7FEA655C99
:1005900029D094EA050F08BF90EA020F05D054EA6B
:1005A000000C04BF1946104630BD91EA030F1EBF70
:1005B0000021002030BD5FEA545C05D14000494174
:1005C00028BF41F0004130BD14F580043CBF01F567
:1005D000801130BD01F0004545F0FE4141F470014D
:1005E0004FF0000030BD7FEA645C1ABF1946104628
:1005F0007FEA655C1CBF0B46024650EA013406BF29
:1006000052EA033591EA030F41F4002130BD00BFE7
:1006100090F0000F04BF0021704730B54FF48064A4
:1006200004F132044FF000054FF0000150E700BF25
:1006300090F0000F04BF0021704730B54FF4806484
:1006400004F1320410F0004548BF40424FF0000171
:100650003EE700BF42004FEAE2014FEA31014FEAB4
:1006600002701FBF12F07F4393F07F4F81F0605103
:10067000704732F07F4208BF704793F07F4F04BF4E
:1006800041F40021704730B54FF4607401F000452B
:1006900021F000411CE700BF50EA010208BF70478B
:1006A00030B54FF000050AE050EA010208BF70477C
:1006B00030B511F0004502D5404261EB41014FF4E5
:1006C000806404F132045FEA915C3FF4D8AE4FF0ED
:1006D00003025FEADC0C18BF03325FEADC0C18BFD0
:1006E000033202EBDC02C2F1200300FA03FC20FA21
:1006F00002F001FA03FE40EA0E0021FA02F114446E
:10070000BDE600BF53B94AB9002908BF00281CBF85
:100710004FF0FF314FF0FF3000F070B9ADF1080C31
:100720006DE904CE00F006F8DDF804E0DDE902230F
:1007300004B070472DE9F047089E0D4604460F4669
:10074000002B4AD18A42944665D9B2FA82F343B16A
:1007500002FA03FCC3F120029F4020FA02F2174381
:100760009C404FEA1C4E1FFA8CF5B7FBFEF1220CA1
:100770000EFB117742EA074201FB05F090420AD9CD
:100780001CEB020201F1FF3780F01C81904240F225
:10079000198102396244121AA4B2B2FBFEF00EFBB8
:1007A000102244EA024400FB05F5A5420AD91CEBDD
:1007B000040400F1FF3280F00781A54240F2048179
:1007C0006444023840EA0140641B00211EB1DC4051
:1007D0000023C6E90043BDE8F0878B4208D9002E0C
:1007E00000F0ED800021C6E900050846BDE8F0876D
:1007F000B3FA83F1002949D1AB4202D3824200F21D
:10080000F880841A65EB030201201746002EE2D01F
:10081000C6E90047DFE702B9FFDEB2FA82F3002B38
:1008200040F090808A1A4FEA1C471FFA8CFE012183
:10083000B2FBF7F507FB1520220C42EA00420EFB43
:1008400005F0904208D91CEB020205F1FF3802D2F4
:10085000904200F2CB804546121AA4B2B2FBF7F0E8
:1008600007FB102244EA02440EFB00FEA64508D90D
:100870001CEB040400F1FF3202D2A64500F2BB805B
:100880001046A4EB0E0440EA05409FE7C1F12007A3
:100890008B4022FA07FC4CEA030C05FA01F420FA1B
:1008A00007F3FD404FEA1C492343B5FBF9F81FFA53
:1008B0008CFE09FB18551C0C44EA054408FB0EF598
:1008C000A54202FA01F200FA01F00BD91CEB040474
:1008D00008F1FF3A80F08880A54240F28580A8F1B7
:1008E00002086444641B9DB2B4FBF9F309FB134492
:1008F00045EA044403FB0EFEA64508D91CEB04049C
:1009000003F1FF356CD2A6456AD9023B644443EA41
:100910000843A3FB0295A4EB0E04AC42C846AE46C6
:1009200056D353D056B1B0EB080264EB0E0404FA70
:1009300007F7CA40CC401743C6E9007418460021A7
:10094000BDE8F087C3F1200102FA03FC20FA01F2AE
:1009500025FA01F19D402A434FEA1C471FFA8CFEFD
:10096000B1FBF7F007FB1015110C41EA054100FB44
:100970000EF58D4204FA03F408D91CEB010100F1D5
:10098000FF382FD28D422DD902386144491B92B2D3
:10099000B1FBF7F507FB151142EA014205FB0EF129
:1009A000914208D91CEB020205F1FF3816D29142A0
:1009B00014D9023D6244521A45EA004138E73146F3
:1009C000304608E73946E6E61046FBE64845A9D238
:1009D000B9EB020865EB0C0E013BA3E74546EAE7DD
:1009E0002B4694E74046D1E7D0467BE7023D624480
:1009F00032E708460AE76444023842E7704700BF1E
:100A00000A22002101F0A6BC024B0146186800F042
:100A10000BB800BF08870020024B0146186802F09F
:100A20009BBB00BF088700202DE9F04F01F10B06AA
:100A3000162E83B0044624D8102900F2BA8000F0A4
:100A4000A3FA102618220220B54F3A44A2F1080159
:100A500053688B4200F0BA805A68D96822F00302CA
:100A60001A449D68E9608D60516841F0010120469B
:100A7000516003F1080500F08DFA284603B0BDE887
:100A8000F08F36F0070600F19480B14200F29180B9
:100A900000F07AFAB6F5FC7FC0F09A81730A00F094
:100AA0008F80042B00F26F81B30903F1390003F149
:100AB000380CC3009A4F3B44A3F108055B689D4284
:100AC00006D10CE0002980F22781DB689D4206D028
:100AD0005A6822F00302911B0F29F3DD60463D693D
:100AE000DFF850C265457CD06A6822F00302931B90
:100AF0000F2B00F37B81002BC7E904CC80F26C81C3
:100B0000B2F5007F80F01A81D308796801334FEA8B
:100B1000521E012202FA0EF20A4357F833E0C5F8DA
:100B200008E007EBC3010839E9607A6047F8335001
:100B3000CEF80C50831001219940914257D81142B0
:100B400006D120F003004900114200F10400FAD060
:100B500007EBC0094D468646D5F80C80454508D1BF
:100B60001DE1002B80F22481D8F80C80454500F06F
:100B70001681D8F8042022F00302931B0F2BF0DD1E
:100B80002046D8E9025408EB060146F00106C8F8F1
:100B90000460EC60A56043F00104C7E90411C1E9F9
:100BA00002CC4C6048F8023000F0F4F908F1080576
:100BB00002E00C2323600025284603B0BDE8F08F37
:100BC0004FF4007340204FF03F0C73E7D3689A4214
:100BD00008BF02307FF440AF3D69DFF858C165457A
:100BE00082D17A688310012199409142A7D9BD68CA
:100BF0006B6823F003094E4503D8A9EB06030F2BBE
:100C00007ADCDFF834B1474BDBF800201B68013297
:100C1000334405EB090A00F0338103F580530F33A9
:100C200023F47F6828F00F084146204601F004FFB6
:100C3000411C024600F0F380824500F2EE803A4B00
:100C4000196841441960084600F04E81DBF8001035
:100C5000019301311BBFA2EB0A010918CBF8002058
:100C6000196012F0070B00F01781CBF108010A445C
:100C7000CBF5805190440831A1EB0801C1F30B0A78
:100C800051462046009201F0D7FE421CDDE90023C8
:100C900000F04F81801A00EB0A081968BA6048F02A
:100CA00001005144BD425060196000F02981B9F142
:100CB0000F0F40F227816868A9F10C0C2CF0070C8B
:100CC00000F0010040EA0C0068604FF0050E05EBF3
:100CD0000C00BCF10F0FC0E901EE00F23281506848
:100CE0001546124B1A688A4238BF1960104B1A68B1
:100CF0008A4238BF196094E0AA1943F0010346F014
:100D000001066E602046BA60536000F043F9083572
:100D1000284603B0BDE8F08FD9681A44A1E600BFA9
:100D2000EC8200206C1601203C1601206416012084
:100D300068160120F4820020F4860020B2F5206FAE
:100D40004FEA522363D3142B00F2B78003F15C0106
:100D5000C9005B3307EB010E7958AEF1080E8E45E2
:100D600000F091804B6823F00303934202D9896815
:100D70008E45F7D1D1F80CE07A68C5E9021ECEF8AD
:100D80000850CD60D6E6142B59D9542B00F29D8023
:100D9000330B03F16F0003F16E0CC3008AE60EF112
:100DA000010E1EF0030F05F108057FF4D5AE51E0EA
:100DB000424445465368D8F80C1043F00103536091
:100DC00055F8083F2046D9608B6000F0E3F8F3E661
:100DD000F00806F1080237E62A442046536843F03B
:100DE00001035360083500F0D5F8E5E6A91920465F
:100DF00046F0010643F001046E60C7E90411C1E941
:100E000002CC4C60AB5000F0C5F80835D4E693092D
:100E100003F13901C90038339CE7BD425FD0BD689A
:100E2000686820F003084645A8EB060302D80F2B9C
:100E30003FF762AF204600F0ADF80025BCE603F1B5
:100E40005C0003F15B0CC30034E659F808394B45EC
:100E500040F0968010F0030F00F1FF30F5D17B6871
:100E600023EA01037B60490099423FF6C0AE19B9FD
:100E7000BDE649000EF1040E1942FAD0704667E64D
:100E800003F11008D0E69A104FF001087B6808FAC9
:100E900002F21A437A6070E702EB08014942C1F39B
:100EA0000B0A51462046009201F0C6FD431CDDE9C5
:100EB00000237FF4EFAEDA46EFE6542B25D8130B70
:100EC00003F16F01C9006E3344E7B3F5AA7F25D85B
:100ED000F30B03F1780003F1770CC300EAE5294B2B
:100EE000186840441860B1E6CAF30B0CBCF1000F5F
:100EF0007FF4ACAEBD68C84448F001006860F0E61D
:100F00001546EEE60123536094E7B3F5AA7F23D894
:100F1000D30B03F17801C90077331BE740F2545239
:100F2000934223D8B30C03F17D0003F17C0CC30082
:100F3000C0E5ABF1080BD844A8EB02084FF0000A5B
:100F4000ABE605F108012046009302F005F9BD6803
:100F5000009B68681968C4E640F254518B420BD874
:100F6000930C03F17D01C9007C33F3E64FF47E73EB
:100F70007F204FF07E0C9DE54FF47E717E23E9E6E5
:100F80007B6870E73C160120014801F0ABBD00BF53
:100F900034160120014801F0A7BD00BF341601201E
:100FA00010B4044C03460A4620685DF8044B194609
:100FB00000F002B8088700202DE9F84F17460029F5
:100FC00000F098800C4607F10B058046FFF7DCFF28
:100FD000162D54F8041C5BD810252A46AF425CD865
:100FE00021F003069642A4F1080962DABC4BD3F85B
:100FF00008C009EB0600844500F09780D0F804C0D3
:101000002CF0010303445B68DB0768D42CF0030C6D
:1010100006EB0C03934247DACB0710D454F8083C94
:10102000A9EB030ADAF8043023F003018C44B4443A
:10103000944580F211817318934280F2E88039461A
:101040004046FFF7F1FC0746E0B154F8043C23F0BA
:1010500001034B44A0F10802934200F0D280321FFA
:10106000242A00F2F580132A00F2AC8003462246BF
:10107000116819605168596092689A60214640462B
:1010800002F06AF84046FFF785FF3846BDE8F88F62
:1010900025F00705002D2A46A0DA0C23C8F80030F9
:1010A00000273846BDE8F88F1E46D0E90223D360FA
:1010B0009A60731B0F2B22D8D9F8043003F0010378
:1010C00033434E44C9F80430736843F0010373603E
:1010D00040462746FFF75EFF3846BDE8F88FC90750
:1010E000ADD454F8083CA9EB030ADAF8041021F057
:1010F0000301A0E7BDE8F84F1146FFF795BCD9F80A
:10110000042009EB050102F001024E4443F0010303
:101110002A43C9F804204B60736843F00103083187
:101120007360404602F018F8D2E7DCF8040020F0C3
:10113000030B06EB0B0C05F1100084454DDAC907D3
:101140003FF57DAF54F8081CA9EB010ADAF804104A
:1011500021F003018B44B34458453FF76CAF574629
:10116000DAF80C1057F8080F321F242AC160886083
:1011700000F2DB80132A40F2D6802168CAF80810FA
:101180006168CAF80C101B2A00F2DF8008340AF1EB
:1011900010022168116061685160A16891600AEBDA
:1011A0000501ABEB050242F0010299604A60DAF8F2
:1011B000043003F001032B434046CAF80430FFF724
:1011C000E9FE6EE723680360636843601B2A68D802
:1011D00004F1080200F108034AE709EB05029A60EE
:1011E000ACEB050343F00103536054F8043C03F0F7
:1011F00001032B43404644F8043CFFF7CBFE27464F
:101200004FE750F8043C23F003031E4451E75746D0
:10121000DAF80C1057F8080F321F242AC1608860D2
:101220004CD8132A48D92168CAF808106168CAF84E
:101230000C101B2A56D808340AF110021E462368E7
:10124000136063685360A3689360D1463C4630E7FF
:10125000214601F067FA11E7D0E902135746CB6047
:10126000996057F8081FDAF80C30CB60321F242A37
:1012700099602DD8132A29D92368CAF808306368E1
:10128000CAF80C301B2A42D808340AF1100322682D
:101290001A6062685A60A2689A606646D1463C4607
:1012A00007E7A3688360E368C360242A26D004F1BB
:1012B000100200F11003DBE63A46BFE7214638464C
:1012C0001E46D14601F02EFA3C46F2E63B46DEE7EA
:1012D000214638466646D14601F024FA3C46E8E607
:1012E000EC820020A168CAF81010E168CAF8141056
:1012F000242A20D010340AF118029FE723690361E1
:101300006169416104F1180200F11803B0E6A368B5
:10131000CAF81030E368CAF81430242A21D01034F7
:101320000AF11803B3E73A4633E72146384601F09D
:10133000F9F9164B33E72269CAF818206269CAF82E
:101340001C2018340AF1200278E7A168CAF81010AE
:10135000E168CAF81410242A0DD010340AF11802DA
:1013600017E72369CAF818306369CAF81C301834C3
:101370000AF120038BE72269CAF818206269CAF8CB
:101380001C2018340AF1200203E700BFEC82002081
:101390002DE9F04F2DED108B97B08A460021079272
:1013A000129100220021CDE904128046514611918C
:1013B0000F4611F8012B2D2A5ED801A050F822F01B
:1013C000A1F50000B9F40000B9F40000B9F4000080
:1013D000B9F40000B9F40000B9F40000B9F4000059
:1013E000B9F40000EFF30000EFF30000EFF30000AA
:1013F000EFF30000EFF30000B9F40000B9F40000CF
:10140000B9F40000B9F40000B9F40000B9F4000028
:10141000B9F40000B9F40000B9F40000B9F4000018
:10142000B9F40000B9F40000B9F40000B9F4000008
:10143000B9F40000B9F40000B9F40000B9F40000F8
:10144000EFF30000B9F40000B9F40000B9F40000B3
:10145000B9F40000B9F40000B9F40000B9F40000D8
:10146000B9F40000B9F40000B9F40000DBFB00009F
:10147000B9F40000C7FB000000210991302A7DD09B
:10148000002308932F2A144640F2CD844FF0000920
:1014900038464E464D4612E00130082D1190C8BF27
:1014A00009EB89090478C6BF02EB4902A2F13009B1
:1014B000A3F130062F2C05F1010522466FDD06EB66
:1014C0008603392C02EB4303E6DD9F49012201F03C
:1014D000F7F9002837D1119B1A460133119354783C
:1014E000002D40F04385302C40F02485C3F10102EB
:1014F0009818013311931C78302CF9D0A4F13103E2
:10150000082B00F20183119F431CA4F1300B0B93B5
:101510000125BC464FF0000E06EB86060BEB460697
:1015200000200CF1010311939CF80140A4F130015B
:10153000092900F2BB8201308B46002940F04F841C
:10154000DDF844C0EDE70020652CAE460B908446E4
:1015500001D0452C30D1002D6BD1089B034367D1BE
:10156000079B9FED778B13B1079BC3F800A0B0EEEC
:10157000480B17B0BDEC108BBDE8F08F7A7802F005
:10158000DF02582A00F00C84013711973A78302A8C
:10159000FAD0002A00F0B7800123089372E76A4965
:1015A000012201F08DF9002800F0C080AE464FF016
:1015B000000CCDF82CC060464FF0000B002D7ED003
:1015C00007EE906A0B9BB8EE677BABEB0303BEF1B3
:1015D000000F08BFAE46102D0A932B46A8BF10235C
:1015E000092D8DED047B0CDD584A02EBC30212ED90
:1015F000125B06EE909AB8EE666BA7EE056B8DED6A
:10160000046B0F2D00F3A8800A9A002A00F0E483EF
:101610000A9A40F33C83162A40F398840A99C5F14C
:1016200025028A4280F2A6840A9AEB1A134499E0B2
:101630000025DDF844A00AF1010311939AF8014056
:101640002B2C00F05E822D2C00F0F78100230A93F2
:10165000A4F13003092B00F2EB81302C05D1119B52
:10166000013311931C78302CFAD0A4F13103082BEC
:10167000A2D8119A0C92531C1193A4F1300B5478F8
:101680002F2C07DCDEE3013311934C782F2CA2F1D1
:10169000300B06DD0BEB8B02392C194604EB4202B2
:1016A000F1DD0C9A9B1A082B40F3CC8344F61F6B98
:1016B0000A9B002B82D0CBF1000B002D80D1089B20
:1016C000034320D1BCF1000F7FF44AAF692C00F036
:1016D000CF8300F3F382492C00F0CA834E2C7FF4B1
:1016E0003FAF1B4911A802F059F900283FF438AF69
:1016F000119B1B78282B00F0F284164801F090FC17
:10170000B0EE408B01E09FED0E8B079A0AB1119B62
:101710001360099B002B3FF42AAFB1EE488BB0EE6B
:10172000480B17B0BDEC108BBDE8F08F119B0B90F0
:101730005A1C11925C78AE46F8E600BFAFF3008009
:1017400000000000000000008C070020C8030020FB
:10175000D40E00202C0700200A9AEB1A1344002B09
:1017600040F3B08213F00F010AD0C34A02EBC1026A
:101770009DED046B92ED007B27EE067B8DED047BE7
:1017800033F00F0240F038820023089300962B4676
:1017900072463946404602F08DFA8146002800F034
:1017A000E1820B9BA3EB0B0B0A9B9FEDA9EB002B9C
:1017B0009FEDA9CB9FEDAADB9FEDABBBB4BF5A4613
:1017C00000224FF0000A23EAE3730B920C93544675
:1017D000D9F80410404602F0EBF90646002800F064
:1017E0000E81D9F810209DED048B0232920009F190
:1017F0000C010C30FDF79EF9B0EE480B14AA13A9AA
:10180000404602F013FE1290002800F0E48001210F
:10181000404602F0F7FA0446002800F0F080139AE0
:10182000002AC0F2DE800B9B0C9F02EB030B089B8F
:10183000149DD21A2A44914B013A9A42C5F13605B9
:1018400080F29880991A1F29A5EB010500F3E38027
:10185000012202FA01F30D9300230E932F44089BFB
:101860005D44AB455A461F44A8BF2A46BA42A8BFAA
:101870003A46002A03DDAD1ABF1AABEB020B0B9BF5
:10188000002B00F38880002D00F39C800A9B002B26
:1018900000F3B780002F00F3A980BBF1000F08DD33
:1018A00021465A46404602F0E9FB0446002800F073
:1018B000A68012993246404602F07AFC8246002801
:1018C00000F09D800023C568C360214602F04EFCF5
:1018D0000028C0F2C78300F061832146504602F021
:1018E0000FFEB0EE007BB4EEC70BF1EE10FA46D857
:1018F000002D00F0CB80B7EE009B0598604B0022D6
:101900006049DFF884C100EA0107674500F0D48030
:10191000089959B1B7F1D46F08D8B4EECB9BF1EE6A
:1019200010FA40F2568103F1D661CB1BB0EE480BA2
:1019300043EC1A2B02F0E6FCAAEE008B8DED048B33
:1019400018EE903A089A22B94E4A1A40974200F08F
:10195000E4801299404602F051F93146404602F0C7
:101960004DF92146404602F049F95146404602F001
:1019700045F92DE701230021CDE90D316EE7B6EEE3
:10198000009B20EE099B002D5FD1B1EE497B0598AD
:1019900053EC172BB4E721461A46404602F00EFBE3
:1019A000044660B30146129A404602F059FA30B339
:1019B0000F901299404602F021F90F9A1292002DD1
:1019C0007FF764AF12992A46404602F057FB129007
:1019D00000287FF45BAF22239FED258BC8F80030F1
:1019E000BCE00C9BDDF82CB09F1A20E731463A464C
:1019F000404602F043FB064600287FF44EAF1298A3
:101A0000E9E731460C9A404602F0D8FA064600282B
:101A10007FF440AFF3E7C2F17F4202F57F0202F5A7
:101A20007B420121E23201FA02F3CDE90D1315E701
:101A3000CDF844A04FF0000BC0E501230A930AF152
:101A4000020311939AF8024002E6B0EE497B9EE74A
:101A50009535A094FFFFCF3F9535A094FFFFDF3F62
:101A600035E5AF350000E03F0000C0FFFFFFDF417C
:101A7000000000000000F07FC803002002FCFFFF10
:101A80000000F03F0000F07F0000E07FDDE904127D
:101A9000002900F08580DDE90412012900F0D881D9
:101AA0001046B74BB7EE009B002229E7652C4FF09C
:101AB000010C3FF4BEAD4CE543EC1A2BA0F154737E
:101AC00005939DED04FBB0EE4F0B02F01BFCAD49FE
:101AD000AAEE00FB1FEE903AAB4A194091428DED01
:101AE00004FB72D9A94B18EE902A9A4203D118EE42
:101AF000103A013383D0A54A4FF0FF33CDE90432C9
:101B000027E700230A939AE7652C00F0D080452C44
:101B100000F0CD804FF0010CD1E551EC190B0D9385
:101B200009F00CFAFEF7C0FD049B1D430D9B41EC30
:101B3000170BC3F313031D4339EE479B00F0A0803E
:101B4000B4EECC9BF1EE10FA05D4B4EECD9BF1EEE1
:101B500010FA7FF7FEAE9DED048B129801464046C9
:101B600002F04CF83146404602F048F82146404623
:101B700002F044F84946404602F040F851464046DB
:101B800002F03CF8C1E501220992791C11917A78A2
:101B9000002A3FF4E5AC0F4670E400220992F4E716
:101BA000C2F313031046002B7FF47BAFB7EE007B2C
:101BB000B4EEC70BF1EE10FA00F1D381B6EE009B44
:101BC00020EE099BB1EE497BE2E603F154730593E5
:101BD000B8E6BCEEC99B19EE103A012B38BF0123C1
:101BE00009EE103AB8EE499B002D40F03E81B1EE6F
:101BF000497B53EC172B96E6B2F59A7F00F3B2803F
:101C0000102A4FEA221340F38682614C9DED047B3B
:101C100000202246014613F0010F01F101014FEAB5
:101C2000630304D092ED006B012027EE067B012BAD
:101C300002F10802EFD108B18DED047B059BA3F101
:101C40005473059304EBC1049DED046B94ED007B8C
:101C50004C4B27EE067B17EE902A4E4913408B42E1
:101C60008DED047B7ED8A1F580118B4240F2D681A8
:101C7000464C4FF0FF33CDE904340023089385E54B
:101C8000B4EECE9BF1EE10FA7FF563AE63E7163249
:101C9000FFF662AD0B9BA3EB0B0B3F4B03EBCB03B0
:101CA00093ED007B9DED046B86EE078B2DE54FF0E9
:101CB000000ECDF82CE04FF0010C4EE46E2C3FF4FA
:101CC00010AD4DE43FF460AD5B4213F00F010AD05C
:101CD000314A02EBC1029DED046B92ED007B86EE72
:101CE000077B8DED047B1B113FF44EAD1F2B33DCC6
:101CF00013F0100218BF6A229DED047B0892274A58
:101D00000021D80704D592ED006B012127EE067B58
:101D10005B1002F10802F4D109B18DED047B089B40
:101D200093B1DDE90401C1F30A52C2F16B03002B48
:101D30000ADD1F2B40F32F820020342B049040F348
:101D400040824FF05C7305939DED047BB5EE407BC4
:101D5000F1EE10FA7FF41AAD22239FED058BC8F83F
:101D60000030D2E422239FED048BC8F80030CCE48D
:101D70000000000000000000000000000000F07FF4
:101D80000000F0BF0000F07FFFFF9F7CFFFFEF7FB0
:101D9000A00300200000A07CC803002090040020C5
:101DA0000293099B019312AB0093A74A13AB11A9AD
:101DB000404601F029FB10F00F0504463FF4A3ACA8
:101DC000062D74D1079B9FED9A8B0137002B3FF4B2
:101DD000CEAB1F60FFF7CBBB9DED048B95E40B9B57
:101DE000DDF844C003440B93012805F101031A46B2
:101DF00014D02844441E03E046009C420DD0013319
:101E00002A46082A1D4606EB8600F5D9102BDCBFB2
:101E100009EB89094FEA4909EFE70232082D3CDC5A
:101E20001546FFF779BB89490122384600F048FD85
:101E3000002800F082804FF0000EF146764675468D
:101E4000FFF7B5BB44F61F639B45A8BF9B462FE435
:101E5000DDE904231846002B7FF423AE22239FEDF7
:101E6000748B1298C8F8003078E6B0EE497BC0E673
:101E7000774911A801F092FD00283FF471AB119B46
:101E80007449013B11A8119301F088FD10B9119B11
:101E9000013311939FED688B37E4102ADCBF09EB07
:101EA000890901EB490915460020FFF73ABB129A50
:101EB0003AB1352114A802F055FB1299404601F0C1
:101EC0009DFE013D139B042D00F28F81DFE805F09C
:101ED000032D2A1F0300149A049203F23342159B28
:101EE00023F4801343EA02530593E50502D543F03A
:101EF00000430593584A1A409DED048B002A7FF455
:101F000004AC00F0C1FD22230360FFF7FEBB4FF0DD
:101F1000FF336FF00046CDE90436E3057FF55CAF93
:101F2000059BE4E74C4B0593F7E7149B0493159B43
:101F30000593DAE70020FFF7E1BA119B1A46013357
:101F40001193547806468146FFF7CDBA434B03EB15
:101F5000C20393ED008B9DED047B28EE078BFFF70A
:101F6000D4BBBEEE007BB6EE009B11E5AE460B90F7
:101F7000FFF7DCBA394BC5F10F054A1B03EBC5056A
:101F800003EBC20395ED008B93ED007B9DED046B9D
:101F900028EE068B28EE078BFFF7B7BB002D00F06D
:101FA0009580DDE904BC2E4BCCF3130199426246C7
:101FB00000F0D2800E9B002B00F0A580DDE904121A
:101FC000134217461AD0B0EE480B002D00F0A68041
:101FD00002F098F9089B7BB1C7F30A53C3F16B0376
:101FE000002B09DD1B0503F17F51002001F5401195
:101FF00041EC170B20EE070B38EE008B089B5BB112
:102000009FED0F7B144B28EE078B18EE902A1340A0
:1020100013B92223C8F8003012989FE502F15473D7
:10202000059300230893FFF7B1BB00BFAFF3008017
:102030000000000000000000000000000000F07F31
:102040000000000000005039D87B00208C070020E1
:10205000C80E0020CC0E00200000F07FC803002036
:10206000FFFF0F00DDE904120D43C7D1C2F31303D4
:102070001746002BC2D122F000431B0D1B05B3F104
:10208000D66FBBD9DAF814301BB9DAF81030012B4F
:10209000B4DD51460122404601F0F0FF2146824660
:1020A00002F064F80028A9DD089B002B7ED1504B7C
:1020B0003B40A3F580136FEA13536FEA0353059374
:1020C0004FF0FF3304939DED048B97E7DDE9041295
:1020D000C2F313030B4317467FF46CAFE4E74549A3
:1020E00011A814AA01F076FC05287FF406AB159B15
:1020F00043F0FF4343F4E0030593149B04939DEDE9
:10210000048BFFF702BBDDE904010D9B03423FF4A2
:1021100075AF0F4657E7384C00218FE502F0F2F813
:10212000089B002B55D0C7F30A53C3F16B03002B58
:1021300009DD1B0503F17F5101F54011284641ECF3
:10214000170B20EE070B38EE408BB5EE408BF1EE0F
:1021500010FA7FF455AF81E6089B04991BB3244B1A
:102160001340B3F1D46F1ED81B0DC3F16B034FF0B6
:10217000FF3000FA03F399427FF41CAF1F4B9A42E1
:1021800030D01B4B134003F58013059300230493B9
:102190009DED048B32E74FF0FF3202FA03F3049A0D
:1021A0001A400492D0E54FF0FF33E4E7104B3B4078
:1021B000B3F1D66F3FF77DAFB3F15C7F3FF720AF50
:1021C0004CE6C2F14B024FF0FF3393400B400593B6
:1021D000BAE538EE408BB5EE408BF1EE10FA7FF4A5
:1021E0001BAF3BE60131CCD109E400237DE600BF03
:1021F0000000F07FEC7B0020A0030020FFFFEF7FBA
:10220000014BFFF7C5B800BF80810020012B2DE9ED
:10221000F84F40D0242B98463DD84C4D8E467646FC
:102220001EF801BB15F80B4014F00804F7D1BBF100
:102230002D0F72D0BBF12B0F08BF9EF800B06FF0CE
:10224000004908BF06F1020E002B42D0102B57D0D8
:10225000B9FBF8F700252E4608FB179A05E033D0A6
:1022600008FB06C601251EF801BBABF1300CBCF122
:10227000090F06D9ABF1410CBCF1190F12D8ABF123
:10228000370C634517DDB5F1FF3FECD0B742E6D21E
:102290004FF0FF35E7E700F0F7FB1623036000205F
:1022A000BDE8F88FABF1610CBCF1190F03D8ABF1AD
:1022B000570C6345E7DC6B1C27D08CB90AB1A5BB72
:1022C00011603046BDE8F88FE245C9DA4FF0FF35BE
:1022D000C9E7BBF1300F05D04FF00A084346B7E716
:1022E0007642EBE79EF8003003F0DF03582B21D154
:1022F0004FF010089EF801B043460EF1020EA7E71A
:10230000BBF1300F1AD09846A2E72223036072B1C6
:102310000EF1FF314E461160D3E79EF800B04FF04A
:10232000004906F1020E01248EE7B146F0E74E4661
:102330003046C7E74FF00808434689E79EF800504B
:1023400005F0DF05582DD3D0984681E7450D0020D4
:10235000FFF75CBF10B4054C8446134620685DF857
:10236000044B0A466146FFF751BF00BF08870020B3
:1023700013460A460146022000F05ABE024B18449A
:10238000407800F008007047440D0020024A0349DD
:10239000034800F0BBB800BFFC860020155A0100BE
:1023A000687F00200C4B4168994210B5044601D06B
:1023B00005F010FBA168094B994202D0204605F0B8
:1023C00009FBE168064B994204D02046BDE8104065
:1023D00005F000BB10BD00BF70160120D81601200B
:1023E000401701202DE9F8432A4C2B4B2B48DFF8EE
:1023F000C090DFF8C0802A4F18600025042308220F
:10240000294604F15C00274E6566C4E90253C4E91D
:102410000055C4E90455A56100F000FA224B63673A
:102420000822294604F1C400C4E90749C4E9098720
:10243000C4E91A55C4E91E55C4F8CC502567C4F840
:102440008050E66200F0EAF9184BC4F8DC30294607
:1024500004F16803082204F59670C4F88430C4E9D6
:102460002298C4E92476C4E93455C4E93855C4F83F
:102470003451C4F8D850C4F8E85000F0CFF904F152
:10248000D003C4E93C98C4E93E76C4F8EC30BDE81A
:10249000F88300BF70160120A8170120CD030100AA
:1024A000DD060100FD060100090001001200020026
:1024B000750601009D06010010B504460A4800F0AB
:1024C00011FB636B23B9094B094A1B68626323B193
:1024D000BDE81040044800F007BBFFF783FFBDE8EC
:1024E0001040014800F000BB38160120A817012059
:1024F000E5030100014800F0F5BA00BF38160120DD
:10250000014800F0F1BA00BF381601202DE9F84368
:1025100080460F4616464FF00009D6E90154013DAA
:1025200011D4A389012B05F1FF3508D9B4F90E3078
:102530000133214603D04046B84749EA00096B1CE5
:1025400004F16804EDD13668002EE6D14846BDE8B6
:10255000F88300BF0CB410B51F4B00291C689CB059
:1025600035DB4FF40273ADF81430029006901FABC8
:1025700018D001394FF6FF7204910791ADF816207B
:1025800002A91E9A0193204602F05AF8421C01DA71
:102590008B232360029B00221A701CB0BDE8104000
:1025A00002B070474FF6FF7204910791ADF8162004
:1025B00002A91E9A0193204602F042F8431C01DA58
:1025C0008B2323601CB0BDE8104002B070478B2302
:1025D00023604FF0FF30F5E7088700200EB410B5F8
:1025E0009FB021AC4FF4017154F8042B0192ADF867
:1025F0001C100490089000F0A3FC059009900B4873
:102600000B490C9100234FF6FF7C10931593019A10
:102610000068ADF81EC0234604A9039403F0B2FD80
:102620001FB0BDE8104003B0704700BF088700200E
:102630009906010010B50C46B1F90E1000F0E6F94C
:10264000002803DB236D0344236510BDA38923F415
:102650008053A38110BD00BF002070472DE9F041D9
:102660000C46B1F90C101F46CB05054616460BD497
:1026700021F48051A1813B46B4F90E103246284620
:10268000BDE8F04100F0EAB9B4F90E1002230022CF
:1026900000F0A6F9B4F90C10EAE700BF10B50C463B
:1026A000B1F90E1000F09CF9A389421C0EBF23F46F
:1026B000805343F480532065A38110BDB1F90E10FF
:1026C00000F07CB9032A70B514D940EA01039B07D6
:1026D00022D104460B46194620460E680568B542CD
:1026E00004F1040403F1040316D1043A032A20463A
:1026F0001946F0D8541E9AB1421E013901E0C318A0
:102700000CD012F801EF11F801CFE645A4EB02035B
:10271000F5D0AEEB0C0070BD541EEDE7184670BD51
:10272000104670BD88420DD98B1883420AD900EB40
:10273000020CBAB1624613F801CD02F801CD9942FC
:10274000F9D170470F2A0ED8034602F1FF3C4AB177
:102750000CF1010C013B8C4411F8012B03F8012F03
:102760006145F9D1704740EA01039B0750D1A2F1BE
:10277000100370B501F1200C23F00F0501F1100ECC
:1027800000F11004AC441B095EF8105C44F8105CC6
:102790005EF80C5C44F80C5C5EF8085C44F8085C7D
:1027A0005EF8045C44F8045C0EF1100EE64504F19A
:1027B0001004E9D1013312F00C0F01EB031102F008
:1027C0000F0400EB031327D0043C24F003064FEA68
:1027D000940C1E441C1F8E465EF8045B44F8045F94
:1027E000B442F9D10CF1010402F0030203EB8403BB
:1027F00001EB840102F1FF3C4AB10CF1010C013BF9
:102800008C4411F8012B03F8012F6145F9D170BDFB
:1028100002F1FF3C03469BE72246EBE7830730B516
:1028200048D0541E002A3FD0CAB2034601E0013C02
:102830003AD303F8012B9D07F9D1032C2DD9CDB242
:1028400045EA05250F2C45EA054536D9A4F11002C5
:1028500022F00F0C03F1200EE6444FEA121C03F1A4
:10286000100242E9045542E9025510327245F8D18E
:102870000CF1010214F00C0F03EB021204F00F0C28
:1028800013D0ACF1040323F003030433134442F8E0
:10289000045B9342FBD10CF003042CB1C9B21C447D
:1028A00003F8011B9C42FBD130BD64461346002C4B
:1028B000F4D1F9E703461446BFE71A46A446E0E719
:1028C000002A3ED040EA01039B0730B584462FD151
:1028D000032A2DD90B4608E0043A8446194625D030
:1028E0001EF0803F22D1032A22D90468194653F8EA
:1028F000045BA4F1013EAC4284462EEA040E00F1D2
:102900000400E9D09CF800000C78A0421BD1E646F8
:1029100068B11EF8010F11F8014FA2EB0E03A0429F
:1029200003F1FF330FD11CEB0303F1D1002030BDC5
:102930009CF800000C78844205D1012AF6D0E646C6
:10294000E6E710467047001B30BD00BF40EA0103B8
:102950009B0730B501D1032A0FD8844601F1FF3E11
:1029600007E01EF8011F03F8011B541EC1B19C466D
:1029700022466346002AF4D130BD0B4684461946F0
:1029800053F8045BA5F1013424EA050414F0803FF8
:10299000E4D1043A032A4CF8045B1946EFD8DDE78A
:1029A0009444002CE8D003F8011B6345FBD130BDF3
:1029B000014B93F8280170478081002038B5074DFE
:1029C0000022044608462A60FCF730FB431C00D076
:1029D00038BD2B68002BFBD0236038BDC417012005
:1029E00038B50C46084D8446114620461A46002349
:1029F0002B606446FCF726FB431C00D038BD2B68D7
:102A0000002BFBD0236038BDC417012038B50C461D
:102A1000084D8446114620461A4600232B60644622
:102A2000FCF702FB431C00D038BD2B68002BFBD009
:102A3000236038BDC417012038B5074D0022044675
:102A400008462A60FCF7D6FA431C00D038BD2B6834
:102A5000002BFBD0236038BDC417012038B50C46CD
:102A6000084D8446114620461A4600232B606446D2
:102A7000FBF71AFA431C00D038BD2B68002BFBD0A3
:102A8000236038BDC4170120014B1868704700BF90
:102A90000887002070B50D4E0D4D761BB61006D080
:102AA000002455F8043B01349847A642F9D1094E59
:102AB000094D761B08F080FAB61006D0002455F8B0
:102AC000043B01349847A642F9D170BD401E006016
:102AD000401E0060B81E0060401E0060704700BFCE
:102AE000704700BF704700BF704700BF0000000084
:102AF00000000000000000000000000000000000D6
:102B0000A2EB0300704700BF02780B78012A28BFB0
:102B10009A42F5D16DE9044540EA0104CDE9026726
:102B20006FF0000C4FEA447212B380EA010414F013
:102B3000070F6AD100F0070420F0070004F0030536
:102B400021F007014FEAC505F0E8042314F0040F53
:102B5000F1E804670CFA05F462EA040266EA040686
:102B60000AD063EA0403624667EA0407664603E0A4
:102B7000F0E80423F1E8046782FA4CF582EA0604DF
:102B8000A4FA8CF46CBB83FA4CF583EA0705A5FA2A
:102B90008CF595B950E9022351E9026782FA4CF5A8
:102BA00082EA0604A4FA8CF483FA4CF583EA07055A
:102BB000A5FA8CF52543DBD09CB92DBAB5FA85F47E
:102BC00024F0070427FA04F1DDE9026723FA04F38D
:102BD00003F0FF0001F0FF01FDE80445A0EB010058
:102BE000704724BAB4FA84F424F0070426FA04F1F6
:102BF000DDE9026722FA04F202F0FF0001F0FF01B2
:102C0000FDE80445A0EB0100704714F0030F3CD130
:102C100010F0030428D150F8082B51F8083B82FA31
:102C20004CF582EA0305A5FA8CF55DB950F8042C41
:102C300051F8043C82FA4CF582EA0305A5FA8CF5BA
:102C4000002DE8D02DBAB5FA85F424F0070423FA54
:102C500004F122FA04F202F0FF0001F0FF01FDE8A6
:102C60000445A0EB010070474FEAC40420F00300C4
:102C700050F8082B21F0030151F8083B0CFA04F43A
:102C800062EA040263EA0403C9E710F003041AD0FD
:102C9000A1EB040120F00300E40750F8042B06D058
:102CA0000FD28B785FFAA2F4E41A06D12BB1CB785D
:102CB0005FFAB2F4E41A00D11BB920465DF8104B5C
:102CC000704701F1040150F8042BCC0721F00301F7
:102CD00051F8043B48D824D222F07F4482FA4CF5C4
:102CE00094EA1325A5FA8CF50AD165B951F8043B8D
:102CF00084EA0204B4EB036F0ED150F8042BEBE727
:102D00004FEA132355E035F07F454DD10878FDE8B3
:102D10000445C0F1000070474FEA126203F0FF0360
:102D200047E002EA1C4482FA4CF594EA1345A5FAFE
:102D30008CF50AD165B951F8043B84EA0204B4EB7E
:102D4000034F0CD150F8042BEBE74FEA134330E06C
:102D500015EA1C4528D10B884FEA124229E04FEAB8
:102D6000124203EA1C4324E002F0FF0482FA4CF50D
:102D700094EA1365A5FA8CF50AD165B951F8043BBC
:102D800084EA0204B4EB032F09D150F8042BEBE7DB
:102D90004FEA13630DE015F0FF0F05D10B684FEA02
:102DA000122223F07F4304E04FF00000FDE80445C9
:102DB000704712BA1BBA82FA4CF482EA0304A4FAEE
:102DC0008CF5B5FA85F402FA04F203FA04F34FEA3B
:102DD0001260FDE80445A0EB1360704780EA010231
:102DE000844612F0030F4FD111F0030F32D14DF88A
:102DF000044D11F0040F51F8043B0BD0A3F1013244
:102E00009A4312F0803F04BF4CF8043B51F8043B56
:102E100016D100BF51F8044BA3F101329A4312F0CE
:102E2000803FA4F101320BD14CF8043BA24312F0D5
:102E3000803F04BF51F8043B4CF8044BEAD02346D2
:102E40000CF8013B13F0FF0F4FEA3323F8D15DF884
:102E5000044B704711F0010F06D011F8012B0CF84C
:102E6000012B002A08BF704711F0020FBFD031F8C4
:102E7000022B12F0FF0F16BF2CF8022B8CF800204B
:102E800012F47F4FB3D1704711F8012B0CF8012BCE
:102E9000002AF9D1704700BF0000000000000000C8
:102EA00001F0FF01102A2BDB10F0070F08D010F8FB
:102EB000013B013A8B422DD010F0070F42B3F6D1FF
:102EC000F0B441EA012141EA014122F007047FF018
:102ED00000070023F0E80256083C85EA010586EA6F
:102EE000010685FA47F5A3FA87F586FA47F6A5FAAB
:102EF00087F68EB9EED1F0BC01F0FF0102F00702B7
:102F000032B110F8013B013A83EA010313B1F8D161
:102F10000020704701387047002D06BF3546033842
:102F2000073815F0010F07D1013015F4807F02BF7B
:102F3000013015F4C03F0130F0BC0138704700BFCC
:102F400090F800F06DE9024520F007016FF0000CE9
:102F500010F0070491F820F040F049804FF0000491
:102F60006FF00700D1E9002391F840F000F108006C
:102F700082FA4CF2A4FA8CF283FA4CF3A2FA8CF3A4
:102F80004BBBD1E9022382FA4CF200F10800A4FA0B
:102F90008CF283FA4CF3A2FA8CF3E3B9D1E904235F
:102FA00082FA4CF200F10800A4FA8CF283FA4CF396
:102FB000A2FA8CF37BB9D1E9062301F1200182FA50
:102FC0004CF200F10800A4FA8CF283FA4CF3A2FA56
:102FD0008CF3002BC6D0002A04BF04301A4612BA64
:102FE000B2FA82F2FDE8024500EBD2007047D1E967
:102FF000002304F00305C4F100004FEAC50514F0F6
:10300000040F91F840F00CFA05F562EA05021CBFC6
:1030100063EA050362464FF00004A9E700000000E0
:103020009FED010B704700BF000000000000F87F1B
:103030002DE9F047DFF87CA00646DAF80000984654
:103040000F469146FFF74EFD184B1C6824B3656888
:103050001F2D24DC5EB96B1C0235DAF800006360BA
:1030600044F82570FFF740FD0020BDE8F08704EB31
:1030700085010123C1F88890D4F88821AB401A4318
:10308000022EC4F88821C1F80881E4D1D4F88C213B
:103090001A43C4F88C21DEE7054C1C60D7E7DAF848
:1030A0000000FFF721FD4FF0FF30DEE79C14012008
:1030B000A014012074810020F8B5244F0C46064668
:1030C000FDF762FFBB685D68C4F57E610F3125F0D6
:1030D00003054B1923F47F6323F00F03A3F58054FA
:1030E000B4F5805F07DB00213046FFF7A5FCBB6825
:1030F0002B44984204D03046FDF74CFF0020F8BD29
:1031000061423046FFF798FC01300DD0104ABB6891
:103110002D1B45F001055D60136830461B1B1360D5
:10312000FDF738FF0120F8BD00213046FFF784FC91
:10313000BA68831A0F2BDEDD43F001035360054BA1
:1031400003491B68C01A0860D5E700BFEC82002065
:103150003C160120F4860020002961D0F8B50C4609
:103160000646FDF711FF54F8042C7B4FA4F1080527
:1031700022F0010105EB010CB868DCF80430604571
:1031800023F0030300F08B80D207CCF8043032D454
:1031900054F8082CAD1A1144AA6807F108008242BD
:1031A0006AD00CEB0304D4F804E0EC68D4601EF0A1
:1031B000010FA26000F0978041F001036B60CCF832
:1031C0000010B1F5007F35D27868CB08012249099B
:1031D00001338A40024357F833107A6007EBC30289
:1031E000083AC5E9021247F83350CD603046BDE8D1
:1031F000F840FDF7CFBE0CEB03025268D00710D4A5
:10320000194407F10800DCF80830834273D0DCF879
:103210000C20DA60936041F001036B606950D0E7E5
:10322000704741F00103B1F5007F44F8043CCCF84D
:103230000010C9D3B1F5206F4FEA512348D28B0952
:1032400003F1390003F13802C300F818FB580838BD
:10325000984259D05A6822F003028A4202D99B68E8
:103260009842F7D1D868C5E902308560DD60304604
:10327000BDE8F840FDF78EBE0CEB03025268D207A2
:1032800063D40B44DCE90212CA60916043F001028E
:103290006A603046EB50BDE8F840FDF77BBE0B445A
:1032A000D10707D454F8082CAD1A1344D5E90212FB
:1032B000CA60916043F001026A60284ABD601268EA
:1032C0009A4293D8264B30461968FFF7F5FE8DE7F2
:1032D000142B0AD9542B1FD80B0B03F16F0003F1E9
:1032E0006E02C300B1E719448DE703F15C0003F1FE
:1032F0005B02C300A9E741F00103C7E90455C5E932
:1033000002006B60695071E779689210012404FA39
:1033100002F20A437A60A6E7B3F5AA7F06D8CB0B80
:1033200003F1780003F17702C3008EE740F25452B4
:10333000934206D88B0C03F17D0003F17C02C3009D
:1033400083E74FF47E737E227FE741F001036B60D9
:10335000CCF800104AE700BFEC820020F88600207D
:103360006C1601202DE9F0410469B4EB611F2FDDDB
:1033700000F1140E4E1111F01F0C0EEB84050EEB34
:1033800086032BD05EF8261004339D4221FA0CF1FF
:10339000CCF1200818D977461A6802FA08F20A43D5
:1033A00047F8042B53F8041B9D4221FA0CF1F3D883
:1033B000A31B9B00053B9B0801330EEB83044EF8D7
:1033C0002310C9B1043417E0416174460029F9D1D2
:1033D0000023036100234361BDE8F0819D4288BF63
:1033E00000F11002F4D953F8041B42F8041F9D4267
:1033F000F9D8A41B0EEB8404A4EB0E039B107445B8
:103400000361E7D0BDE8F0812DE9F04F2DED028B8F
:103410000C688B46A17885B0302908EE100A9246D8
:10342000029340F0CE816FF00100001BE21C831874
:10343000144612F8011B3029F9D0DFF8008318F880
:103440000120002A00F0E5802278002718F80220E9
:103450003D4626462AB116F8012F18F80220002A08
:10346000F9D1B549019301223046FFF729FA019BB2
:10347000814600284DD0002D4ED13278A94602F069
:10348000DF02502A354650D0CBF80060002F69D1BA
:103490002B1B013B072B394604DD5B10072B01F189
:1034A0000101FADC18EE100A00F082FB83460028C6
:1034B00000F0668200F11406AC42019680F0D281E1
:1034C0000027CDF80C909C49A1463C460CE0202FEB
:1034D00019D0384604372A7818F8022002F00F0273
:1034E000824014434D4547D015F8012D2E2AEED1C8
:1034F0004D45ECD301222846FFF7E2F98E4900281A
:10350000F0D0202FE5D1002046F8044B04270446D4
:10351000E1E7002D00F04281327802F0DF02AD1BBE
:10352000502A4FEA85093546AED16A782B2A00F039
:1035300025812D2A00F0A5806E1C002018F80210AD
:103540004A1E182A00F29B80727818F8022010395F
:103550000136002A5AD100B149428944CBF80060B3
:10356000002F95D0002B14BF00250625284605B056
:10357000BDEC028BBDE8F08FDDF80C90234646F8D9
:10358000043B1846019BF61AB610CBF8106000F009
:10359000E9FB7601DAF80040301AA04275DCC0F28F
:1035A000EF800027DAF808304B45C0F25181DAF895
:1035B00004304B454ADDA3EB09094C4500F38280FA
:1035C000DAF80C20022A00F06581032A00F08181DC
:1035D000012A00F06F8118EE100A594600F00EFB28
:1035E0005025109A00232846136005B0BDEC028BCD
:1035F000BDE8F08F01EB810102EB4102A2F1100165
:1036000016F8012F18F80220002AA4D0192AF1DD9B
:10361000A1E74949019301222046FFF751F9019B97
:1036200000286DD1617818F80120651C002A69D046
:1036300030292C4605D114F8013F302BFBD018F867
:103640000320B2FA82F77F09012302E7012557B16F
:10365000DAF80C30022B5DD0032B5FD0012B00F089
:10366000848045F01005109BC3F800B0029B2846EB
:10367000C3F8009005B0BDEC028BBDE8F08F2E467C
:1036800002E70120AA78AE1C58E7061B31465846CF
:1036900000F096FF074678B1721E53110199012779
:1036A00051F8231002F01F0307FA03F30B4203D073
:1036B000BA4200F3E280022731465846B144FFF790
:1036C00051FE6FE709F1FF35002F40F0CE80002D4D
:1036D00040F0CD806B11019A05F01F0552F82320B0
:1036E0000123AB4013424946584618BF47F0020732
:1036F000A4EB0904FFF736FE0225DAF80490A6E7EA
:103700002178254601F0DF01502900F0BF80CBF879
:10371000005027E7119BC3F101031193119B002B6C
:103720009FD0DBF81070DDF80480BA0043460192A8
:1037300008EB8700002107E08C070020E00B002049
:10374000984243F8041C3FD91E4653F8042BB2F1AB
:10375000FF3FF5D00132022D326000F0BF8014F03F
:103760001F0440F0E78021257DE7BA077FF579AF98
:10377000019B1B681F43FB07D3D472E7002081E73E
:10378000221A594618EE100AA9EB020900F076FC3D
:1037900000F1140383460193002703E7727818F8B9
:1037A0000200711C002800F0A0800D4611F8012FC6
:1037B00018F802000028F8D1751B4FEA85090E465B
:1037C0005DE60234002338E6DBF808309F4280F2E1
:1037D0008E803B460BEB830201210133022DCBF897
:1037E000103051617AD09F42B9DA002B40F39B80B0
:1037F000DBF8142008EB83030BF1180083424FEA37
:10380000520240F2B1804446016842EAC17244F873
:10381000042B50F8042B83424FEA5202F4D8A3EB56
:103820000B03193B9B08013348F8232008EB830363
:10383000002A40F09D80A3EB080292104345CBF88C
:10384000102073D0DAF8083009F101094B458ADA03
:1038500018EE100A594600F0D1F9109A00231360AF
:10386000A32583E6019E002389E6012732E7294646
:10387000584600F0A5FE07462CE7B11E584600F05A
:103880009FFE00283FF417AF032715E74FF000090C
:1038900001274AE6119A002A7FF49DAE02990B6037
:1038A000019B0122CBF810201A60109B6225C3F8FF
:1038B00000B05BE64C457FF48EAE012CEED0611E6D
:1038C000584600F07DFE00283FF485AEDAF804305B
:1038D000E4E7119A002A3FF47EAEDFE7DAF8003021
:1038E000013BA34234D02225BDE60E46C7E5DBF8F6
:1038F000041018EE100A013100F05AF90646C8B358
:10390000DBF8103002339A000BF10C010C30FBF79E
:1039100011F9594618EE100A00F070F906F1140872
:103920003369B34656E70023CBF810300023CBF8B9
:10393000143087E7019B4344C4F1200453F8040C7E
:1039400000F010FAA042BFF60EAFDBF810304CE7E3
:10395000631104F01F0458F823200123A3401342ED
:103960000CBF222521257EE6C8F8002043466AB117
:10397000043360E7074B08483246842104F028FAF4
:10398000044B05485A46E42104F022FACBF81020F3
:10399000CCE700BF680B00207C0B002010B404684B
:1039A00009E014F8013FA3F1410CBCF1190F98BFD5
:1039B0002033934209D111F8012B002AF1D10134AF
:1039C000046001205DF8044B704700205DF8044B53
:1039D000704700BF2DE9F04F096885B04B1111F019
:1039E0001F01029002EB8303039140F08F801D1FA3
:1039F0000193029B01991C68002341F8043C617803
:103A00000134002900F09880DFF87491A846AC4694
:103A10009A461E460EE0202900F28C80564506DDAF
:103A2000C44501D2072B5BDD624551D3082314F84E
:103A3000011FA1B119F801000028ECD00133082BB7
:103A400006F101063ADCDCF80010090100F00F0075
:103A50000843CCF8000014F8011F0029EAD1002E19
:103A60006AD0C44501D2072B74DD624552D2111FC2
:103A7000634653F8040B41F8040FAB42F9D9A5EBA8
:103A80000C0323F00303691C04330CF1010C6145A2
:103A900038BF04231344002143F8041BAB42FBD975
:103AA000019B53F8043C2BB9AA4249D055F8043D78
:103AB000002BF9D0052005B0BDE8F08F6245B6D2E5
:103AC00000234CF8043C1946ACF1040C0123BDE77B
:103AD0000023ACF104084CF8043CB246C446A6E707
:103AE000C3F10801DCF800308900C1F1200E604606
:103AF0009B46476807FA0EF343EA0B0327FA01FBDC
:103B0000036040F804BF4045F3D38DE7191D0191D0
:103B10001D466EE7039B002BC2D0039B0198C3F1A7
:103B200020014FF0FF33CB4050F8041C0B4040F80D
:103B3000043CB8E7292909D0042005B0BDE8F08F7E
:103B4000012305202B6005B0BDE8F08F02990134F8
:103B50000C6084E7DCF80010C3F108039B00C3F19C
:103B6000200764460846666806FA07F1014326FA0C
:103B700003F0216044F8040F4445F4D375E700BF17
:103B8000E00B002082B049B15AB16BB113780B60E1
:103B90001278101E18BF012002B0704701A9002A38
:103BA000F3D1104602B070476FF00100F4E700BF98
:103BB000436C70B505460C464BB153F8240080B1F8
:103BC000026843F824200023C0E9033370BD21229A
:103BD000042104F01DF9034668640028EDD100209B
:103BE00070BD012101FA04F6721D9200284604F00E
:103BF0000FF90028F3D0C0E90146E4E731B1436C86
:103C00004A6853F82200086043F82210704700BF4A
:103C10002DE9F0410E6980460F461D4601F1140E54
:103C20000020DEF800108CB202FB0453090C4FEAAE
:103C3000134C02FB01CC01309CB204EB0C448642D5
:103C40004EF8044B4FEA1C45EBDC3DB1BB68B34278
:103C500007DD07EB860301365D613E613846BDE84E
:103C6000F081796840460131FFF7A2FF0446B0B108
:103C70003A69023207F10C0192000C30FAF75AFF50
:103C8000D8F844307A6853F82210396043F822702B
:103C9000274607EB860301365D613E61DEE7034B95
:103CA00003482246BA2104F093F800BF680B0020B5
:103CB000E00C00202DE9F8431746274A1E4608333A
:103CC0000C46092E82FB03124FEAE3730546C3EB51
:103CD000620339DD4FF0010C00214FEA4C0C6345C3
:103CE00001F10101F9DC2846FFF762FF014668B3E4
:103CF000089B4361092F4FF00103036112DC0A3472
:103D00000927BE420BDDF21BA61814F8013B0A225C
:103D1000303B2846FFF77CFFA6420146F5D1084616
:103D2000BDE8F88304F10909C8463C4418F8013B92
:103D30000A22303B2846FFF76BFFA0450146F5D12C
:103D4000A7F108044C44DCE70021CCE70A46034B0A
:103D50000348D32104F03CF8398EE338680B002087
:103D6000E00C0020030C1B04D3B90004102310F056
:103D70007F4F04BF0002083310F0704F04BF0001F2
:103D8000043310F0404F04BF80000233002805DBED
:103D900010F0804F03F1010308BF2023184670473D
:103DA0000023E4E7036813F0070208D0D9071FD403
:103DB0009A0722D55B08036001221046704799B22A
:103DC00009B91B0C1022D9B209B908321B0A19070C
:103DD00004BF1B090432990704BF9B080232D907AC
:103DE00003D45B0802F1010205D00360104670475E
:103DF0000022104670472022DFE79B080222036062
:103E00001046704738B5436C04460D464BB15868B0
:103E1000B0B102685A6000220123C0E90435C260D3
:103E200038BD2122042103F0F3FF0346606400281B
:103E3000EDD1094B0948002240F2451103F0C8FFBB
:103E40001C220121204603F0E3FF0028F1D00122CB
:103E50000223C0E90123DEE7680B0020E00C00200C
:103E60002DE9F04F0E691569AE4285B088461446BB
:103E700005DB2A46234635460C4616469846A36877
:103E80006168AF19BB42B8BF0131FFF791FE0190E5
:103E9000002800F08780019B03F1140909EB870AD1
:103EA000D14505D24B46002243F8042B9A45FBD856
:103EB00008F1140808EB860B04F11403D8451A46E0
:103EC00003EB85055FD22B1B153B23F00303043363
:103ED0001534A54238BF0423CDE902A7AC461F46DE
:103EE000924605E0090C29D1C34509F1040948D9D6
:103EF00058F8041B8DB2002DF4D056464C460023D2
:103F000056F8041B22681FFA81FE90B2090C05FBCB
:103F10000E00120C034405FB012202EB13429BB27C
:103F200043EA0243B44544F8043B4FEA1243E7D85E
:103F300049F8073058F8041C090CD5D0D9F80030DE
:103F400050461A464C4600260588120C01FB0522F5
:103F500016449BB243EA064344F8043B50F8045B22
:103F600022682D0C93B201FB053303EB1643844505
:103F70004FEA1346E8D8C34549F8073009F1040968
:103F8000B6D8DDE902A7002F02DC05E0013F03D02F
:103F90005AF8043D002BF9D0019B18461F6105B06B
:103FA000BDE8F08F034B0448019A4FF4B17103F060
:103FB0000FFF00BF680B0020E00C002012F003038D
:103FC0002DE9F0411446064632D10D46A41020D00A
:103FD000D6F84080B8F1000F33D0E3074FF0000768
:103FE00007D4641015D0D8F80000A8B18046E307C4
:103FF000F7D5424629463046FFF732FFB5B169682A
:10400000736C641053F821202A6043F82150054650
:10401000E9D12846BDE8F081424641463046FFF7E7
:104020001FFFC8F8000007608046E0E70546D8E7B4
:10403000013B0F4A52F823200023FFF7E9FD054614
:10404000C4E701213046FFF7B3FD804640B10123AC
:1040500040F27122C0E90432002330640360BCE7FF
:10406000044B0548424640F2451103F0B1FE00BF43
:10407000D07D0020680B0020E00C00202DE9F047E7
:104080000D4614462F69AB68496807EB62177E1C22
:104090009E4280464FEA621904DD5B009E4201F1B8
:1040A0000101FADC4046FFF783FD8446002852D028
:1040B000B9F1000F00F114020EDD09F105014FEA1C
:1040C000810E134600EB8101002043F8040B8B4264
:1040D000FBD1AEF114031A44296905F1140314F05D
:1040E0001F0E03EB81012ED0CEF1200910464FF0B8
:1040F000000A1C6804FA0EF444EA0A0440F8044B6F
:1041000053F8044B994224FA09FAF2D84B1B153B99
:1041100023F00303043305F11500814238BF042363
:10412000BAF1000F18BF374642F803A0D8F8443060
:104130006A68CCF8107053F822102960604643F882
:104140002250BDE8F087043A53F8040B42F8040FFC
:104150009942F9D8EAE7034B034862464FF4EF71FE
:1041600003F036FE680B0020E00C00200B6984464B
:104170000069C01A16D10CF1140C14310CEB830237
:1041800010B401EB830301E0944508D252F8044DCA
:1041900053F8041D8C42F7D005D24FF0FF305DF884
:1041A000044B7047704701205DF8044B704700BF17
:1041B0002DE9F84F0F691369FF1A002F0E4690463C
:1041C0007FD101F11405143202EB830205EB830366
:1041D00001E09D4278D253F8041D52F8044DA142EB
:1041E000F7D069D37168FFF7E3FC8146002877D0E8
:1041F0003569D8F81020C76008F1140E06F11400D4
:1042000009F1140A06F110010EEB820200EB85079A
:1042100056464FF0000C5EF8044B51F804BFA3B2B1
:104220001CFA8BFCACEB03034FEA144CCCEB1B4C9D
:104230000CEB234C9BB243EA0C43724546F8043B1B
:104240004FEA2C4CE7D8A2EB0801153908F1150804
:10425000424521F0030404F1040438BF042420443F
:1042600021F0030238BF002287425244544418D937
:104270002646014651F8043B1CFA83FC4FEA2C42C7
:1042800002EB13421FFA8CFC4CEA02438F4246F8C1
:10429000043B4FEA224CEDD8013F3F1A27F00307B9
:1042A000E21923B952F8043D013D002BFAD0C9F8B8
:1042B00010504846BDE8F88F3346012746469846D9
:1042C00090E7F9DB00278DE70021FFF771FC8146BD
:1042D00068B101220023C9E904234846BDE8F88FEC
:1042E000064B07484A4640F2452103F071FD034B57
:1042F00003484A4640F2372103F06AFD680B00206C
:10430000E00C002082B08DED000B164B019A13409B
:10431000A3F15073002B06DD00221946104641EC34
:10432000100B02B070475B42B3F1A07F4FEA2352FB
:1043300009DA4FF40023134100221946104641ECDC
:10434000100B02B07047A2F114031E2BDABF4FF01E
:104350000042DA40012200231946104641EC100BBE
:1043600002B070470000F07FF8B5046900F1140650
:1043700006EB8404271F54F8045C2846FFF7F2FC80
:10438000C0F120030A280B601BDDBE420BD20B38A4
:1043900054F8081C2ED145F07F5343F440130A46CD
:1043A00043EC102BF8BDB0F10B01F4D005FA01F18C
:1043B00041F07F53002143F440130A4643EC102B95
:1043C000F8BDC0F10B0C25FA0CF1BE4241F07F5351
:1043D00038BF54F8081C00F1150034BF21FA0CF165
:1043E000002105FA00F0014343F440130A4643EC70
:1043F000102BF8BDC0F1200C854021FA0CF345EAE2
:104400000307A4F10805AE4201FA00F13CBF54F8DD
:104410000C0C20FA0CF047F07F5338BF014343F4F3
:1044200040130A4643EC102BF8BD00BF2DE9F043C2
:10443000884683B0012157EC106B1546FFF7B8FB97
:104440000446002851D0C7F30A59C7F31303B9F142
:10445000000F01D043F48013002E019318D101A85E
:10446000FFF7A0FC019A6261012200F120032261A2
:10447000B9F1000F25D0A9F2334909EB0302204618
:10448000C3F13503C8F800202B6003B0BDE8F0830A
:1044900068460096FFF786FC034610B3DDE900028C
:1044A000C3F1200102FA01F10143DA406161019296
:1044B000002AA26114BF022201222261B9F1000F79
:1044C000D9D1A3F23243C8F8003004EB8203186953
:1044D000FFF748FCC0EB421320462B6003B0BDE859
:1044E000F083009A6261019AE2E7034B0348224697
:1044F00040F20F3103F06CFC680B0020E00C002050
:10450000F0B583B00E4669460746FFF72DFF01A9B7
:10451000304655EC104BB0EE407BFFF725FF33697A
:104520003A69D21ADDE900315B1A03EB4213002B22
:1045300009DD17EE902A02EB035545EC174B87EE89
:10454000000B03B0F0BD10EE902A51EC100BC3EB42
:10455000033302EB035141EC100B87EE000B03B069
:10456000F0BD00BF0139491101F1010C116902F1DF
:10457000140303EB81018B4200EB8C0C17D210B5B6
:10458000A0F1040E53F8044B4EF8044F9942F9D8A9
:104590008A1AA2F1150323F0030304331844844557
:1045A00004D9002340F8043B8445FBD810BD844562
:1045B00005D9002340F8043B8445FBD87047704779
:1045C00003694A11934200F1140009DA00EB8303F6
:1045D00002E053F8042DC2B98342FAD80020704794
:1045E00010DD11F01F010DD010B450F8224000EB87
:1045F000820324FA01F28A4094420CD001205DF833
:10460000044B704700EB8203E6E70120704753F844
:10461000042D002AF2D18342F9D800205DF8044B22
:10462000704700BF49B1FF2A02D80A7001207047C5
:104630008A2303604FF0FF3070470846704700BF81
:104640002DE9F04F2DED088BD1B00C460BEE101A72
:1046500090460893834603F079FB0368129318464B
:10466000FEF76EFC20AF1090082200213846FEF7BE
:10467000D5F8A3891B0603D52369002B00F05587C5
:1046800000239FED838B9FED849BCDE92533CDE9FE
:104690001333CDE9153327AA0E9324929246119332
:1046A00004934446A1467E4BD3F8E450FEF780F9CC
:1046B0004A4603461CA900975846A847002800F020
:1046C000B080C0F2A6801C9A252A034601D09944E6
:1046D000E9E7B9EB0405064640F0A78000234FF058
:1046E000FF328DF867309846069309F1010999F871
:1046F000003003922B25202609F10109A3F12002A5
:104700005A2A00F2CF80DFE812F0E802CD00CD0097
:10471000E302CD00CD00CD006A00CD00CD00050242
:104720008402CD001002C902CD00BD025B005B0017
:104730005B005B005B005B005B005B005B00CD002F
:10474000CD00CD00CD00CD00CD00CD005301CD007A
:1047500083011A02530153015301CD00CD00CD0056
:10476000CD001502CD00CD009602CD00CD00CD00CC
:10477000AB01CD00AA02CD00CD00E306CD00CD00F7
:10478000CD00CD00CD00CD00CD00CD005301CD003A
:104790008301DE015301530153017702DE017F00E3
:1047A000CD008902CD005F02E0062F027F00CD0020
:1047B000AB017C00B806CD00CD00BD06CD007C006D
:1047C000A3F13002002119F8013B01EB810102EB5A
:1047D0004101A3F13002092AF5D906918EE7584626
:1047E00003F0B4FA436815931846FEF7A9FB169038
:1047F000584603F0ABFA83681393169B002B40F0E6
:104800002D8699F8003077E799F8003048F02008B5
:1048100072E7082200213846FEF700F80123994488
:1048200041E7B9EB0405064611D0269B2B4426939D
:10483000259B0133072BCAE9004525931CDC0AF1AF
:10484000080A049B2B440493002E7FF447AF269B59
:10485000002B41F00B821BEE103AB3F90C3013F031
:10486000400F049B18BF4FF0FF330493049851B0DE
:10487000BDEC088BBDE8F08F1BEE101A24AA584639
:1048800004F08AFD0028E6D10DF19C0AD9E700BFAB
:104890000000000000000000FFFFFFFFFFFFEF7FB0
:1048A000808100200B93002BD1D00021CDE90C1189
:1048B0008DF8DC3001238DF8671002930791059382
:1048C00003910F9137AC18F00203099302D0029BB9
:1048D0000233029318F084030A9305D1069B029ACF
:1048E0009D1A002D00F36983269A89B125990DF14F
:1048F000670001310132CAF8000007294FF00100BA
:1049000026922591CAF8040000F3A2830AF1080A4E
:10491000099B83B1259B1AA901330232CAF8001002
:10492000072B4FF0020126922593CAF8041000F3DA
:10493000A3830AF1080A0A9B802B00F06C82039B78
:1049400005995D1A002D00F3A58218F4807F40F0D0
:104950000D82059BCAF804301A44259BCAF8004012
:104960000133072B2692259300F31B830AF1080AD3
:1049700018F0040F05D0069B02995C1A002C00F376
:104980008883049B069902988142ACBF5B181B1870
:104990000493002A40F0B08200232593079B1BB1AB
:1049A00007995846FEF7D8FB0DF19C0A4C4679E66C
:1049B0000B93089B073323F00703B3EC028BB0EE95
:1049C000C87BB4EE497BF1EE10FA089340F3E9841A
:1049D000B5EEC08BF1EE10FA01F159809DF8671029
:1049E000AB4CAC4B28F080080B9A472AC8BF1C463A
:1049F0000023CDE90C33032207930292059203931F
:104A00000F9300293FF45FAF029B013302935AE7F3
:104A1000432B0B9303D018F0100F00F05D85089D19
:104A20000822002122A837ACFDF7F8FE22AB55F88A
:104A3000042B2146584604F085FB034601330590BC
:104A400001F0EE82059B089523EAE37302930021AF
:104A5000CDE90C118DF86710079103910F9132E7A2
:104A60000B93089B1A4600238DF86730134653F8C2
:104A7000044B0893002C00F048850B9B532B00F04F
:104A8000EC8618F010030C9340F0E786039B5D1C46
:104A900001F0E5800C991A462046FEF701FA0790CE
:104AA000002801F02883079B1A1B05920C9B039397
:104AB00022EAE2720F930D93079373239DF8671018
:104AC00002920B939DE718F0200F0B93089B3DD0AB
:104AD000073323F007031A4611465B6851F8082B89
:104AE00008911946002BC0F20C84039B013300F09F
:104AF0009E8228F0800052EA0103029040F09982E1
:104B0000039B002B40F09A82804600230393059379
:104B100050AC06E1089B53F8042B0692002A80F261
:104B20001984069A08935242069299F8003048F088
:104B30000408E1E599F8003048F00808DCE548F0A1
:104B4000100818F0200F0B93089BC1D118F0100F1C
:104B500040F00B8418F0400F00F0038433F9042B6D
:104B60000893D1170B46BDE7089B48F0020202925A
:104B700053F8042B089347F63003ADF868307820DB
:104B8000454B1193002102230B900020039C8DF8CC
:104B90006700601C00F0AD80029820F0800852EAA7
:104BA000010040F0A480002C40F0AE86002BACD178
:104BB000029B13F00103059300F0D18330238DF89D
:104BC0003F310DF23F14ACE018F0200F40F0D483D9
:104BD00018F0100F40F09F8618F0400F40F09787B4
:104BE00018F4007F00F09786089B049953F8042B73
:104BF000089311704C4655E599F80030682B03BFB7
:104C000099F8013048F4007809F1010948F04008AA
:104C100072E599F800308DF867506DE599F800302D
:104C20006C2B03BF99F8013048F0200809F1010905
:104C300048F0100860E50B9348F0100818F02001C8
:104C400000F05183089B073323F00703596853F89A
:104C5000082B089328F480630293002395E70B93B5
:104C600048F010030293029B13F0200100F0298307
:104C7000089B073323F00703596853F8082B089360
:104C8000012382E799F8003048F0800834E500BF3E
:104C9000D80E0020E4070020E00E0020494611F85D
:104CA000013B2A2B01F04982A3F13002092A8946EF
:104CB00098BF002101F2448119F8013B01EB810109
:104CC00002EB4101A3F13002092AF5D9039115E560
:104CD00099F8003048F001080EE59DF86730002B88
:104CE0007FF48FAD99F800308DF8676004E5CDF85A
:104CF0000880012B00F09D81022B50AC20D111982F
:104D000002F00F031209C35C04F8013D42EA01728C
:104D1000090952EA0103F3D150AB1B1BDDF80880EF
:104D20000593059A03989DF8671082424FF000039F
:104D3000B8BF0246CDE90C33079302920F9360E6A9
:104D400002F00703D20842EA4172C908303352EA3E
:104D50000105204604F8013DF2D1029AD10700F185
:104D60004D8250AB1B1B90460593DAE70B9B652BDE
:104D700040F3D480B5EE408BF1EE10FA40F0C181E3
:104D8000259BBA49CAF80010013301320121072BD3
:104D900026922593CAF8041000F351850AF1080AF7
:104DA0001B9B0E998B4280F2D082109B12991A4461
:104DB000CAE90013259B26920133072B259300F3A4
:104DC00097830AF1080A0E9B5C1E002C7FF7D0AD7A
:104DD000102C259B40F36E851BEE106A102505E014
:104DE0000AF1080A103C102C40F364850133A049F5
:104DF0001032072BCAE90015CDE92532F0DD24AACF
:104E00003146584604F0C8FA00287ED1DDE9253243
:104E10000DF19C0AE6E7069B02995D1A002D7FF7CB
:104E20008EAD102D259B21DD099410261BEE104A16
:104E300004E0103D102D0AF1080A16DD01338C49FB
:104E40001032072BCAE90016CDE92532F1DD24AA7C
:104E5000214658460DF19C0A04F09EFA002854D1D0
:104E6000103D102DDDE92532E8DC099C8049CAF8A7
:104E7000045001332A44072BCDE92532CAF800102B
:104E800000F32685039B05995D1A002D0AF1080A97
:104E90007FF75BAD102D259B1FDD514610261BEEC5
:104EA00010AA04E0103D102D01F1080114DD0133BA
:104EB0006F481032072BC1E90006CDE92532F1DD3C
:104EC00024AA5146584604F067FAF0B9103D102D57
:104ED000DDE9253227A9EADC8A4601336449CAF8AC
:104EE00004502A44072BCDE92532CAF8001000F3FC
:104EF000DA810AF1080A28E51BEE101A24AA58469E
:104F000004F04AFA00283FF447AD079B002B3FF41A
:104F1000A2AC07995846FEF71FF99CE40E9B012BA3
:104F200040F37A81259BCAF8004001330132012108
:104F3000072B26922593CAF8041000F3F8810AF192
:104F4000080A1099129801330A44072BCAE9000194
:104F5000CDE9253200F3DD810AF1080AB5EE408B78
:104F6000F1EE10FA00F077810E9901330139013426
:104F70000A44072BCAF800402593CAF80410269269
:104F800000F35B810AF1080A1499CAF8041001338E
:104F90000A44072B1EA9CDE92532CAF800107FF775
:104FA000E5AC1BEE101A24AA584604F0F5F90028C7
:104FB000ABD1269A0DF19C0ADAE4102DDDE9251219
:104FC0002C4E24DD179410231BEE104A084604E0F3
:104FD000103D102D0AF1080A17DD013010320728A4
:104FE000CAE90063CDE92502F2DD24AA214658462C
:104FF0000DF19C0A04F0D0F9002886D1103D102D47
:10500000DDE925024FF01003E7DC179C0146013172
:105010002A440729CDE92512CAF80060CAF80450CD
:1050200000F3BD839DF867100AF1080A5DE4CDF82E
:1050300008800A2A71F1000380F045833032012391
:10504000DDF808808DF83F2105930DF23F1468E6E6
:105050001BEE101A24AA584604F09EF900287FF48B
:1050600054AF269A0DF19C0A52E400BF447E002002
:10507000447F0020882900201BEE101A24AA5846DD
:1050800004F08AF900287FF440AF269A0DF19C0ABB
:1050900051E4102C259BBE4E1FDD1BEE108A1025FF
:1050A00004E0103C102C0AF1080A16DD013310321E
:1050B000072BCAE90065CDE92532F2DD24AA414675
:1050C00058460DF19C0A04F067F900287FF41DAFE3
:1050D000103C102CDDE92532E8DC01332244072B9B
:1050E000CAE90064CDE925327FF74BAC1BEE101AFC
:1050F00024AA584604F050F900287FF406AF269AF7
:105100003FE41B99002940F35A830C9E0E9B9E425C
:10511000A8BF1E46002E0BDD259B01333244072B12
:10512000CAE900462692259300F389860AF1080A07
:105130000C9D002EA8BFAD1B002D00F303820C9B1D
:1051400018F4806F2344059340F01F821B9B0E9937
:105150008B4203DB18F0010F00F0CF8410991298F6
:105160000A44CAE9000125992692013107292591AF
:1051700000F3A5860AF1080A0E996518CC1A059B5A
:10518000ED1AA542A8BF2546002D0DDDCAF8003056
:10519000259BCAF8045001332A44072B26922593F5
:1051A00000F3BB860AF1080A002DA8BF641B002C7F
:1051B0007FF7DEAB102C259B40F37C831BEE106A3F
:1051C000102505E00AF1080A103C102C40F3728308
:1051D000013370491032072BCAE90015CDE9253299
:1051E000F0DD24AA3146584604F0D6F800287FF4B2
:1051F0008CAEDDE925320DF19C0AE5E7302B3FF45A
:105200008BAD3023023804F8013C50AB1B1ADDF89B
:1052100008800593044684E518F0010F7FF482AE00
:10522000259BCAF80040013301320121072B269249
:105230002593CAF804107FF7A5AE1BEE101A24AA16
:10524000584604F0A9F800287FF45FAEDDE9253266
:105250000DF19C0A98E60E994C1E002C7FF794AE37
:10526000102C40F361831BEE106A102505E00AF153
:10527000080A103C102C40F3578301334549103283
:10528000072BCAE90015CDE92532F0DD24AA314605
:10529000584604F081F800287FF437AEDDE9253266
:1052A0000DF19C0AE5E71BEE101A24AA584604F0FB
:1052B00073F800287FF429AE269A0DF19C0AFFF7B7
:1052C00044BB029B13F0100340F0C180029A12F01D
:1052D000400200F07A83089850F8042B0890194691
:1052E00092B2012351E418F0100355D118F0400296
:1052F00000F05D83089850F8042B0890194692B28C
:10530000A8E4524261EB4101CDF808802D20012331
:105310003CE41BEE101A24AA584604F03DF800287D
:105320007FF4F3ADDDE925320DF19C0A16E61BEEA4
:10533000101A24AA584604F02FF800287FF4E5AD8F
:10534000DDE925320DF19C0AFBE518F0010F3FF471
:105350000FAB2AE5089399F80030FFF7CDB950ACB0
:10536000DFE418F4007F40F0DB8353F8042B08934C
:10537000D1170B46FFF7B6BB089B049853F8041BE4
:105380000893C217C1E900024C46FFF78BB900BF72
:1053900088290020447F0020089B53F8042B0893A1
:1053A00058E4B4EE488BF1EE10FA80F194860B9B32
:1053B000612B00F05285412B00F0C085039B013327
:1053C0000B9B23F0200500F08084472D04D1039B24
:1053D000002B08BF0123039318EE903A002B48F4EA
:1053E00080724646C0F21886B0EE48AB0023904665
:1053F000099307930B9B413B252B00F29883DFE831
:1054000013F06F0496039603960368046C049603E6
:1054100096039603960396039603960396039603C4
:1054200096039603960396039603960396039603B4
:1054300096039603960396039603960396039603A4
:105440009603960396039603960368046C04089BE0
:1054500053F8042B08930123FFF797BB139B002BF2
:105460003FF4CFA9139B1B78002B3FF4CAA999F8EE
:10547000003048F48068FFF73FB90B93CDF80880FF
:10548000FFF7F1BB0B939A4B119318F0200100F03A
:105490000581089B073323F00703596853F8082B4D
:1054A000089318F0010F0AD052EA010307D00B9BB2
:1054B0008DF86930302348F002088DF8683028F400
:1054C000806302930223FFF760BB0B93FFF7B6BB29
:1054D0000B93884B1193D8E7089B012153F8042BB9
:1054E00002918DF8DC200893059137ACFFF7AFBA35
:1054F0001BEE101A24AA584603F04EFF00287FF432
:1055000004AD269A0DF19C0A5DE4039B0794062BDB
:10551000224628BF062303942146CDE90C22764C6F
:10552000029305930F92FFF76CBA40215846FBF7A0
:105530007BFA20602061002800F00F864023636121
:10554000FFF79EB8102D259B40F35D825146102633
:105550001BEE10AA04E00831103D102D40F35282DA
:10556000013366481032072BC1E90006CDE9253228
:10557000F1DD24AA5146584603F00EFF00287FF4BF
:10558000C4ACDDE9253227A9E6E70E9BCDF82490CF
:10559000E31803930D9BCDF82880139E059DDDF83D
:1055A0005890DDF83C800B941BEE101A5046002BEF
:1055B00034D0B8F1000F35D10D9B013B013E0D9366
:1055C000159BC0E90039259B01334A44072B2692DD
:1055D00025936CDC0830039B96F800C05B1B634589
:1055E000A8BF6346002B9A460CDD259C01341A4463
:1055F000072CC0E900532692259400F3778196F892
:1056000000C00830BAF1000FACBFACEB0A0464462E
:10561000002C0ADC65440D9B002BCAD1B8F1000FA9
:1056200000F0AC8308F1FF38CAE7102CDDF894C015
:1056300024DD05954FF0100A63460D4604E0103C4A
:10564000102C00F1080016DD01332C491032072B15
:10565000C0E9001ACDE92532F1DD24AA29465846D1
:1056600003F09AFE00287FF450AC103C102CDDE9CA
:10567000253227A8E8DC2946059D9C460CF101034C
:1056800022444460072B1D4C0460CDE9253200F311
:10569000C68396F800C008306544BCE718F01003D4
:1056A00000F0C280089B53F8042B0893F9E624AA63
:1056B0005846059103F070FE00287FF426AC269A28
:1056C000059927A887E70298CDF81CA050AC00F4F4
:1056D000806000250AEE10BA094BDDF84CA0CDF829
:1056E0001490A3464FF00508AC46044610E000BFF6
:1056F000E00E0020F40E0020080F0020447F002060
:10570000CDCCCCCC0A2A71F1000136D34A463146C1
:10571000501840F10000A3FB005626F0030505EBEE
:105720009605401B151A4FF0CC3661F1000E06FBB2
:1057300005F6A5FB039503FB0E6609F0010E2E444A
:10574000AEFB085E2D184FEA590930350BF8015CA5
:1057500049EAC6790CF1010C0BF1FF3B7608002CED
:10576000D0D09AF800008445CCD1BCF1FF0FC9D04D
:105770000A2A71F1000180F08F815C4650AB1B1B3F
:10578000DDF81490CDF84CA01AEE10BADDF81CA08C
:10579000DDF80880CDF838C00593FFF7C2BA1BEEDC
:1057A000101A24AA584603F0F7FD00287FF4ADAB89
:1057B0009DF86710269A0DF19C0AFFF796B8259B75
:1057C000BE48CAF80000013301320120072B26929F
:1057D0002593CAF8040000F377810AF1080A00292A
:1057E00040F0AF800E9908F001030B433FF4C0A8CE
:1057F000109B12991A44CAE90013259B2692013383
:10580000072B259300F352820AF1080A0E99CAF871
:10581000004001330A44072BCDE92532CAF80410B1
:105820007FF7A4A8FFF7BDBB18F0400200F0DD80B1
:10583000089850F8042B0890194692B231E61BEEF6
:10584000101A24AA584603F0A7FD00287FF45DAB88
:10585000269A0DF19C0AFFF7A3BA22AE0822002176
:1058600030461D94FCF7DAFF039B5A1C00F0DB80E6
:105870000025CDF80890CDF81C809946A8460CE08C
:1058800037A9584603F05EFC431C404400F0C8832F
:10589000484508DC00F0188480461D9A525933466A
:1058A0000435002AECD1CDF81480DDF80890DDF83D
:1058B0001C80C5E001338249CAF804402244072B0A
:1058C000CAF80010CDE925327FF750A8FFF769BB71
:1058D0001BEE101A24AA584603F05EFD00287FF440
:1058E00014AB269A0DF19C0AFFF729B824AA584652
:1058F000059103F051FD00287FF407AB96F800C036
:10590000269A059927A87DE6012BCDF808807FF41B
:10591000F3A9FFF793BB089B049953F8042B4C465B
:1059200011600893FEF7BEBE01336549CAF8044012
:105930002244072BCDE92532CAF800107FF722ABAD
:105940007BE4109B12981A44CAE90003259B269217
:105950000133072B259300F3A9810AF1080A0029D6
:10596000BFF654AF4D42103180F20F831BEE101A78
:10597000102605E00AF1080A103D102D40F30583BA
:1059800001334F481032072BCAE90006CDE9253212
:10599000F0DD24AA5846039103F0FEFC00287FF4B2
:1059A000B4AADDE9253203990DF19C0AE4E7089BCE
:1059B00018F400711ABF114653F8042B53F8042B46
:1059C000089318BFD2B2FFF745B9029B13F40071D8
:1059D000089B1ABF114653F8042B53F8042B089365
:1059E00018BFD2B20123FFF7D0B8089B18F400719A
:1059F0001ABF114653F8042B53F8042B089318BF11
:105A0000D2B24EE58A4601332D49CAF804502A44E1
:105A1000072BCDE92532CAF8001000F339810AF1CD
:105A2000080AFFF78CBB0023194600961DAA5846AA
:105A300003F0AEFB03460133059000F0F1821D94A4
:105A4000059B002B4ED0632B00F318810023079396
:105A500037AC082200213046FCF7E0FE059D009699
:105A60002B461DAA2146584603F092FB854240F082
:105A70007C83059A0023A35422EAE272CDE90C3319
:105A80009DF86710039302920F93FEF7BABF2D2182
:105A90008DF86710FEF7A4BF169B1599ABEB030BAF
:105AA0001A465846FCF752FF9AF80120054B0AB1F6
:105AB0000AF1010A4FF0000C28E600BF447E0020E6
:105AC000447F0020CDCCCCCC1BEE101A24AA584623
:105AD00003F062FC00287FF418AA1B99269A0DF1A6
:105AE0009C0A7CE6059B9DF867100F93CDE9023375
:105AF000CDE90C330793FEF784BF0E99059865181E
:105B00002D1ACC1AA542A8BF2546FFF74DBB089B0E
:105B1000049953F8042B089311804C46FEF7C2BD3C
:105B200013F9042B0893D1170B46FEF7DBBF039A3A
:105B3000022122AB01931DAB009358461BABB0EE84
:105B40004A0B029202F034FA472D029A044600F002
:105B50006181462D104405D12378302B00F06F82EF
:105B60001B9A1044B5EE40ABF1EE10FA40F04681BE
:105B700003461B1B0E93472D00F01081462D00F0AD
:105B8000B5811B9B0C930C9B412D03F1FF331B93A1
:105B900000F0E5819DF82C200021002BB8BF0C9B64
:105BA0008DF87820BABFC3F101032D222B22092BD7
:105BB0008DF8792040F3DA810DF18F05DFF81CC4F0
:105BC0002A4610468CFB0321DA17C2EBA10202EB36
:105BD0008201A3EB4101303100F8011C1946632911
:105BE000134600F1FF32ECDC3033D9B2831E9D4204
:105BF00002F8011C40F28B8213460DF17A0201E09B
:105C000013F8011B02F8011B9D42F9D10DF191031C
:105C10000DF17A021B1A13441EAA9B1A14930E9BB1
:105C2000149A012B1A44059240F30382059B109AA3
:105C30001344059326F48063059A43F48078002387
:105C4000CDE90C3322EAE2720F930292099B002BFA
:105C500040F0B1809DF867100393FEF7D2BE204656
:105C6000FDF76EF902460590FEF720BF1BEE101AF5
:105C700024AA584603F090FBFEF7EDBD591C584688
:105C8000FAF7D2FE0446002800F0CA810790E0E649
:105C90001BEE101A24AA584603F07EFB00287FF45E
:105CA00034A9269A0DF19C0AFFF749BA1BEE101A87
:105CB00024AA584603F070FB00287FF426A9DDE9EA
:105CC00025321B990DF19C0A49E606230393FFF741
:105CD00083BB039B02215A1C2BE7039A032128E76D
:105CE0001BA8B0EE4A0B02F037F8B4EE007B20EEB2
:105CF000070BB5EE400BF1EE10FA01D101231B9317
:105D0000B348039BB3EE005B013B224604E0B5EED3
:105D1000400BF1EE10FA13D020EE050BFDEEC07B28
:105D2000B3F1FF3F17EE901A415CB8EEE76B944673
:105D300030EE460B02F8011B194603F1FF33E6D1A2
:105D4000B6EE006BB4EEC60BF1EE10FA00F348812C
:105D5000B4EE460BF1EE10FA04D117EE903ADB07E1
:105D600000F13E81002906DB4B1C1344302102F870
:105D7000011B9342FBD1131B0E93FCE60B9C0E9B65
:105D8000DDF82490DDF828801396E3189D4229461B
:105D900028BF194682460591FFF7D8B91B9B0C9383
:105DA000DA1C02DB039A93420CDD0B9B023B0B9344
:105DB00023F02005E7E62D2100238DF867100393DB
:105DC000FEF722BE0C9B0E9A9342C0F2BD80F007F4
:105DD0000C9B40F13281109A13440593710503D551
:105DE0000C9B002B00F33581059B23EAE3730293A0
:105DF00067230B9300230F930D9327E7229B834286
:105E0000BFF4B7AE30215A1C22921970229B9842DF
:105E1000F9D8AEE6F30700F1A780229BA9E624AAF1
:105E20005846059103F0B8FA00287FF46EA896F85A
:105E300000C0269A059927A86544FFF7ECBB1BEE26
:105E4000101A24AA584603F0A7FA00287FF45DA888
:105E5000269A0DF19C0AFFF76BB978238DF869300B
:105E600030238DF86830039B632B48F0020600F363
:105E7000A6800023079337AC18EE903A002B48F425
:105E800081782BDBB0EE48AB0B9B23F02005002381
:105E900009930B9B612B7FF4ADAAB0EE4A0B1BA8B4
:105EA00001F05AFFB4EE007B20EE070BB5EE400B7D
:105EB000F1EE10FA01D101231B93464821E71BEEB6
:105EC000101A24AA584603F067FA00287FF41DA888
:105ED0001B9B269A0DF19C0AFFF74EB90B9B23F0F2
:105EE00020052D230993B1EE48ABD2E71B9A0C9203
:105EF000002A06F0010340F30D8103990B4340F0A3
:105F0000CF800C9B059366230B93720500F1A38051
:105F1000059B23EAE37302936CE71BEE101A24AA95
:105F2000584603F039FA00287EF4EFAF1B9C0E9B15
:105F3000269A1C1B0DF19C0AFFF736B958238DE7F2
:105F400000220392FEF7DABB0E9B109A9A180C9B64
:105F50000592002B40F3AB8067230B93D5E70B9A98
:105F60000F32D2B2012118E6A018FBE5002940F05B
:105F7000A88030228DF87A200DF17B02303302F8B0
:105F8000013B1EABD31A149349E601331249CAF8F8
:105F900004502A44072BCDE92532CAF800107FF7B8
:105FA00033AC1BEE101A24AA584603F0F5F900286A
:105FB0007EF4ABAFDDE925320DF19C0A26E4591CD5
:105FC0005846FAF731FD044650B3079054E700BF36
:105FD000F40E0020E00E0020447F00206766666615
:105FE000CDF888C012F8011C90F80FC06145134627
:105FF0000AD14FF0300E03F801EC229B591E22917A
:1060000013F8011C8C45F6D0392916BF0131817A6D
:10601000C9B203F8011CAEE600239046079360E77F
:106020001BEE102AB2F90C3043F040039381FEF7C7
:1060300016BCF5077FF5FEADF8E50593CEE6B5EEA7
:1060400040ABF1EE10FA3FF48BADC2F101021B92AE
:1060500087E567230B9313990B78FF2B79D00025E5
:106060000C9A284603E001300131FF2B08D09342FF
:1060700006DAD21A4B78002BF5D10B780135F4E70C
:106080000C9213910D900F950F9A0D9B1699134436
:10609000059A01FB0323059323EAE3730293D5E5F5
:1060A000109BD3181944662305910B932DE7C3F178
:1060B00001031A4422EAE2730293672305920B93C9
:1060C00098E60DF17A0259E7039BDDF80890DDF8B8
:1060D0001C800593B4E418EE903A002BB4BF2D2138
:1060E0009DF86710254C264BB8BF8DF8671028F037
:1060F0008008FEF779BC039B0293059373239DF8F8
:10610000671003900F900D900B93FEF77ABC02235B
:10611000149384E5039A134305D101236622029365
:106120000B92059366E6109B01331A4422EAE27350
:106130000293662305920B935CE6089A99F8013066
:10614000894652F8041B089241EAE1710391FEF777
:10615000D3BA00230F930D9396E70C23CBF80030AE
:106160004FF0FF330493FEF781BB1BEE102A938997
:1061700043F040039381FEF7C8BE00BFDC0E002051
:10618000E00700202DE9F04F2DED028BADF5377DB6
:106190008B46B1F90C1002AF8C048146FA643B6364
:1061A00009D4DBF8643041F4005123F40053ABF818
:1061B0000C10CBF8643000231C460822194607F166
:1061C0005800FB62A246FCF729FB3C647C62BC637E
:1061D0007C64834BD3F8E440FCF7EAFB07F15802F8
:1061E0000346009207F15401FA6C4846A047051E89
:1061F000FB6C33DB2B44FB647B6D2E46002B00F0E5
:10620000B680012D38D0252B40D0002DE1D0FB6C7D
:106210009E1BDBF80430741E002B40F39880DBF8E3
:10622000001094F801C091F800E0A31C0AEB0300F1
:10623000E64501F10101A3EB060204F10104A0EB24
:10624000060040F09480DBF80430CBF80010013BEE
:10625000AA42CBF80430DFDB8246BAE70133FB64A5
:1062600008224FF6FD73002107F158007B65FCF70B
:10627000D5FA7B6D002B7AD05A4EF25C100700F1F4
:106280001C85252B40F0868001252E46F86C0024C5
:106290000278A046A2F12503411C552B67D8DFE800
:1062A00013F00A07660066006600660001076600D4
:1062B00066006600660066000C060C060C060C06FE
:1062C0000C060C060C060C060C060C066600660096
:1062D00066006600660066006600180666008E04AA
:1062E000C9041806180618066600660066006600EF
:1062F000820066006600BF046600660066008900D2
:1063000066006600660066006B0666006600DD06D5
:106310006600660066006600660018066600900467
:10632000CB04180618061806BE06D20682006600C0
:10633000E706F306AC06C104DA06660066008B00C9
:106340007D00CA06660066006B0666007D00594641
:10635000484603F0E1F800283FF461AF7B6C002B66
:1063600001F05280BBF80C305A0601F14D803B6CB5
:1063700043B13B6CD3F80080B8F1000F02D0404627
:10638000FAF74AFB786C07F53577BD46BDEC028B12
:10639000BDE8F08FFB6C01255E1E3AE72307E6D1CE
:1063A0004278084676E72207E1D1427844F00204B9
:1063B00008466FE744F00104F9640225DBF8043075
:1063C000002B40F30884600640F10F846B1E032B02
:1063D00001F2EB80DFE813F07B02F1014B010800D2
:1063E00080810020450D0020484601F0AFFC036885
:1063F0003B6208F1FF33B3F5AE7F40F25A856FF48C
:10640000AE7508EB05033B6140F25D18002607F509
:10641000B87308EE109AC7E90566FE637E63FE61F5
:10642000BE6444F4F064BB621D464646DBF80010CF
:106430000A78A2F12B034E2B50D8DFE813F07E032D
:106440004F007E034F004F00A300A600A600A60049
:10645000A600A600A600A600A600A6004F004F00BA
:106460004F004F004F004F004F0074030B030B030E
:106470000B039E0394034F004F0084034F004F0013
:106480004F004F005D034F003A034F004F004F0095
:1064900033034F004F004F001E036D034F004F00AA
:1064A0004F004F004F004F004F0074030B030B03CE
:1064B0000B039E0394034F004F0084034F004F00D3
:1064C0004F004F005D034F003A034F004F004F0055
:1064D00033034F004F004F001E036D03A0056FD51F
:1064E000386A037893426BD1C7E902457E608146E2
:1064F00018EE106A4FF000085C4607E0216091F842
:1065000000E099F8000086451CD1DA4619F8010F21
:1065100045460AF1010B013108F10108002800F09D
:1065200064866068013800286060E7DC21463046F8
:1065300002F0F2FF30B9216899F8000091F800E00C
:106540008645E2D0A3463A6ABC683D612B46B14617
:10655000BE6CFD68BD6401335D4602EB0308B346C3
:106560002646144618F8011D2A46484602F094FFB4
:106570004445F7D13B693446AAEB030A5E46AB4675
:10658000BD6C20E0E00500F10185BB6CF96BD942E0
:1065900016D124F4C07405F8012B013EDBF8043059
:1065A000013B002B0AF1010ACBF8043040F36F8362
:1065B000DBF800300133CBF80030002E7FF436AF2B
:1065C000BE6C18EE109A7B6B002B40F0DC82FB6BEC
:1065D000013B012B41F21680731E062B40F22786E9
:1065E000E3051BD5660501F1B58015F8011C652989
:1065F00005F1FF330AF1FF360AD0452908D05A4683
:10660000484602F049FF15F8021CAAF10206AB1E2B
:106610005A464846B2461D4602F03EFF14F01002AC
:106620007FF4D7AD04F4C063B3F5806F2A7000F037
:10663000D284BB69002B40F02C874846B96A0022FF
:10664000FBF7DEFDE0073B6B00F1C985A10700F118
:10665000C685B4EE400BF1EE10FA53F8044B80F10E
:10666000F486B7EEC00B3B6384ED000AA2E308F1A9
:10667000FF33B3F5AE7F40F2A2836FF4AE7208EB46
:106680000203FB6340F25D1807F5B8730022BE6B8E
:10669000BB62594644F45864D3461D4692460A6884
:1066A0001078A0F12B034D2B60D8DFE813F08202A5
:1066B0005F0082025F005F00CD02E001E001E001C7
:1066C000E001E001E001E0016F026F025F005F00A6
:1066D0005F005F005F005F005F004E004E004E00F5
:1066E0004E004E004E005F005F005F005F005F00E5
:1066F0005F005F005F005F005F005F005F005F00A2
:106700005F005F005F005F0076025F005F005F0078
:106710005F005F005F005F005F004E004E004E00B4
:106720004E004E004E005F005F005F005F005F00A4
:106730005F005F005F005F005F005F005F005F0061
:106740005F005F005F005F0076020A2E0EDD24F41A
:1067500038644B6805F8010B013B002B4B6040F39C
:106760008D8201320A60B8F1010898D1E005D04667
:10677000BE63DA468B4607D5BB6A9D4200F222848F
:10678000BB6A9D423FF4F3AD14F0100210D1B96A18
:10679000BB6BFE6A2A704846B047A10640F10884E8
:1067A0003B6B53F8042B10603B637B6C01337B64C1
:1067B000BB6AED1A4544AA440BE5B8F1000F08BFC7
:1067C0004FF0FF38E00740F1958214F010037B632F
:1067D00040F07484210640F166863C6B54F8043B1B
:1067E000FB63002B3FF4C3AD8020FAF70DF9B864CA
:1067F000002800F07887FB6BBA6C1A603A6CD58879
:1068000093889D4280F052851068FB6B40F82530DC
:106810003B6C3C630135DD80BB6CBB6220233B627B
:10682000DBF80030B14E1B78F35C13F0080340F046
:10683000BB847C6A7E621D46FCF7BAF8A8423FF42E
:106840008DADDBE9003207F5B87013F8011B415537
:10685000013A032CCBE9003205F1010507F1680686
:1068600002D13368042B04D0082200213046FBF704
:10687000D5FF07F5B872B96C00962B46484602F072
:1068800037FC421C04463FF469AD002840F0788490
:10689000BB6C186002F088FC002840F05C86AA44BB
:1068A00008F1FF387B6B002B40F03386BB6CFA6B32
:1068B0000433BB64002A00F02C86BA6A9D1A3B6A36
:1068C000B3EBA50F40F256877D6B00F05CBCB8F1CE
:1068D000000F08BF4FF0FF38E00740F17B8214F053
:1068E0001003BB6240F0F383210640F1ED853E6B5F
:1068F00056F8043B3B62002B3FF439AD8020FAF799
:1069000083F80446002800F0EE863B6A3A6C186073
:10691000D58893889D4280F0DD8410683B6A40F8FA
:1069200025303B6C3E630135DD802023FC61BB617B
:106930007E6AC7F83CA00025C246A046FCF738F89E
:10694000A8423FF40BADDBE9003213F8011B013A1A
:1069500007F5B870CBE90032032E05F1010341556C
:10696000BB6407F1600402D12368042B04D0082221
:1069700000212046FBF752FF07F5B872BB6C00946C
:106980004146484602F0B4FB421C06463FF4E6ACE2
:10699000002840F0CA82C8F80000054607F16803E5
:1069A0000822002118467B63FBF738FF50497B6BB8
:1069B000D1F8E0102A4648460D4607F15001A84795
:1069C000012800F0D583002207F170039B5C002BA7
:1069D00000F0A185FB6BBA6C032E1344FB6300F03F
:1069E000CA830AF1FF3ABB6A5BB93B6A08F1040843
:1069F0003BB1FB69A8EB0304BB69B3EBA40F40F206
:106A00000584DBF80430002B4FF0000540F396823C
:106A1000BAF1000F92D1D7F83CA07E624446BB6A1F
:106A2000002B7FF4D6AB23603B6A002B00F0C281C1
:106A3000FB69BA69E11A8B1001339A4240F2BA81BC
:106A40003C6A04312068FAF7ABFA002800F0B28102
:106A50002060AFE121057FF5B3ADFB6BB96C5B182E
:106A60007FF4AEADBB6424F4C074FB6393E5214BAB
:106A700024F4386433F916606BE604F41863B3F554
:106A8000807F7FF49DAD7B6B012B7FF499AD30232C
:106A900005F8013B24F48074002344F40064013EB3
:106AA0007B6378E5BB6C062B40F074850723BB64E1
:106AB00071E523057FF584AD04F4A063B3F5806F21
:106AC00005D061057FF57CAD7B6B002B47D0A3051E
:106AD00004D47B6BF9695B1AC7E9055324F4786425
:106AE000002344F4C0747B6355E500BF450D0020CE
:106AF0008081002064290020FB6B002B00F0FF81C7
:106B0000FB6B022B00F0B083BB6C012B00F0F1811A
:106B1000042B00F0EE8153E5BB6C072B40F03A8567
:106B20000823BB6437E5200500F1F981FB6B012BDD
:106B30007FF446AD0223FB632DE523067FF540ADD0
:106B400024F0800427E5BB6C002B40F0CC817B6BEC
:106B5000B3B904F4E063B3F5E06F00F02085BE6CD8
:106B600018EE109A33E5210500F1B781BB6C022BBA
:106B700040F010850323BB640DE520059CD56CE730
:106B8000BE6C18EE109A24F4807420E58D4B33F916
:106B90001660082E3FF7DBADE8E504F4C063B3F5FB
:106BA000007F7FF4E3AD24F4007444F4A064102665
:106BB000CFE523067FF5DAAD24F08004C9E544F083
:106BC0000104DBF80430F964002B44F040044FF07A
:106BD00000053FF7F8AB5946484602F09DFC0028F7
:106BE0007FF4BCAB60063FF5F1ABDBF80020764EDE
:106BF0001378F35C19077FF5E9ABDBF80430013B50
:106C0000002B0AF1010ACBF8043002F101024ADD3F
:106C1000CBF800201378F35C19077FF5D7ABECE7CE
:106C200044F00104694BFB620823F964BB6303254C
:106C3000FFF7C4BB44F00104654BFB620A23F9640F
:106C4000BB630325FFF7BABB23057FF582AD16B9F9
:106C500044F400740826630500F1A681FB6B24F45C
:106C600060741BB1013BFB6308F101084B68013BF9
:106C7000002B0AF1010A4B603FF773AD4846B96437
:106C800002F04AFCB96C00283FF46DAD6EE518EED9
:106C9000100A594602F040FC00287FF491AC002E07
:106CA0007FF4C4AB8CE45946484602F035FC00281A
:106CB0007FF454ABDBF800209AE7DBF804200FE008
:106CC000DBF800301A78B25C110703F101037FF59D
:106CD00080AADBF80420013ACBE900320AF1010A6C
:106CE000002AEDDC5946484602F016FC0028E7D0A1
:106CF000FFF76FBAE10600F1498314F0800400F059
:106D0000AB833C6B54F8046BBE64002E3FF42FAB96
:106D10002020F9F779FE0546002800F062843A6CDD
:106D200030609388D6889E4280F0A8821068BB6C41
:106D300040F826303B6C3C630136DE802023FB6349
:106D4000DBF80020204E1178715C080700F1AC825E
:106D500033462C4610462E46DBF80410BA6C013937
:106D6000CBF80410411CCBF800103546017805F82B
:106D7000011B22B1FA6B2E1B964280F07A83B8F188
:106D800001080BD0DBF8041000292E4640F3AE8337
:106D9000DBF800000178595C0907DDD5291B8A441E
:106DA00001314FF000032B70BB6C1BB1FB6B8B42AE
:106DB00000F294837B6C01337B64FFF70ABA0023F3
:106DC000FB6361E464290020450D00201D6E010075
:106DD00091030100E60600F1818114F0800400F0C7
:106DE0006D833C6B54F8046BBE64002E3FF4BFAA65
:106DF0002020F9F709FE0546002800F0F2833A6CDE
:106E000030609388D6889E4280F07A821068BB6C8E
:106E100040F826303B6C3C630136DE802024DBF8F2
:106E2000002007F1700319461378CB5C002B3FF468
:106E30009EAA08EE109AD7F84890C7F83CA02E46B4
:106E4000A24610460C46DBF80410431C0139CBE97E
:106E500000312946007801F8010BB9F1000F02D08A
:106E60008D1B55457AD20D46B8F101080AD0DBF8E2
:106E70000410002940F36A81DBF800000178615CAE
:106E80000029E0D1544618EE109AD7F83CA0AE1B6A
:106E90003FF46DAA4FF000032B70BB6C1BB1711C4B
:106EA0008C4200F22D837B6C0133B2447B64FFF78C
:106EB00090B900233B61FFF7A9BA14F08F0F7FF45C
:106EC00056AA08EB880802EB4808A8F13008FFF73B
:106ED00067BAF9640425FFF771BAFB6BB96C5B18EC
:106EE0007FF444AEBEE5BB6C032B02D0052B7FF4D0
:106EF00067ABBB6C0133DBB2BB64FFF74CBB7B6B96
:106F0000002B7FF401AE04F4E063B3F5E06F7FF48F
:106F1000FBAD012324F4F064FB63FFF73CBBFB6B88
:106F2000B96C5B187FF402AE9CE5831C40F05B8477
:106F3000DBF80430BD6C002B3FF700AD59464846E6
:106F400002F0EAFA00283FF463ADD7F83CA07E6275
:106F50004446002D3FF463ADFFF700BA4FEA4A0AFA
:106F600030465146FAF71CF80646002800F03983EF
:106F70000544C9F8000077E744F40074BC4BFB6299
:106F80001023F964BB630325FFF718BA7B6B013349
:106F90007B633B6924F08004002B3FF4FEAA3B692D
:106FA000013B3B61FFF7FABA24F4B064FFF7D1BBB1
:106FB000220740F1C7813B6B53F8042B3B631070F1
:106FC000FFF7F3BB15F8011C5A464846013D02F095
:106FD00063FAFFF7D5BBFB697A6B93423FF42DABA5
:106FE0009A1A07F2C3239D4228BF07F2C225A1497E
:106FF000284600F059FEFFF720BBE20600F1318180
:10700000230700F1BA81660740F1B4823B6BF96453
:1070100053F8042B3B63A2F800A0FFF7DAB823076C
:107020007FF4A5A94278682A00F0868144F0040420
:107030000846FFF72FB98E4BFB620A23F964BB6346
:107040000325FFF7BBB98C4BFB620023F964BB63DC
:107050000325FFF7B3B944F408748FE707F1700014
:1070600000F0DEFD44F04004F8640125FFF7A6B906
:1070700022077FF47CA942786C2A00F0578144F003
:1070800001040846FFF706B914F08F037FF46FA9D7
:107090003A6C002A00F0E781427844F08004084608
:1070A000FFF7F8B858EA04087FF461A94278102481
:1070B0000846FFF7EFB8F964FFF7A7B800233B6273
:1070C000BB62FB6307F15403BB64FFF7A9BB00235A
:1070D000C7E906333B6207F1540429E4DBF80030CA
:1070E00007F1700211461A788A5C002A3FF43FA922
:1070F0000133CBF80030DBF80430B8F1010F03F1B5
:10710000FF33CBF8043018BF0C4614D1FFF753BB44
:10711000DBF800301A78A25C0133002A3FF44BAB55
:10712000CBF80030DBF804300135013B4545CBF8A6
:1071300004303FF440AB002BEADC5946484602F0ED
:10714000EBF90028E4D0AA44FFF743B818EE100A80
:10715000594602F0E1F900283FF48EAEB54254469C
:1071600018EE109AD7F83CA07FF491AEFFF7F6B86E
:1071700097F8502028E42368042B7FF432AC32E4E3
:10718000831C40F03983DBF80430002B40F3D781B7
:10719000DBF800307A6A1B78D35C180703D4B8F1A7
:1071A000000F7FF449AB7C627B6B002B7FF411A84E
:1071B000BA6C1360FB6B002B3FF4FCADBB6AD11AB9
:1071C0008B103A6A01339A427FF6F4ADFC6B0431BE
:1071D0002068F9F7E5FE00287FF43AACEAE553F8B9
:1071E000042B82ED000B3B63E4E5FD68396A7E68A1
:1071F00028464246A346BC6800F076FD7B6BFB61E7
:1072000024F42074013E0546FFF7C8B9F869D90097
:107210001D46F9F7C5FEF861002800F064823A6A5D
:107220006B0000EB04081060BB61FFF7EABB022EA5
:1072300040F2C482032E3FF4D3A9043E5FFA86F8DD
:107240006FEA0803EE1815F8011D5A46484602F089
:1072500023F9AE42F7D10AF1FF3AAAEB080AFFF789
:10726000BFB9F964FEF7B5BF0323FB63FFF793B91A
:107270001D6E01003C0D0020910301004FF6F672D7
:10728000934200F297823A6C08339BB21068F8631D
:1072900099007B63F9F784FE002800F07B823A6C4A
:1072A0007B6B9380106042E501217AE54FF6F67220
:1072B000934200F2938208339EB23B6CB10018688F
:1072C000F9F76EFE3B6C002800F03E829E8018604D
:1072D000FFF79BBA4FF6F672934200F27F823A6C48
:1072E00008339BB299001068BB64F9F759FEBB6C78
:1072F000002800F028823A6C93801060FFF70EBBE4
:107300004FF6F672934200F255823A6C08339BB204
:107310001068F86399007B63F9F742FE002800F0DB
:1073200039823A6C7B6B9380106070E5827844F010
:1073300002040230FEF7AEBF827844F00804023047
:10734000FEF7A8BF630758D414F001027FF428AAFF
:10735000A6077FF525AAB34BF96A99424846BB6B4D
:10736000B96A00F03D8201F0F1FD3B6B53F8042B4C
:107370003B63C2E90001FFF718BA3B6BF96453F8AD
:10738000042B3B6382F800A0FEF723BFDBF800303C
:10739000A54E1A78B25C12073EF51BAF0133CBF84D
:1073A0000030DBF80430B8F1010F03F1FF33CBF804
:1073B000043008BF0AF1010A3EF40BAF012411E0CA
:1073C000DBF800301A78B25C150703F1010311D421
:1073D000CBF80030DBF804300134013B4445CBF8F6
:1073E000043007D0002BEBDC5946484602F094F8F5
:1073F0000028E5D0A244FEF7ECBE3B6B53F8042B0B
:107400003B631080FFF7D1B93B6C002B00F06E811D
:107410003B6CD3F80080DE8876B10024A8F1040527
:10742000A14655F8043F1868F9F7F6FA01342B68BD
:10743000A642C3F80090F4D14FF0FF337B64B8F15B
:10744000000F7EF49CAFFEF79DBF78483B63F8F7D2
:10745000FFFE84ED000AADE43A6BFC6352F8045B76
:107460003A63BC646CE482B0CDE9023302AB3B64A6
:1074700012E67B63530020461946FB63F9F790FD43
:107480000446002800F0AD80BB6C851918607B6B4A
:1074900075E47D6929460A2301314846FAF758FF09
:1074A000BB69C21A9DE5D7E90C3253F8041B3A6256
:1074B000B9643B63BA62FA63FFF7B2B93B6BBC6471
:1074C00053F8045B3B63AAE43B6BBA6A53F8044B82
:1074D000BA61C7E907223B63FFF72ABABC6C206890
:1074E000F9F75EFD00287FF4B3AA63E459464846E5
:1074F0007B6302F011F87B6B00283FF449AC4DE44C
:1075000018681C46F9F74CFD00283FF4CCAC20600D
:10751000C9E4002537E6BD6CD7F83CA07E6244463E
:10752000002D3FF47CAA013D07F5B8735A46595D1A
:10753000484601F0B1FF002DF5D1FFF770BA59466A
:10754000484601F0E9FF00283FF422AE7C62002D9E
:107550007EF404AF28E67C62002D3FF425AE013DA9
:1075600007F5B8735A46595D484601F095FF002D5E
:10757000F5D119E6E5073CD4A4073AD53B6BF9648D
:1075800053F8042B3B634FEAEA73C2F800A0536040
:10759000FEF71FBE18EE109A1E46FFF714B801231F
:1075A00024F4F064BB64FEF7F6BFB8F1010F38BFF6
:1075B0004FF0010814F001033AD1E50600F13681DD
:1075C000240640F14C813B6B53F8045BBB64002DF7
:1075D0003EF4CDAE4046F9F717FA0346002840F0D6
:1075E000DC803B6C002B00F08180D3F80080DE88CB
:1075F00012E73B6BF96453F8042BC2F800A03B631D
:10760000FEF7E7BD2B46BD6AAB427EF6B0AE1C4628
:1076100014F8011D5A46484601F03EFFAC42F7D12E
:10762000FEF7A5BE1D6E0100450D00202C070020B1
:1076300014F010037B635ED00025FD63BD642E460D
:1076400000244B46C146A84625461C46FBF7B0F928
:10765000A8423EF483AEDBE9003213F8011B013A85
:10766000CBE900327A6A07F5B870032A415505F173
:10767000010307F1680502D12A68042A06D008220E
:1076800000212846BB62FBF7C9F8BB6A009507F5E5
:10769000B87231462046BB6201F02AFD431C786275
:1076A0003EF45CAEBB6A002840F047817A6B02B9B9
:1076B00032609A4409F1FF397B6B002B40F07581F1
:1076C000BB6C002B00F07081FB6BF51AB8EBA50FBB
:1076D00000F26A8118464FEAC801F9F761FCF863C5
:1076E000002840F05C813B6C002B2DD14FF0FF3324
:1076F0007B64FEF747BE220640F18F803C6B54F856
:10770000043BBB64002B3EF432AE8020F9F77CF9D9
:1077100006460028E7D0BB6C18603B6CDD889A8871
:107720009542C0F0B3804FF6F6718A4256D80832BF
:1077300093B23A6CFB6399001068F9F731FCFB6B6C
:10774000002840F0AE803B6CDB883A6C1E46D2F8D5
:10775000008061E62B46BD6AAB427EF608AE1C4651
:1077600014F8011D5A46484601F096FEAC42F7D186
:10777000FEF7FDBD1046D9001E46F9F711FCB862B0
:107780000028B0D04219BA64FA6B7D6B10607300A8
:107790003B62F8E4D7F83C803EE6396C2860CE883E
:1077A0008A889642C0F08E804FF6F6718A4238631E
:1077B00040F2A5803B6CD3F800802DE6BA6A954272
:1077C0007EF6D5AD2C46BD6A14F8011D5A464846D2
:1077D00001F062FEAC42F7D1FEF7C9BD2B46B4E71B
:1077E00001F084FCC1E5D8F800301D4601337FF478
:1077F000D5A82A46FFF7E8B8BB6C186801F0D4FC9E
:1078000000287FF4A8AE032CAA447FF449A833686B
:10781000042B7FF445A8FFF745B8D7E90C3253F89D
:10782000046B3B631546FA63BA6409E71C46DBF850
:107830000430984539DDDBF800201A44CBF80020ED
:10784000594648461C44A8EB030801F065FE002891
:10785000EDD0002C3EF482ADA244FEF7BABC3D6BE5
:1078600043462968CDF800B00122484601F072FE77
:10787000044600283EF472AD0435BD647B6C0133D0
:107880007B64BB6C3B63A244FEF7A3BC1868BB6C73
:1078900040F825303B6C3C630135DD80FE632025DC
:1078A000CEE63A6C93801060F1E7A3EB0803CBF8C7
:1078B0000430DBF8003044444344CBF80030A244A9
:1078C000FEF787BC0A68FA63FA6B42F826503A6CF6
:1078D0000136B6B2D6801946CDF800B04346012233
:1078E000484601F037FE0446D8B18045C6D928681D
:1078F0002146F9F755FB0028C0D02860BEE73B6C55
:10790000083294B21A687A631046A100F9F748FB6E
:107910007A6BF86300285BD03B6C9C8018603B6BF3
:10792000D2E77B6CD7F83C80002B3FF475ADBBF8F9
:107930000C305B067EF51DAD6AE57A6A02321DD118
:10794000DBF80420002A1D463FF780AE594620464A
:1079500001F0E2FDE0B9B9F1000F7FF477AE4546E2
:10796000A146BB6C23B1FB6BF11AB5EBA10F27D875
:107970007B6B002B7EF42DACFFF71CBA9A447B6A1C
:10798000032B7FF497AE2B68042B7FF493AE93E622
:10799000A1462C464546002CE3D0FEF7DFBCBA6C6E
:1079A000461910604FEA48080436DBF80430002B13
:1079B0004FF00005CADDB9F1000F7FF447AECEE706
:1079C000BC6C2068F9F7ECFA0028D1D02060CFE732
:1079D000904621E570B500294BD006460C4610B103
:1079E000436B002B48D0636ED80734D5B4F90C3004
:1079F000002B3ED02146304600F050F8E36A0546A1
:107A000033B1E169304698470028B8BF4FF0FF35E1
:107A1000A3891A063CD4216B41B104F14003994279
:107A200002D03046FBF798FB00232363616C21B141
:107A30003046FBF791FB00236364FAF75BFD636E4E
:107A40000022DB07A2811FD5A06DFBF749F8FAF7EA
:107A500057FD284670BDA3899905CBD4A06DFBF7CF
:107A600041F8B4F90C30002BC4D1656E15F0010556
:107A700005D00025284670BDFAF71EFDB3E7A06DBE
:107A8000FBF732F8284670BDA06DFBF72DF8DBE759
:107A900021693046FBF760FBBDE700BFB1F90C2060
:107AA0002DE9F0410C461107804647D4636842F443
:107AB0000062002BA2815EDDA56A002D58D0002354
:107AC000D8F80060C8F8003093B212F4805256D152
:107AD0000123E1694046A847431C67D0A389A56AF2
:107AE0005F0705D56368C01A236B0BB1E36BC01A3F
:107AF000E169024600234046A847411C41D1D8F81D
:107B00000030002B3DD01D2B01D0162B56D1A38960
:107B10002269226023F4006300216160A381216B4C
:107B2000C8F8006021B304F14003994202D04046F6
:107B3000FBF712FB00202063BDE8F0812669BEB18F
:107B400093B2256826609A070CBF63690023AD1BBA
:107B5000A3600BE02B463246E169676A4046B847AE
:107B6000B0F1000CA5EB0C05664417DD002DF1DC2F
:107B70000020BDE8F081E36B002B9DDCF8E7206D71
:107B8000AEE7B4F90C302269226023F40063A381CC
:107B90000022DB046260C2D52065C0E7A38943F000
:107BA00040034FF0FF30A381BDE8F081D8F80030EA
:107BB000002B93D01D2B06D0162B04D0A38943F0A5
:107BC0004003A381D5E7C8F80060D1E738B50C467B
:107BD000054608B1436B03B3B4F90C0088B1636E7A
:107BE000DB0701D481050FD528462146FFF756FF54
:107BF000636EDA07054602D4A3899B0508D528469B
:107C000038BD0546284638BDA06DFAF76BFFEBE797
:107C1000A06DFAF769FF284638BDFAF74DFCDBE79F
:107C200070B50C785E2C86461ED00022481C944607
:107C30000EF1FF330EF1FF0103F8012F8B42FBD150
:107C400084B18CF001010EF80410451C15F8013CBC
:107C50002D2B0ED05D2B03D01BB11C462846F2E71E
:107C6000284670BD013870BD01224C78881C9446AE
:107C7000DEE790F801C0BCF15D0FEED06445ECDCAE
:107C8000661C02300EEB060202F8011BA2EB0E038B
:107C9000013B9C45F8DCACEB0403013B6445A8BF09
:107CA000002302359C19D1E70EB410B59DB06FF0DA
:107CB00000411FABCDE906010491094953F8042B9B
:107CC0000290084C0868019302A90594FCF7B8FCDF
:107CD000029B00221A701DB0BDE8104003B070472F
:107CE000088700200802FFFF41EA00039B0730B429
:107CF00001D1032A0FD801F1FF3C07E01CF8011F56
:107D000003F8011B541EC1B1224618460346002A3F
:107D1000F4D130BC70470B46194653F8045BA5F10B
:107D2000013424EA050414F0803FE4D1043A032A24
:107D300040F8045B1946EFD8DDE70244002CE8D098
:107D400003F8011B9342FBD130BC704700487047D9
:107D5000708200200000000030B482B08DED000B76
:107D6000019A194C22F000430021A342016021DC5A
:107D7000009C1C431ED0154C144054B99FED107B41
:107D800020EE077B8DED007B019A6FF0350122F02C
:107D9000004322F0FF42DDE9004522F4E00242F018
:107DA0007F551B1545F40015A3F2FE33CDE90045C0
:107DB0000B4403609DED000B02B030BC704700BF68
:107DC0000000000000005043FFFFEF7F0000F07F45
:107DD00000B50B4C25681446EE681A4685B003467C
:107DE0000D464CB107490095CDE9011430460649CE
:107DF00001F0BEFAF7F72CF904490C46F3E700BF8F
:107E000008870020280B0020380B00202C070020BA
:107E100038B5A1FB02148CBBF8F706FE0546E0B1AD
:107E200050F8042C22F00302043A242A17D8132A0B
:107E30001AD91B2AC0E900441DD9242A14BF00F115
:107E4000100200F118024FF00003C0E9024404BF21
:107E500004614461C2E900339360284638BD21467D
:107E6000FAF7DCFC284638BD02460023C2E900339D
:107E70009360284638BD00F10802F6E7FAF704FEE1
:107E80000C2300250360E8E72DE9F04F03690C6936
:107E9000A34283B0C0F28780013C01F11405A30026
:107EA00000F11408009355F8243058F824200133C9
:107EB00081469A4208EB840005EB84070190B2FBEF
:107EC000F3F63BD34FF0000CAE464046E246634625
:107ED0005EF804BB02681FFA8BFC06FB0C334FEA0A
:107EE000134C4FEA1B4B06FB0BCC9BB2AAEB0303D4
:107EF0001FFA8CFA13FA82F3CAEB124202EB234206
:107F00009BB243EA0243774540F8043B4FEA224ADA
:107F10004FEA1C43DCD2009B58F8033073B9019B35
:107F2000043B984504D307E0984504F1FF3403D29D
:107F300053F80429002AF7D0C9F810404846FCF746
:107F400015F900282BDB01364146002355F8040BB8
:107F5000D1F800C082B29A1A030C12FA8CF2C3EB69
:107F60001C4303EB224392B242EA0342AF4241F880
:107F7000042B4FEA2343E9D258F8242008EB84036A
:107F80006AB9043B984504D307E0984504F1FF34EF
:107F900003D253F80429002AF7D0C9F8104030461C
:107FA00003B0BDE8F08F002003B0BDE8F08F00BF44
:107FB0002DE9F04F2DED028B8FB08DED020B01916D
:107FC000816B1A9D059357EC106B0446934641B1A3
:107FD000C26B4A60012393408B60FBF70FFE0023C6
:107FE000A363B7F10008B4BF012300232B60BE4B8D
:107FF000BCBF28F00048CDF80C8033EA080300F03D
:108000009F809DED028BB5EE408BF1EE10FA11D101
:10801000059A012313601B9B002B00F03F82B34B9A
:108020001B9A1360013B009300980FB0BDEC028BCC
:10803000BDE8F08F0CAA0DA92046B0EE480BFCF766
:10804000F5F95FEA1853054640F09280DDE90C131C
:108050000B4403F23242202A40F3FA82C2F140027A
:1080600008FA02F803F21242D64048EA060207EE86
:10807000102AB8EE477B581E17EE906A53EC172B68
:108080004FF0010AA6F1F8739FED913B9FED927BB3
:108090009FED935B06EE900A43EC122BB8EEE64B95
:1080A000B7EE086B32EE466BA6EE037BA4EE057BC3
:1080B000FDEEC76BB5EEC07BF1EE10FA16EE907ACE
:1080C00008D5B8EEE66BB4EE476BF1EE10FA18BFC8
:1080D00007F1FF37162F00F24581854B03EBC703ED
:1080E00093ED007BB4EEC78BF1EE10FA57D5091A69
:1080F0000023B1F1010807F1FF370A9300F139813C
:1081000000230693002F52DA069B0497DB1B06938D
:108110007B420893019B092B4FF000074ED8052B9B
:1081200040F39D82043B01930026019B9A1E032A83
:1081300000F22581DFE812F0AA03A7039D037E0366
:10814000059AC8F3130842F20F7358EA0608136041
:108150001ED11B9B002B00F09185664B00930833CA
:108160001B9A009813600FB0BDEC028BBDE8F08F36
:1081700018EE906AC6F31306A3F2FF3053EC182BE7
:1081800046F07F530C994FF0000A43F440137BE70D
:108190001B9B002B40F03B83574B009344E7091A8D
:1081A0000023B1F101080A9300F1E3800693002354
:1081B0000893019B0497092BB844B0D900230126EA
:1081C000019307964FF0FF399B460021E163CDF8FC
:1081D0002C902046FBF7ECFC0090002800F0408536
:1081E000009BA363B9F10E0F00F2DC80002E00F0BB
:1081F000D980049B002B40F3DE833D4A03F00F013E
:1082000002EBC10292ED007B1A11DB0540F1828383
:108210003A4991ED086B02F00F02032088EE065BED
:108220005AB13649D60704D591ED006B013027EEDF
:10823000067B521001F10801F4D185EE076B0A9B11
:108240003BB1B7EE007BB4EEC76BF1EE10FA00F174
:10825000AE8407EE900AB8EEE75BB1EE0C7BA5EEBC
:10826000067B17EE902A51EC170BA2F15071B9F171
:10827000000F00F08883049E4A46079B002B00F005
:108280004784B6EE003B1A4BFDEEC64B03EBC20C27
:10829000B8EEE47B36EE477B1CED026B83EE065BAB
:1082A00041EC160B14EE900A35EE465B0099B4EEE5
:1082B000C75B3030F1EE10FA01F8010B00F3AC842B
:1082C000B7EE002BB2EE044B4FF0000C31E000BFD4
:1082D00061436F63A787D23FB3C8608B288AC63FCC
:1082E000FB799F501344D33F0000F07F457E002070
:1082F000C8030020480E0020540E0020A0030020D8
:108300000CF1010C94454DDA27EE047B25EE045B5D
:10831000FDEEC76B16EE903AB8EEE63B303337EE23
:10832000437BB4EEC57BF1EE10FA01F8013B00F19E
:10833000738432EE476BB4EEC56BF1EE10FADFD505
:10834000009A049602E08A4200F05084894611F8AF
:10835000013D392BF7D00133DBB20B70049B0133A5
:10836000049355E1091A0123B1F101080A937FF53D
:10837000C7AEC1F1010306934FF00008C2E6002624
:10838000E66331462046FBF713FC0090002800F01E
:108390006784009BA3634FF0FF330B93994601233F
:1083A000B34607930D9A002A55DB04990E2952DC37
:1083B000B74BBBF1000F03EBC10393ED006B15DA74
:1083C000B9F1000F12DC40F0F282B1EE047B26EE30
:1083D000077BB4EEC78BF1EE10FACA464E4600F2A8
:1083E0006D82DDF800806FEA0B0B70E288EE067B91
:1083F000BDEEC77B009917EE103AB9F1010F03F1FA
:108400003003B8EEC75B01F8013BA5EE468B00F0E8
:108410003483B2EE044B012311E088EE067BBDEEFF
:10842000C77B013317EE102A4B4502F13002B8EE3C
:10843000C75B01F8012BA5EE468B00F01E8328EEEA
:10844000048BB5EE408BF1EE10FAE6D1049B0133BC
:1084500004938946DCE0079B43B3019B012B40F367
:108460007682089B09F1FF3A534580F23F82089BD0
:10847000CDF820A0AAEB030217444FF0000AB9F18F
:10848000000FC0F22583069B09934B44C844069312
:1084900001212046FBF7B6FC06460CE07D4B00931D
:1084A00000980FB0BDEC028BBDE8F08F069BDDF8A5
:1084B00020A0079E0993099B6BB1B8F1000F0ADD5C
:1084C000434506991A46A8BF4246891A9B1A069147
:1084D0000993A8EB0208089B63B1079B002B00F0EF
:1084E000A782BAF1000F00F30482089BB3EB0A02E3
:1084F00040F0FF8201212046FBF784FC002F8246DA
:1085000000F3AF80019B012B40F387810023089388
:108510000120002F40F0B180404410F01F0000F017
:108520007A81C0F12002042A00F3888040F0F681AD
:10853000069B002B05DD29461A462046FBF79EFDCB
:108540000546B8F1000F05DD514642462046FBF7CF
:1085500095FD82460A9B002B40F03F81B9F1000F48
:1085600040F32581079B002B40F0A380049B01333F
:108570000493DDF80080012707E0294600230A2242
:108580002046FBF745FB0137054651462846FFF7D5
:108590007BFCB94500F1300008F8010BEDDCB9F1C6
:1085A000000F009ACCBFCB464FF0010B034693441B
:1085B00000272946012220460193FBF75FFD514623
:1085C0000546FBF7D3FD002840F3AF811BF8013CC3
:1085D000009A0BF1FF3B04E05A4500F0B1811BF813
:1085E000013D392B0BF10109F6D001338BF8003036
:1085F00051462046FBF702FB56B12FB1B74203D0DC
:1086000039462046FBF7FAFA31462046FBF7F6FAE0
:1086100029462046FBF7F2FA002389F80030DDE90D
:1086200004231A601B9B002B3FF4FEAC0098C3F898
:1086300000900FB0BDEC028BBDE8F08FC0F11C00C4
:10864000069B03440693099B0344099380446FE708
:10865000C2F1200206FA02F207EE102A09E501260D
:1086600063E501463A462046FBF7A8FC019B012B37
:10867000824640F3C58100230893DAF810200AEB04
:1086800082021069FBF76EFBC0F1200044E700BFD7
:10869000C8030020447E0020314600230A222046E1
:1086A000FBF7B6FA0B9B002B064640F3CE820497ED
:1086B0009946099B002B05DD31461A462046FBF7FB
:1086C000DDFC0646089B002B40F0EB81B046029B88
:1086D000009F03F001027B1E4B440893019B0A920A
:1086E0001343099351462846FFF7CEFB3146834694
:1086F0002846FBF73BFD4246514681462046FBF7A4
:1087000057FDC26801460BF13003002A42D1CDE982
:1087100006032846FBF72AFD069902902046FBF740
:108720006DFA029A079B1AB90999002900F07E8216
:10873000B9F1000FC0F28381019949EA01090A9950
:1087400051EA090900F07B81002A00F3C681089AEA
:108750003B7007F101099742CB4600F0C4812946DE
:1087600000230A222046FBF753FA464505463146C8
:108770004FF000034FF00A02204612D0FBF748FAF0
:108780004146064600230A222046FBF741FA4F469F
:108790008046A7E720460293FBF730FA029B0122AE
:1087A000C6E7FBF735FA4F46064680469AE7019B37
:1087B000022B71DC079B002B7FF47BAF049B51469F
:1087C000013328460493FFF75FFBDDF800B000F1AA
:1087D00030030BF8013B0027EBE651462846FBF738
:1087E000C5FC0028BFF6BAAE294600230A2220465F
:1087F000FBF70EFA049B5F1E079B0546002B7FF4D8
:108800004BAF0B9B002B40F318829946B1E6BC4B53
:1088100000930333A4E41C2012E7DDE902010028E1
:108820007FF474AEC1F31302002A00F0F480029BBF
:1088300008936DE601230793049B5B4403F1010950
:10884000B9F1010FCC460B93B8BF4FF0010C0021DA
:10885000BCF1170FE1637FF7BCAC0120042252008A
:1088600002F114036345014600F10100F7D9E16309
:10887000AFE401230793BBF1000F52DDCDF82CB01C
:10888000D946DC46E3E700230793D5E700230793A7
:10889000F1E7DDF82C900497B9F1000F7FF4A1AD5A
:1088A00051464B4605222046FBF7B2F90146824667
:1088B0002846FBF75BFC00287FF793AD049B03F190
:1088C000010B009B3122984603F8012B009351467F
:1088D0002046FBF793F90BF10103DDF800900493B8
:1088E000CDF80080002E7FF48FAE91E6A3EB0A0A4C
:1088F000C5E5314652462046FBF760FB2A46014655
:1089000006462046FBF7ACFA294605462046FBF70B
:1089100075F9EAE50220B0EE485B81E4C0F13C0065
:108920008EE64FF0010BD9464FE403D1019BDB07E4
:108930003FF54CAED9461BF8013D302BFAD057E637
:10894000049B009A013304933123137050E6BAF16B
:10895000000F00F0238102F23342069B0993134477
:10896000DDF820A00693904492E507EE900AB1EE60
:108970000C5BB8EEE77BA6EE075B15EE902A51EC98
:10898000150BA2F1507141EC150BB1EE047B36EEE4
:10899000477BB4EEC57BF1EE10FA00F33781B1EE00
:1089A000455BB4EEC57BF1EE10FA7FF5FBAC4FF002
:1089B000000A564615E500F0F580049B51495A42DD
:1089C00002F00F0001EBC00191ED006B121128EED7
:1089D000066B00F04281B0EE467B4B490026022038
:1089E000D30705D591ED005B0130012627EE057B0D
:1089F000521001F10801F3D1002E06FE076B1EE4B0
:108A0000029B002B7FF437AEDDE90201C1F31302B4
:108A1000002A40F037813D4A0A40002A00F0FA80DF
:108A2000069B01330693012308F1010808936FE5C3
:108A30002946089A2046FBF7C1FA05465AE5002A5E
:108A400012DD2946012220460193FBF717FB514610
:108A50000546FBF78BFB0028019B40F3E180392B97
:108A600000F0CA800BF13103B94609F8013B049BC1
:108A70000133374604934646BAE538EE088BB4EE28
:108A8000C68BF1EE10FA0ADCB4EE468BF1EE10FA6A
:108A90007FF4DCAC17EE103AD8077FF5D7AC009A1C
:108AA00054E471682046FBF783F80746002800F07D
:108AB000DE80336902339A0006F10C010C30F6F7C0
:108AC00039F8394601222046FBF7D8FA8046FEE500
:108AD000069BA3EB09030993DAE4392B00F08C80A1
:108AE000B9460133C1E7049A01323746049246463B
:108AF0005FE529462046FBF761FA0546FAE400BF28
:108B0000540E0020C8030020A00300200000F07FC6
:108B10005E4BFDEEC65B03EBC20C1CED023BB8EEF8
:108B2000E57B36EE477B41EC160B15EE901A23EEF3
:108B3000063B00983031012A00F8011B00F08380C9
:108B4000B2EE044B009B991827EE047BFDEEC76B39
:108B500016EE903A303300F8013B8142B8EEE65B06
:108B600037EE457BF0D1B6EE006B33EE065BB4EE2C
:108B7000C75BF1EE10FA3FF5E3AB36EE436BB4EEB4
:108B8000C76BF1EE10FA7FF70DAC8946013919F881
:108B9000013C302BF9D0731C049339E50C9AC2F1D7
:108BA0003602DAE60220B0EE486BFFF748BBB9F1B7
:108BB000000F3FF4DAAE0B9A002A7FF7F3ABB2EE68
:108BC000044B26EE046B013007EE900A049BB8EECE
:108BD000E75BB1EE0C7BA6EE057B17EE90CA51EC7D
:108BE000170B5E1EACF15071FFF747BB049B0133BE
:108BF00004933123FFF7B1BB049BBB4601330493BD
:108C0000392337460BF8013B4646E1E44FF0000AB2
:108C1000564653E608927BE4731C04938946F7E4B6
:108C20007FF422AFDA077FF51FAF18E7392BE3D0C7
:108C3000B9F1000F3FF716AF16E7019B022B3FF784
:108C400028AE0497BAE501468DE7019B022B3FF75A
:108C500020AEDDF82C9004972BE50220FFF7EFBA49
:108C60000B4B0C48002240F2AF11FFF7B1F8084B54
:108C700008483A4640F2EF21FFF7AAF8064B009366
:108C8000FFF7D2B9029B0893F7E400BFC8030020A6
:108C9000680B0020580E0020480E00202DE9F047F8
:108CA00007464C480E46354616F801EB10F80EC044
:108CB0001CF0080CF7D1BEF12D0F5AD0BEF12B0FCE
:108CC00003BF96F800E06446AE1C64465BB1102B0F
:108CD00054D04FF0FF38B8FBF3F803FB08FA6FEA03
:108CE0000A0A994608E0BEF1300F5AD00A23DFF88D
:108CF000E8804FF0050A99460025284605E02CD06B
:108D000009FB00C0012516F801EBAEF1300CBCF1F7
:108D1000090F06D9AEF1410CBCF1190F0BD8AEF119
:108D2000370C634510DDB5F1FF3FECD04045E6D987
:108D30004FF0FF35E7E7AEF1610CBCF1190F03D836
:108D4000AEF1570C6345EEDC6B1C0BD004B1404216
:108D50000AB165B91160BDE8F087D445D0DD4FF0A8
:108D6000FF35D0E722233B602846002AF3D0711E4E
:108D7000F0E796F800E00124AE1CA7E7BEF1300F43
:108D800021D1307800F0DF00582816D14FF01009BB
:108D900096F801E04FF00F0A02366FF070484B462C
:108DA000AAE7337803F0DF03582BEFD008234FF006
:108DB000070A6FF0604899469EE799466FF0704841
:108DC0004FF00F0A98E74FF00F0A6FF0704899467E
:108DD00092E700BF450D002099999919FFF75EBFF2
:108DE0002DE9F04F85B01F46574B03908A460092FD
:108DF0000D462A4615F8014B1E5D16F00806F8D1FF
:108E00002D2C75D02B2C05BF2C7802960296951C24
:108E10004FF0FF366FF0004B2FB1102F6FD0B846D8
:108E20004FEAE77905E0302C74D04FF00A08B946D4
:108E3000474642464B4630465946F7F763FC002307
:108E4000019284460A461846194611E08A4208BF34
:108E500084453DD000FB09F308FB0133A0FB08016A
:108E60000B441EEB000043EBEE71012315F8014BA0
:108E7000A4F1300EBEF1090F06D9A4F1410EBEF1E6
:108E8000190F0CD8A4F1370E774511DD5C1CEDD01D
:108E9000844572EB0103D9D24FF0FF33E6E7A4F12A
:108EA000610EBEF1190F03D8A4F1570E7745EDDC22
:108EB0005A1C13D0029A12B1404261EB4101009A50
:108EC0001AB1A3BB009BC3F800A005B0BDE8F08FAA
:108ED000019B7345BEDA4FF0FF33C7E7039A2223A5
:108EE0001360009B33B305F1FF3A30465946E9E77A
:108EF00001232C780293951C4FF0004B8CE7302C0B
:108F000004D12B7803F0DF03582B08D0B8464FF07C
:108F100000098EE72B7803F0DF03582B0FD14FF0B9
:108F200010086C784FF000090235474681E7064685
:108F30008B46D8E73046594605B0BDE8F08F4FF074
:108F40000808B946474674E7450D0020FFF748BFBB
:108F50002DE9F04F85B08B460192624A03901E4680
:108F60000D46294615F8014B135D13F00803F8D19F
:108F70002D2C00F082802B2C03BF2C7802938D1CAB
:108F80000293BEB1102E7DD04FEAE67A32465346A8
:108F90004FF0FF304FF0FF31F7F7B4FB3246074692
:108FA000884653464FF0FF304FF0FF31B146F7F798
:108FB000A9FB0AE0302C79D04FF00A09DFF82881AC
:108FC000B24605224FF099374E464FF0000C6046EE
:108FD000614611E0414508BFB8423ED000FB0AF4AB
:108FE00009FB0141A0FB09042144181841EBE3717E
:108FF0004FF0010C15F8014BA4F13003092B05D9F2
:10900000A4F14103192B0DD8A4F137039E4211DDC1
:10901000BCF1FF3FEED0874278EB0104DAD24FF08B
:10902000FF3CE7E7A4F16103192B03D8A4F1570330
:109030009E42EDDCBCF1FF3F14D0029B13B14042D5
:1090400061EB4101019B2BB1BCF1000F12D1019BDF
:10905000C3F800B005B0BDE8F08F9342BEDD4FF01D
:10906000FF3CC7E7039A22231360019B60466146D9
:10907000002BEFD005F1FF3BE9E701232C780293A9
:109080008D1C7EE7302C23D12B7803F0DF03582B87
:109090001BD14FF010096C780F2202354FF0FF37CB
:1090A0006FF070484FF0000A4E468EE72B7803F0C1
:1090B000DF03582BEDD04FF00809B24607224FF0DE
:1090C000FF376FF060484E467FE74FF0000A5DE7DC
:1090D0000F224FF0FF376FF07048B1464FF0000A93
:1090E00073E700BF450D002099999919FFF730BF2C
:1090F00070B582B00446069D55B16AB10F4800951F
:10910000D0F8E4602046B047431C10D002B070BDD8
:1091100000F1F405002AF1D1084B0095D3F8E46082
:1091200011460123064A2046B047431CEED10022D7
:109130008A232A60236002B070BD00BF80810020B6
:109140002C07002070B5054684B05BB11C4669B1A0
:109150000E4B2846D3F8E0602346B047431C0FD09F
:1091600004B070BD00F582740029F1D1074A23468E
:10917000D2F8E06028460A4601A9B047431CEFD167
:1091800000228A2322602B6004B070BD8081002001
:1091900010B582B0049CCDE900344FF0FF3301F0EC
:1091A0009FFD02B010BD00BF002100F001B800BF5C
:1091B00010B500F0ABF8044601F0A4FDA0F11A03CD
:1091C000DBB2022B06D9A4F1090004288CBF0020D1
:1091D000012010BD012010BD022932D00329C0F3A7
:1091E00007231DBFA0F1800283F08003D2B2C2B278
:1091F00003F15001C9B21F2906D84CF6D371884239
:1092000069D94FF0FF30704703F13001C9B224290A
:109210000ED84FF2A6418842F3D8D03BC3EBC3131C
:10922000A2F1A10000EB4300304A32F81000704771
:10923000A13B072BE5D8DFE803F0483E342E292573
:109240002119C2B29E2AC0F307210BD92332D2B210
:1092500080239F2994BF7039503103EB410303F001
:10926000FF03C5E77E3AD2B27F23F2E7C02AC8D80F
:109270001F4BA2F1A10033F810007047F12AC0D8AB
:109280001C4B19E0D82ABCD81B4B15E0F62AB8D8DD
:1092900002F540507047F32AB3D802F53E50203013
:1092A0007047164B134413F8A13C002BA9D002F5CC
:1092B0007E4060307047124BA2F1A10033F81000DD
:1092C000002808BF4FF0FF3070470E4BA2F1A100FD
:1092D00033F810007047B03BC3EBC313A2F1A100F9
:1092E00000EB4300084A32F810007047DC5E0020B3
:1092F000F811002054110020E410002088100020F4
:10930000CC0F0020100F00203812002038B5054681
:10931000B9B101F5957412492046F9F7F5FB28B962
:1093200028460121BDE83840FFF756BF0D492046C9
:10933000F9F7EAFB38B928460221BDE83840FFF7C3
:109340004BBF094CE7E709492046F9F7DDFB28B98F
:1093500028460321BDE83840FFF73EBF284638BD08
:10936000B40E0020B80E0020AA820020C00E0020FB
:109370000EB410B583B005AB064C53F8042B019323
:109380000146206800F07CF903B0BDE8104003B04E
:10939000704700BF088700202DE9F04F93681768D9
:1093A00083B09246002B70D081468A6808680C46CC
:1093B000083743E0A38913F4906F2ED0D4E9041644
:1093C000A0EB010806EB460606EBD67608F1010095
:1093D00076102844B042324684BF064632465B05CA
:1093E00037D511464846F7F71FFB019000283AD0C1
:1093F00042462169F5F79EFBA289019B22F4906207
:1094000042F08002A281A6EB080203EB080066612D
:10941000A260236120602E46A84642465946F9F7CD
:1094200081F9DAF80830A2682068921B40445B1B7F
:10943000A2602060CAF808303BB3083757E902B58C
:10944000002DFAD0AA4216469046B3D92E46A84619
:10945000E3E74846F7F7B0FD03460028D3D121697A
:109460004846F9F779FEA3890C2243F04003C9F876
:1094700000204FF0FF30A38100220023CAF808200B
:10948000CAF8043003B0BDE8F08F00200023CAF80A
:10949000043003B0BDE8F08F38B54B1C1AD0938967
:1094A0001446126B23F02003A381CDB2AAB16268E7
:1094B000636B9A4209DA23685A1E226003F8015C42
:1094C000636801336360284638BD214601F058FACD
:1094D0000028F0D04FF0FF35F5E7236922682BB163
:1094E000934203D212F8013CAB420FD06168E163B2
:1094F0002346A26304F1400103226263216303F85F
:10950000425F0122C4E90032284638BD6368013A4F
:109510000133C4E90023D6E710B50C46096B69B1E5
:1095200004F14003994201D0F9F716FEE36B636042
:109530000020206313B1A36B236010BDA3892169B0
:10954000002243F02003C4E90012A3814FF0FF3052
:1095500010BD00BF2DE9F04F85B0CDE9023202FB0E
:1095600003F30E9C0193A3B3D4F804A0019B5345CD
:109570008B4646D9A046019D58F8401B0746002659
:1095800052465846F5F7D6FA2368226B5344A9464B
:10959000C4E9003611463846D344A5EB0A05E2B1CA
:1095A000424501D0F9F7D8FDE36B26636360A3B1B0
:1095B000A16B2160AB429A46E2D3029B01932A46FB
:1095C0005846F5F7B7FAD4E90032521B2B44C4E9E8
:1095D0000032019805B0BDE8F08F019A039B524418
:1095E000A2EB0902B2FBF3F30193A389226901986C
:1095F00043F02003A3810023C4E9002305B0BDE8A4
:10960000F08F21681D46D8E72DE9F84F4B6E9C047A
:1096100090462DD59368126843B38B46064602F1F7
:10962000080959E9025A5FEA9A0715D0043D002457
:1096300001E0A7420ED055F8041F5A46304601F00B
:1096400097FA431C04F10104F3D10023C8E9013364
:10965000BDE8F88FD8F808302AF0030AA3EB0A0314
:10966000C8F8083009F10809002BDAD10020ECE72E
:1096700001F00CF80023C8E90133BDE8F88F00BF02
:109680002DE9F04F2DED028BC5B00DF1500A834648
:1096900008EE101A16460021082250461C46079371
:1096A000F9F7BCF8BBF1000F04D0DBF83430002B25
:1096B00000F0A08618EE102A536EDB0740F11385E8
:1096C000B2F90C108AB295040BD418EE103A41F49A
:1096D000005199815B6E8AB218EE101A23F4005380
:1096E0004B66100740F1058118EE103A1B69002BFC
:1096F00000F0FF8002F01A030A2B00F00A81002319
:10970000CDE91933CDE90D331BAA0C93189291467C
:109710000B930593B0464446A84BD3F8E450F9F7B1
:1097200047F92246034612A9CDF800A05846A8479B
:10973000002800F04581C0F23981129A252A03469B
:1097400001D01C44E8E7B4EB0806054640F03C8134
:10975000002361788DF8433004F1010806934FF03F
:10976000FF371E462B2408F10108A1F120035A2BD4
:1097700000F27881DFE813F0B50276017601B002DD
:109780007601760176016A00760176017D028D020E
:10979000760188029702760192025B005B005B0013
:1097A0005B005B005B005B005B005B0076017601A9
:1097B00076017601760176017601760176015C020A
:1097C00084007601760176017601760176017601D4
:1097D000760176017601E8007601760176013302A2
:1097E0007601DA02760176018B0576017601760143
:1097F00076017601760176017601760176015C02CA
:109800008600760176017601CD0286007F00760122
:10981000C0027601FD02EA00ED027F00760133020C
:109820007C006905760176016B0576017C00A1F16B
:109830003003002218F8011B02EB820203EB420204
:10984000A1F13003092BF5D906928EE75846FEF7B1
:109850007DFA43680D931846F9F772FB0E900546A2
:109860005846FEF773FA83680B93002D40F0D684B8
:1098700098F8001077E798F8001046F0200672E795
:1098800046F01006B40640F18E81079B073323F0A3
:1098900007031A46596852F8083B07920A460029FE
:1098A000C0F27084791C00F0A28526F0800103913B
:1098B00053EA020100F03F840A2B72F1000180F0AC
:1098C000418530338DF80F31039E012304930DF24F
:1098D0000F14049BBB42B8BF3B460393002308937D
:1098E0009DF84330002B00F0CB80039B01330393A2
:1098F000C6E018EE101A584618EE105A01F07CF81F
:10990000002840F05286AA8902F01A030A2B7FF43D
:10991000F6AE18EE101AB1F90E30002BFFF6EFAECE
:109920004B6EDB0702D4970540F1128618EE101A31
:1099300023463246584600F069FE0590059845B02A
:10994000BDEC028BBDE8F08F46F0100616F0200249
:1099500000F03681079B073323F0070319465A6846
:1099600051F8083B079126F4806103910021002003
:109970008DF84300781C00F01082039820F08006D8
:1099800053EA020040F00882002F40F03885002999
:1099900040F0D583039B13F00103049300F011847E
:1099A00030238DF80F310DF20F1492E708220021B9
:1099B0005046F8F733FF01231C44ADE680810020B8
:1099C000B4EB080605461BD0199B1A9A01333244A2
:1099D000072BC9E900861A9219931CDD002A00F0B2
:1099E000A68318EE101A18AA5846FFF70DFE20BBE2
:1099F0000DF16C09059B33440593002D7FF4A8AE4F
:109A00001A9B002B40F0C18518EE103A0022B3F9E2
:109A10000C30199215E009F10809EBE718EE101A5D
:109A200018AA5846FFF7F0FD002800F0A680089B12
:109A30001BB108995846F9F78FFB18EE103AB3F9A5
:109A40000C3018EE102A526E12F0010F9AB200F08C
:109A5000A080500600F1B285059845B0BDEC028BA0
:109A6000BDE8F08F0029CBD000238DF843300123CF
:109A7000CDE903338DF8AC102BAC002308931F46BF
:109A800016F00203099302D0039B0233039316F0EE
:109A900084030A9305D1069B039A9D1A002D00F3B7
:109AA0007B82DDE91903411C9DF8432082B101222C
:109AB0000133C9F8042007290DF14302CDE9191338
:109AC000C9F8002000F34A82084609F1080901316B
:109AD000099AE2B111AA0233C9F8002007294FF010
:109AE0000202CDE91913C9F8042040F35082002B7B
:109AF00000F0438318EE101A18AA5846FFF784FDA9
:109B0000002894D1DDE919030DF16C09411C0A9A72
:109B1000802A00F08481049ABD1A002D00F3D781B9
:109B2000049AC9F8004013440729CDE91913C9F86C
:109B3000042040F36E81002B00F0758218EE101A9D
:109B400018AA5846FFF760FD00287FF470AF1A9BF3
:109B50000DF16C09750705D5069A0399541A002C66
:109B600000F36B82DDE9052103988142ACBF5218F6
:109B700012180592002B7FF451AF08990023199316
:109B8000002900F049815846F9F7E6FA0DF16C0911
:109B9000C1E59C053FF55DAF18EE104AA06DF8F7E2
:109BA000A3FFA28955E7F006079A00F11F8371060B
:109BB00040F1198332F9043B0792DA1711466EE639
:109BC00016F01003079940F0098316F0400000F0EA
:109BD00001831A4651F8043B07919BB2C3E6079BE9
:109BE0001A4600238DF84330134653F8044B039371
:109BF000002C00F01284532900F0658316F0100544
:109C000040F061837B1C00F0B3843A46294620462D
:109C1000F9F746F90890002800F09F84031B039A87
:109C2000049323EAE3732F4607920393089557E6BC
:109C3000432902D0F50640F12D83079D082200211B
:109C400016A82BACF8F7EAFD16AB55F8042B214605
:109C50005846FFF777FA03460133049000F0B384C7
:109C6000049B079523EAE373039300238DF84330A5
:109C700003E7079B53F8042B0692002A80F29C828C
:109C8000069A5242CDE9062398F8001046F00406E1
:109C900069E598F800108DF8434064E598F80010E5
:109CA00046F080065FE5424612F8011B2A2900F0C3
:109CB0009684A1F13003092B90464FF000073FF640
:109CC00054AD18F8011B07EB870703EB4707A1F119
:109CD0003003092BF5D948E598F8001046F0010645
:109CE00041E59DF84330002B7FF4C2AD202398F866
:109CF00000108DF8433036E598F800106C2903BF4A
:109D000098F8011046F0200608F1010846F0100608
:109D100029E598F80010682903BF98F8011046F467
:109D2000007608F1010846F040061CE546F01003F5
:109D30000393039B13F0200200F00682079B073376
:109D400023F0070319465A6851F8083B079101218F
:109D50000DE6079A46F00203039352F8043B07927C
:109D600047F63002ADF84420B84A0C920221002296
:109D7000FDE5B70600F14882F50600F1468374065A
:109D800000F1D583B00540F14083079B059953F856
:109D9000042B07931170BEE4039601293FF48CADA8
:109DA000022944AC11D10C9803F00F011B09415C4E
:109DB00004F8011D43EA0273120953EA0201F3D1C8
:109DC000039E44AB1B1B049383E503F00701DB08F0
:109DD00043EA4273D208303153EA0205204604F8C0
:109DE000011DF2D1039EF307EBD53029E8D03023D3
:109DF000023804F8013C44AB1B1A039E049304464A
:109E000067E5049B1B9401221C931A9319920DF190
:109E10006C0909F108099DE60DF16C097BE4069ACD
:109E2000039D551B002D7FF776AE102D40F3BB83AD
:109E3000099418EE104A07E000F1020C09F1080934
:109E40001046103D102D1EDD8149C9F80010421C3E
:109E500010331021072ACDE91923C9F80410EBDDCE
:109E600018AA002B74D0214658460DF16C09FFF753
:109E7000CBFB00287FF4DBADDDE91903103D102D8D
:109E800000F1010CE0DC099C714AC9F804502B4434
:109E9000BCF1070FCDE919C3C9F8002040F3948144
:109EA000002B00F01F8318EE101A18AA5846FFF76F
:109EB000ABFB00287FF4BBAD049ADDE91903BD1AA2
:109EC000002D00F101010DF16C097FF729AE102D75
:109ED00029DD0994102718EE104A07E000F1020C62
:109EE00009F108091046103D102D1ADD421C584991
:109EF0001033072AC9E90017CDE91923EEDD18AAA6
:109F000003B3214658460DF16C09FFF77DFB00288D
:109F10007FF48DADDDE91903103D102D00F1010C2A
:109F2000E4DC099C61464A4AC9F804502B440729DD
:109F3000CDE91913C9F8002000F3E78009F10809F9
:109F40000131EDE54FF0010C18460DF16C09CAE73F
:109F50004FF0010C18460DF16C0972E7002B00F070
:109F6000048118EE101A18AA5846FFF74DFB002876
:109F70007FF45DADDDE919030DF16C09411CA7E526
:109F8000022311AA1C931B9201210DF16C090846B2
:109F900009F10809411CBAE5102D40F3E582DDE91D
:109FA00019130F94084618EE104A07E000F1020C4E
:109FB00009F108091046103D102D1DDD2549C9F88D
:109FC0000010421C10331021072ACDE91923C9F8CB
:109FD0000410EBDD18AA03B3214658460DF16C09B5
:109FE000FFF712FB00287FF422ADDDE91903103DD5
:109FF000102D00F1010CE1DC0F9C6046154AC9F8F8
:10A0000004502B440728CDE91903C9F8002000F3B8
:10A01000C18009F10809411C46E518464FF0010CC2
:10A020000DF16C09C7E77607199353D5069A039982
:10A03000541A002C4EDD0DF16C09102C40F3B08247
:10A04000199918EE106A10250DE000BFE00E0020EF
:10A05000547F002098290020881C09F10809114626
:10A06000103C102C1ADD4A1CB3481033072AC9E9EA
:10A070000005CDE91923EFDD18AA33B33146584660
:10A08000FFF7C2FA00287FF4D2ACDDE91913103CC7
:10A09000102C01F101000DF16C09E4DCA64AC9F8AD
:10A0A000044023440728CDE91903C9F800207FF7AD
:10A0B00059AD7BB118EE101A18AA5846FFF7A4FA4A
:10A0C00000287FF4B4AC1A9B4CE5012019460DF131
:10A0D0006C09C5E7DDE9053203998A42ACBF9B18DC
:10A0E0005B18059349E5B2F90C108F0518EE103A8C
:10A0F0008AB23FF5E8AA18EE105A986DF8F7F2FC0C
:10A10000B5F90C108AB2FFF7DEBA002B3FF479AE36
:10A1100018EE101A18AA5846FFF776FA00287FF4AE
:10A1200086AC19991A9B01310DF16C09F8E419926A
:10A130000DF16C095EE4002F7FF4C3AB039E002792
:10A14000049744ACFFF7C5BB039B13F0100354D135
:10A15000039A12F0400000F06B8107991A4651F8FB
:10A16000043B07919BB2012101E4099A002A64D1C2
:10A17000184601210DF16C09C9E4012118460DF1C1
:10A180006C09C4E45B4262EB420203962D2001217C
:10A19000FFF7EEBB002B00F0888018EE101A18AA0B
:10A1A0005846FFF731FA00287FF441ACDDE9190386
:10A1B0000DF16C09411C77E498F800100793FFF744
:10A1C000D2BA44ACFFF785BB09F108090CF10101D3
:10A1D0006046A0E416F4007240F0978151F8043B09
:10A1E0000791FFF7C0BBB30500F1888152F8043B2B
:10A1F0000792DA171146FFF752BB079951F8043B53
:10A2000007910121FFF7B3BB079B059853F8041B87
:10A210000793C217C1E90002FFF77DBA0B9B002B21
:10A220003FF426AB0B9B1B78002B3FF421AB98F837
:10A23000001046F48066FFF796BA022311AA1C9319
:10A240001B9201200DF16C09A2E6039671E53B4BD0
:10A250000C9316F0200259D0079B073323F0070315
:10A2600018465A6850F8083B0790F40709D553EA96
:10A27000020006D08DF84510302146F002068DF818
:10A28000441026F4806103910221FFF770BB2C4B30
:10A290000C93DEE7079B012153F8042B03918DF803
:10A2A000AC20079304912BACDFE49DF84320002AF7
:10A2B00040F03281099A002A7FF462AE18460121EB
:10A2C0000DF16C0927E40021082216A81394F8F771
:10A2D000A5FA791C00F0BC80002507942C460CE000
:10A2E0002BA95846FEF72EFF421C204400F06B813C
:10A2F000B84208DC00F070810446139A525916AB3C
:10A300000435002AECD10494079CAFE016F010034A
:10A3100007980CD116F0400405D01A4650F8043BBB
:10A3200007909BB2A1E716F4007240F0E18050F86C
:10A33000043B079099E700BF98290020E00E002019
:10A34000F40E00200399049744AC9E4608EE90BAA0
:10A3500001F480664FF0000C234606E0BEF10A0FC0
:10A3600072F1000239D3A6462A46A6491EEB020026
:10A3700040F100000F46A1FB001424F0030101EBA3
:10A380009401401ABEEB00014FF0CC3562F100049D
:10A3900005FB01F507FB0455A1FB07410D4405270B
:10A3A00004F00101A1FB071B09186408303103F810
:10A3B000011C44EAC5740CF1010C013B6D08002E30
:10A3C000CCD00B9909786145C8D1BCF1FF0FC5D03D
:10A3D000BEF10A0F72F100026CD21C4644AB1B1B8B
:10A3E000049F039E049318EE90BAFFF772BA039687
:10A3F000FFF762BA5846F8F75FF8FFF75BB9012933
:10A4000003967FF4CDACFFF75CBA079B059953F830
:10A41000042B11600793FFF77EB9062F3B46039A82
:10A42000794C079228BF062304930393FFF725BBBB
:10A43000039B079913F4007214BF51F8043B51F8C1
:10A44000043B07911CBF0246DBB20121FFF78FBA24
:10A4500016AB00930023194613AA5846FEF798FE40
:10A4600003460133049000F0AE801394049B002B4C
:10A4700030D0632B63DC002308932BAC082200212F
:10A4800016A8F8F7CBF9049D16AB009313AA2B4638
:10A4900021465846FEF77CFE854240F0AB80039B88
:10A4A000049A07930023A3541F4622EAE2730393FE
:10A4B000FFF716BA0E9A0D999B1A18460893F8F7EB
:10A4C00045FA0B99089B4A780AB101310B914FF07C
:10A4D000000C48E7039B0793049B03931F460893D4
:10A4E000FFF7FEB9012118460DF16C09FFF713BB08
:10A4F00050F8043B07902246DBB2B6E612F9043B63
:10A500000792DA171146FFF7CAB951F8043B0791D1
:10A510000246DBB2FFF727BA01231C9301210DF19C
:10A5200043031B930DF16C090B46FFF7CDBA079B54
:10A53000059953F8042B07931180FFF7ECB8591CC9
:10A540005846F6F771FA044600283CD0089095E783
:10A55000886DF8F7C9FAFFF7E9B9039B0793CDE9CE
:10A560000377089FFFF7BCB919981A9B013045E59E
:10A57000039B07932046F8F7E3FC20EAE0732F469D
:10A58000049003930895FFF7ABB918EE101A18AAB8
:10A590005846FFF739F800283FF436AAFFF74DBABE
:10A5A000199801307AE58C466EE46B6ED90705D4B4
:10A5B000AB899A0502D4A86DF8F796FA4FF0FF33ED
:10A5C0000593FFF749BA18EE102AB2F90C3043F0A0
:10A5D00040039381FFF735BA079C049746E7079B32
:10A5E00098F8011053F8047B0793904647EAE77701
:10A5F000FFF7B9B818EE102A938943F0400393810E
:10A60000FFF715BACDCCCCCC080F002070B50C46A6
:10A610008989ADF58E6D21F00201ADF81410616EDF
:10A620001B91E189ADF81610E1690991616A0B91FE
:10A630001CA9029106914FF480610646049107918E
:10A6400018A80021CDE900320891F8F747FADDE9B2
:10A65000003202A93046FFF713F8051E07DB02A9F6
:10A660003046FDF7B3FA002818BF4FF0FF35BDF8AC
:10A6700014305B0603D5A38943F04003A3811898E7
:10A68000F8F72EFA28460DF58E6D70BD9368002BF5
:10A6900000F085802DE9F04FB1F90C300C46190718
:10A6A000804683B0174698B225D523691BB310F0B6
:10A6B00002033D682DD04FF0000ADFF8C0B25646C5
:10A6C000B9465E453346524628BF5B464046002E9B
:10A6D00052D0E169676AB847002856DDD9F80830DA
:10A6E0001B1A8244361AC9F80830002BE9D1002021
:10A6F00003B0BDE8F08F2146404600F07DF9002808
:10A7000040F03881B4F90C303D6898B210F0020383
:10A71000D1D110F0010944D14E46009746B38205CD
:10A72000D4F808B040F18580B3455A4600F2B480B1
:10A7300010F4906F40F0C180206801924946F7F70D
:10A74000F1FFA368019AA3EB0B012368A1601344F6
:10A75000B24623600026009A9368A3EB0A03D14413
:10A760009360002BC3D0B4F90C0080B2002ED6D178
:10A77000D5E900960835D1E7D5E900A60835A0E768
:10A7800021464046FDF722FA88B3B4F90C3043F075
:10A7900040034FF0FF30A38103B0BDE8F08F0020ED
:10A7A00070471E46BA469946184600951F4666B33E
:10A7B000002832D04A46D4E904132068A568B24282
:10A7C00028BF3246884204D905EB030B5A4500F3F3
:10A7D000A780934264DCE169656A3A464046A8472F
:10A7E000B0F1000BD1DDB9EB0B09C9D00120DAF8CB
:10A7F0000830A3EB0B035F44A6EB0B06CAF8083046
:10A80000002B3FF474AF002ED2D1009A5668134645
:10A8100008320092002EF8D01F6832460A213846CE
:10A82000F8F73EFB002800F09C800130A0EB070900
:10A83000C0E720682369984216D86269B24213D8EB
:10A840006FF00043B34228BF3346E16993FBF2F354
:10A85000676A02FB03F340464A46B847B0F1000A74
:10A8600093DDA6EB0A0676E7B345DA4628BFB24683
:10A8700052464946F7F756FFA3682268A3EB0A033E
:10A880005244A3602260002BEBD121464046FDF7E5
:10A890009DF90028E5D078E72068B34632464CE7BA
:10A8A00039460192F7F73EFF019AA3689B1AA3600D
:10A8B000236813442360934695E723682169A3EB3B
:10A8C000010B636903EB430A0AEBDA7A0BF101032C
:10A8D0004FEA6A0A33445345524684BF9A46524669
:10A8E00043052CD511464046F6F79EF800283BD08C
:10A8F0005A4621690190F4F71DF9A289019B22F4BF
:10A90000906242F08002A28103EB0B002361AAEB6C
:10A910000B03C4F814A0A3602060B34632460CE7D2
:10A9200039465A46F7F7FEFE23685B44236021460A
:10A930004046FDF74BF900283FF455AF25E7404668
:10A94000F6F73AFB03460028DED121694046F8F7C6
:10A9500003FCB4F90C300C2223F08003C8F800206B
:10A9600015E7721C914626E70C22B4F90C30C8F8A2
:10A9700000200CE74FF0FF30BAE600BF00FCFF7F7D
:10A9800001F140032DE9F0410C46096B994214D0C6
:10A99000666B77003A46F6F70FFB054640B300EBCF
:10A9A0000608014632464046F4F7C4F8C4E90C579D
:10A9B000C4F800800020BDE8F0814FF48061F6F714
:10A9C00033F8A8B194F842304FF48062C4E90C0225
:10A9D00080F8FF3394F8413080F8FE3394F840203B
:10A9E00080F8FD2300F2FD3323600020BDE8F081F4
:10A9F0004FF0FF30DFE700BF38B5314B1B6805462D
:10AA00000C4613B15A6B002A4ED0B4F90C3018071B
:10AA10009AB21CD5216929B312F0010007D0002099
:10AA2000A06060694042A06139B1002038BD95073F
:10AA300058BF6069A0600029F7D1120658BF0846C8
:10AA4000F4D543F04003A3814FF0FF3038BDD10669
:10AA50002ED5520714D4216943F00803A3819AB27A
:10AA60000029D9D102F42070B0F5007FD4D021465E
:10AA7000284600F077F9B4F90C3021699AB2CBE797
:10AA8000216B51B104F14002914204D02846F8F7FD
:10AA900063FBB4F90C300022226321690022C4E96F
:10AAA000001223F02403D7E71846F7F705FDACE7BB
:10AAB000092243F040032A604FF0FF30A38138BDE4
:10AAC000088700202DE9F04782B082468846144668
:10AAD000F7F76EFF012803D108F1FF33FE2B36D9BB
:10AAE0000DF10409424604F15C0349465046FEF765
:10AAF00029FB421C064632D020B39DF804C0002535
:10AB000009E023685A1C226083F800C00135B54271
:10AB100018D219F801CFA368013B002BA360F0DA2B
:10AB2000A769BB4261462246504602DBBCF10A0FD0
:10AB3000E7D100F083F9431CE8D10646304602B065
:10AB4000BDE8F0874646304602B0BDE8F0875FFAC0
:10AB500088FC8DF804C006460DF10409CFE7A389EF
:10AB6000304643F04003A38102B0BDE8F08700BF48
:10AB700030B5536E13F0010FB2F90C30144683B0A8
:10AB800005469AB201D198051CD5900406D4626E90
:10AB900043F4005342F40052A381626622462846E1
:10ABA000FFF790FF636EDA07054602D4A3899B0581
:10ABB00002D5284603B030BDA06DF7F795FF2846B3
:10ABC00003B030BDA06D0191F7F78CFFB4F90C30E4
:10ABD00001999AB2D9E700BF2DE9F04F8BB0DDE9BA
:10ABE000158A149F0391814605921E46B8F1000F05
:10ABF0005CD0039B002B5ED0059B1D68002F6AD0A4
:10AC0000741E4EB3039B0493043D002601950BE094
:10AC1000039B2BBB019B1A68002A3AD0BC455CD22F
:10AC2000013C631C664617D0D8F800300293019BA4
:10AC3000DAF8E05053F8042F019307A94346484639
:10AC4000D8F804B0A847421C3AD000EB060CBC452B
:10AC5000DED9029BC8E9003B30460BB0BDE8F08F5F
:10AC600000280EDD049B019D18445A1E07A900F11F
:10AC7000FF3E11F8013B02F8013F7245F9D1019501
:10AC80000490059B1A6804321A60019B1A68002A16
:10AC9000C4D1039B0BB1059B1A600CF1FF36002257
:10ACA0003046C8F800200BB0BDE8F08F039B00F5DC
:10ACB0008678002BA0D1059B4FF0FF371D689FE7DA
:10ACC00006468A2100223046C9F80010C8F8002044
:10ACD0000BB0BDE8F08F3E46BEE76646BCE700BF5E
:10ACE00010B584B0054C0698009007980190044870
:10ACF00000680294FFF770FF04B010BD808100204F
:10AD000008870020154B984223D870B5144E4FF099
:10AD1000000E40F6DB0403E002F1010EA64516DC4E
:10AD200004EB0E0222F0010303EB620306EB430384
:10AD3000521059785D88B3F804C041EA05218C446B
:10AD40006045E9D8884206D2541EA645E8DDFF20BA
:10AD500070BDFF207047187870BD00BFEF010E0076
:10AD6000A82900202DE9F0418B890C46990796B05F
:10AD700008D504F143030122C4E90432236016B06C
:10AD8000BDE8F081B4F90E100029064625DB6A46BD
:10AD900000F0ACF800281FDB019D05F47045A5F517
:10ADA0000055B5FA85F54FF480686D094FF40067DA
:10ADB00041463046F5F738FEE0B1B4F90C30C4F83E
:10ADC000148043F0800320602061A38135BB3B43A6
:10ADD000A38116B0BDE8F081A38913F0800519D0D6
:10ADE0004FF040080025414630462F46F5F71CFE3F
:10ADF0000028E2D1B4F90C309A05C0D423F0030343
:10AE000004F1430243F002030121C4E90421A381B8
:10AE10002260B4E74FF480682F46C9E7B4F90E10FA
:10AE2000304600F079F810B9B4F90C30CFE7A389B7
:10AE300023F0030343F001031BB2C8E7F8B50D4646
:10AE40001446064610B1436B002B4CD0B4F90C20CD
:10AE5000A369A360170790B21BD52369CBB1EDB2EC
:10AE600081042F4622D522686169D31A994229DDCF
:10AE70000133A1680139A160511C2160157062691C
:10AE80009A4227D0A389DB0701D50A2D22D0384664
:10AE9000F8BD21463046FFF7AFFD08BBB4F90C20E2
:10AEA000236990B2EDB281042F46DCD442F4005203
:10AEB000A281626E616922F4005262662268D31A2E
:10AEC0009942D5DC21463046FCF780FE40B9226825
:10AED0000123CEE721463046FCF778FE0028D6D085
:10AEE0004FF0FF37D3E7F7F7E7FAAFE770B50C4657
:10AEF000084D03460026204611461C462E60F4F7F6
:10AF000099F8431C00D070BD2B68002BFBD0236048
:10AF100070BD00BFC417012038B5074D002204469C
:10AF200008462A60F4F78CF8431C00D038BD2B6823
:10AF3000002BFBD0236038BDC417012008B50246A2
:10AF40000B4643EC172BB5EEC07BF1EE10FA03D4A1
:10AF5000BDE8084000F00CB8B1EE477B51EC170B90
:10AF600000F006F8404261EB410108BD000000001E
:10AF70009FED0B6B41EC170B9FED0B5B27EE066B08
:10AF8000BCEEC66BB8EE464BA4EE457BFCEEC77B31
:10AF900016EE101A17EE900A704700BFAFF300804C
:10AFA000000000000000F03D000000000000F04143
:10AFB0005FF800F0491800605FF800F0D51D0060F0
:10AFC0005FF800F09D1800605FF800F0811D0060E0
:10AFD0005FF800F01516006000000000000000009F
:04AFE000F8B500BF01
:08AFE4009C53FF7F01000000F7
:10AFEC000000000000000000000000000000000055
:10AFFC000000000000000000000000000000000045
:10B00C000000000000000000000000000000000034
:10B01C000000000000000000000000000000000024
:10B02C000000000000000000000000000000000014
:10B03C000000000000000000000000000000000004
:10B04C0000000000000000000000000000000000F4
:10B05C0000000000000000000000000000000000E4
:10B06C0000000000000000000000000000000000D4
:10B07C0000000000000000000000000000000000C4
:10B08C0000000000000000000000000000000000B4
:10B09C0000000000000000000000000000000000A4
:10B0AC000000000000000000000000000000000094
:10B0BC000000000000000000000000000000000084
:10B0CC000000000000000000000000000000000074
:10B0DC000000000000000000000000000000000064
:10B0EC000000000000000000000000000000000054
:10B0FC000000000000000000000000000000000044
:10B10C000000000000000000000000000000000033
:10B11C000000000000000000000000000000000023
:10B12C000000000000000000000000000000000013
:10B13C000000000000000000000000000000000003
:10B14C0000000000000000000000000000000000F3
:10B15C0000000000000000000000000000000000E3
:10B16C0000000000000000000000000000000000D3
:10B17C0000000000000000000000000000000000C3
:10B18C0000000000000000000000000000000000B3
:10B19C0000000000000000000000000000000000A3
:10B1AC000000000000000000000000000000000093
:10B1BC000000000000000000000000000000000083
:10B1CC000000000000000000000000000000000073
:10B1DC000000000000000000000000000000000063
:10B1EC000000000000000000000000000000000053
:10B1FC000000000000000000000000000000000043
:10B20C000000000000000000000000000000000032
:10B21C000000000000000000000000000000000022
:10B22C000000000000000000000000000000000012
:10B23C000000000000000000000000000000000002
:10B24C0000000000000000000000000000000000F2
:10B25C0000000000000000000000000000000000E2
:10B26C00BEF3F879EC61F63FDEAA8C80F77BD5BF94
:10B27C003D88AF4AED71F53FDB6DC0A7F0BED2BF84
:10B28C00B010F0F03995F43F673A517FAE1ED0BF45
:10B29C008503B8B095C9F33FE92482A6D831CBBF5A
:10B2AC00A564880C190DF33F5877C00A4F57C6BFD9
:10B2BC00A08E0B7B225EF23F00819CC72BAAC1BFE4
:10B2CC003F341A4A4ABBF13F5E0E8CCE764EBABF63
:10B2DC00BAE58AF05823F13FCC1C615A3C97B1BFB8
:10B2EC00A70099413F95F03F1E0CE138F452A2BFE4
:10B2FC00000000000000F03F000000000000000013
:10B30C00AC479AFD8C60EE3F8459F25DAAA5AA3F2A
:10B31C00A06A021FB3A4EC3FB42E36AA535EBC3F06
:10B32C00E6FC6A573620EB3F08DB2077E526C53F65
:10B33C002DAAA163D1C2E93F7047220D86C2CB3F33
:10B34C00ED417803E686E83FE17EA0C88B05D13F4E
:10B35C00624853F5DC67E73F09EEB6573004D43F3B
:10B36C00EF39FAFE422EE63F3483B848A30ED0BF25
:10B37C006A0BE00B5B57D53F23410AF2FEFFDFBFA0
:10B38C000080E03779C34143176E05B5B5B89346D5
:10B39C00F5F93FE9034F384D321D30F94877825AA1
:10B3AC003CBF737FDD4F1575000000000000F03FBF
:10B3BC000000000000002440000000000000594084
:10B3CC000000000000408F40000000000088C340D7
:10B3DC0000000000006AF8400000000080842E414C
:10B3EC0000000000D01263410000000084D7974198
:10B3FC000000000065CDCD41000000205FA002429E
:10B40C00000000E876483742000000A2941A6D4212
:10B41C00000040E59C30A2420000901EC4BCD64205
:10B42C0000003426F56B0C430080E03779C34143B0
:10B43C0000A0D8855734764300C84E676DC1AB4326
:10B44C00003D9160E458E143408CB5781DAF154444
:10B45C0050EFE2D6E41A4B4492D54D06CFF080441F
:10B46C00F64AE1C7022DB544B49DD9794378EA4434
:10B47C00BC89D897B2D29C3C33A7A8D523F64939BE
:10B48C003DA7F444FD0FA5329D978CCF08BA5B25E0
:10B49C00436FAC6428066811FF00780180014302F9
:10B4AC00880187018C018B01920191019501F601B4
:10B4BC00990198019A013D029E012002A801A70161
:10B4CC00AD01AC01B001AF01B901B801BD01BC01C6
:10B4DC00BF01F701C601C401C901C701CC01CA01F2
:10B4EC00DD018E01F301F101F501F4013A02652C45
:10B4FC003C023B023E02662C420241025302810195
:10B50C00540286015602890157028A0159028F01A1
:10B51C005B0290016002930163029401680297013F
:10B52C00690296016B02622C6F029C0172029D01F2
:10B53C0075029F017D02642C8002A6018302A90181
:10B54C008802AE01890244028A02B1018B02B20167
:10B55C008C0245029202B7017B03FD037C03FE03C0
:10B56C007D03FF03AC038603C203A303CC038C034C
:10B57C00CD038E03CE038F03F203F903F803F70315
:10B58C00FB03FA03CF04C0047D1D632C511F591F0C
:10B59C00531F5B1F551F5D1F571F5F1F781FF81F21
:10B5AC00791FF91FB31FBC1FCC1FC31FE51FEC1F56
:10B5BC00FC1FF31F4E21322184218321612C602C2E
:10B5CC00762C752C00190000B9BB0000000000009F
:10B5DC0074C00F40C000000000000000020000001A
:10B5EC0050851F4001000000FF000000FF0000001C
:10B5FC00000000000000000001000000020000003C
:10B60C0054851F4001000000FF000000FF000000F7
:10B61C000000000000000000FF00400026001800A1
:10B62C007C0000006100E01AE000E017F800E00781
:10B63C000001013032010106390101104A01012ECD
:10B64C007901010682010104A0010106B301010484
:10B65C00CD010110DE010112F801012822020112B4
:10B66C004602010AAD03DB03B103E011C303E00999
:10B67C00D80301183004E0205004B01060040122FB
:10B68C008A040136C104010ED00401446105D026A0
:10B69C00001E0196A01E015A001F0808101F080664
:10B6AC00201F0808301F0808401F0806601F0808E4
:10B6BC00701F4A02721F5604761F64027A1F7002B2
:10B6CC007C1F7E02801F0808901F0808A01F080816
:10B6DC00B01F0802D01F0802E01F08027021F010F2
:10B6EC00D024E61A302CD02F672C0106802C016454
:10B6FC00002D002641FFE01A43617264206973201B
:10B70C00746F6F20736D616C6C2E0D0A000000005D
:10B71C00466F726D617420446F6E650D0A000000F7
:10B72C00466F726D6174204661696C65640D0A0028
:10B73C0042616420636C757374657220636F756EFF
:10B74C00740D0A0044657669636520697320746F13
:10B75C006F20736D616C6C0D0A0000005772697478
:10B76C00696E672046415420000000002E00000046
:10B77C0057726974696E67207570636173652074A4
:10B78C0061626C650D0A000057726974696E6720FE
:10B79C00726F6F740D0A0000466F726D61742064D5
:10B7AC006F6E650D0A000000466F726D6174206645
:10B7BC0061696C65640D0A004558464154000000EF
:10B7CC006E616E00696E66006F766600C5BB000028
:10B7DC00C9BB0000CDBB0000D1BB00006CC00F404A
:10B7EC00C0000000504F0000093400000C000000A5
:10B7FC00130000000000000024851F400B00000017
:10B80C00130000000000000028851F400D00000000
:10B81C00130000000000000020851F400A000000FB
:10B82C0013000000010000001C851F4000000000F8
:10B83C0000000000AD2F0000992F0000312A0000FD
:10B84C00192F000035300000CD2E0000752E0000A1
:10B85C0000000000000000008DD00000000000007F
:10B86C00000000001120000000000000000000009B
:10B87C00D521000000000000000000008925000018
:10B88C000000000000000000251E00000000000069
:10B89C00000000001D89000029890000218900009A
:10B8AC00298A000099910000C990000025910000A0
:10B8BC00C58F0000A58B0000D995000039890000C8
:10B8CC00AD88000069920000998800009D880000F6
:10B8DC00A5880000A9880000BD8B0000F99300002A
:10B8EC0081930000D98E000091880000A18800008F
:10B8FC00D9940000019200009D8900000000000016
:10B90C0000000000A9BD00005DDA000059DA00005B
:10B91C0055DA000051DA00004DDA000049DA000077
:10B92C0045DA00000000000000000000D11A000001
:10B93C00000000000000000069BA000031BE0000E9
:10B94C00A1B40000F9B50000C1B4000065B5000059
:10B95C00E9B400007DB6000015B600009DB40000EF
:10B96C00000000000000000059050000000000006D
:10B97C0000000000CD3000007D2C0000312A0000BA
:10B98C00212D0000C12C00002D2F0000492D00009E
:10B99C0039320000E132000000000000000000001D
:10B9AC00AD2F0000992F0000312A0000192F000044
:10B9BC0035300000CD2E0000752E00000000000078
:10B9CC00000000002131000061310000B52E0000A4
:10B9DC00852F0000813000005D2E0000052F000037
:10B9EC00C52A0000A9310000752D0000912D000022
:10B9FC004D2A0000392A0000752A00008D2E000007
:10BA0C00AD2D0000552B00000D2C00009D2B0000CF
:10BA1C00E12F0000012B00000000000000000000DE
:10BA2C008DD0000031BE0000312A0000352A000004
:10BA3C008DD000008DD000008DD0000000000000E3
:10BA4C00000000006D3700007137000081370000E6
:10BA5C0091390000553900009D3800000139000073
:10BA6C0049380000C9390000B93A0000F53A000025
:10BA7C00D13B00006937000000000000000000000E
:10BA8C00B9970000BD97000029960000AD9B0000FF
:10BA9C00F5A7000075A10000D97E0000E997000011
:10BAAC00C5A7000005A90000FDA10000317700002A
:10BABC001D9F000049970000559700001D9600003F
:10BACC0021960000259600006197000085970000E4
:10BADC00A9970000299C0000CD970000019A000056
:10BAEC00759C0000499D0000E5AE0000E9AE000029
:10BAFC00F1AE0000F9AE0000D8399D270054EA2AB7
:10BB0C0000A4781F007B9A172C2066756E637469ED
:10BB1C006F6E3A2000000000617373657274696F78
:10BB2C006E2022257322206661696C65643A20665A
:10BB3C00696C6520222573222C206C696E6520258A
:10BB4C0064257325730A000042616C6C6F6320736B
:10BB5C007563636565646564000000002F6461743F
:10BB6C00612F6A656E6B696E732F776F726B737072
:10BB7C006163652F474E552D746F6F6C63686169F7
:10BB8C006E2F61726D2D31312F7372632F6E65774D
:10BB9C006C69622D63796777696E2F6E65776C6956
:10BBAC00622F6C6962632F7374646C69622F6764B3
:10BBBC00746F612D6765746865782E6300000000F2
:10BBCC000000000000000000000000000000000069
:10BBDC000000000000000000000000000000000059
:10BBEC000000000000000000000000000000000049
:10BBFC00101112131415161718190000000000006C
:10BC0C00001A1B1C1D1E1F0000000000000000007D
:10BC1C000000000000000000000000000000000018
:10BC2C00001A1B1C1D1E1F0000000000000000005D
:10BC3C0000000000000000000000000000000000F8
:10BC4C0000000000000000000000000000000000E8
:10BC5C0000000000000000000000000000000000D8
:10BC6C0000000000000000000000000000000000C8
:10BC7C0000000000000000000000000000000000B8
:10BC8C0000000000000000000000000000000000A8
:10BC9C000000000000000000000000000000000098
:10BCAC000000000000000000000000000000000088
:10BCBC000000000000000000000000000000000078
:10BCCC002F646174612F6A656E6B696E732F776F69
:10BCDC00726B73706163652F474E552D746F6F6C6B
:10BCEC00636861696E2F61726D2D31312F737263D0
:10BCFC002F6E65776C69622D63796777696E2F6E2D
:10BD0C0065776C69622F6C6962632F7374646C69FC
:10BD1C00622F6D707265632E6300000065256C6484
:10BD2C000000000000202020202020202020282897
:10BD3C0028282820202020202020202020202020DF
:10BD4C00202020202088101010101010101010101F
:10BD5C00101010101004040404040404040404104F
:10BD6C0010101010101041414141414101010101DD
:10BD7C0001010101010101010101010101010101A7
:10BD8C0010101010101042424242424202020202B3
:10BD9C000202020202020202020202020202020277
:10BDAC001010101020000000000000000000000027
:10BDBC000000000000000000000000000000000077
:10BDCC000000000000000000000000000000000067
:10BDDC000000000000000000000000000000000057
:10BDEC000000000000000000000000000000000047
:10BDFC000000000000000000000000000000000037
:10BE0C000000000000000000000000000000000026
:10BE1C000000000000000000000000000000000016
:10BE2C000000000000000000496E66696E697479BC
:10BE3C00000000004E614E002F646174612F6A6532
:10BE4C006E6B696E732F776F726B73706163652F96
:10BE5C00474E552D746F6F6C636861696E2F6172FC
:10BE6C006D2D31312F7372632F6E65776C69622D76
:10BE7C0063796777696E2F6E65776C69622F6C6971
:10BE8C0062632F7374646C69622F64746F612E63C8
:10BE9C00000000004A495300534A49530000000077
:10BEAC004555434A500000006E660000696E697487
:10BEBC0079000000616E0000494E46004E414E0074
:10BECC003031323334353637383961626364656604
:10BEDC0000000000303132333435363738394142C6
:10BEEC004344454600000000286E756C6C29000028
:10BEFC000030013002300CFF0EFFFB301AFF1BFF2D
:10BF0C001FFF01FF9B309C30B40040FFA8003EFF98
:10BF1C003E203FFFFD30FE309D309E300330DD4E25
:10BF2C00053006300730FC30142010200FFF3CFF8A
:10BF3C001C3016205CFF26202520182019201C20E0
:10BF4C001D2008FF09FF143015303BFF3DFF5BFF40
:10BF5C005DFF083009300A300B300C300D300E30DC
:10BF6C000F30103011300BFF1222B100D700F70048
:10BF7C001DFF60221CFF1EFF662267221E22342238
:10BF8C0042264026B000322033200321A50004FFB6
:10BF9C00A200A30005FF03FF06FF0AFF20FFA70076
:10BFAC0006260526CB25CF25CE25C725C625A125BA
:10BFBC00A025B325B225BD25BC253B2012309221EE
:10BFCC00902191219321133000000000000000000B
:10BFDC00000000000000000000000000000008222B
:10BFEC000B2286228722822283222A2229220000E7
:10BFFC0000000000000000000000000000002722EC
:10C00C002822AC00D221D4210022032229220000B4
:10C01C000000000000000000000000000000000014
:10C02C0000002022A5221223022207226122522282
:10C03C006A226B221A223D221D2235222B222C220F
:10C04C0000000000000000000000000000002B2198
:10C05C0030206F266D266A2620202120B6002C2247
:10C06C00000000000000EF250000000000000000B0
:10C07C0000000000000000010101010101010101AB
:10C08C00010000000000000001010101010101019B
:10C09C000101010101010101010101010101010184
:10C0AC00010100000000000000010101010101017B
:10C0BC000101010101010101010101010101010164
:10C0CC0001010100910392039303940395039603DA
:10C0DC009703980399039A039B039C039D039E0368
:10C0EC009F03A003A103A303A403A503A603A70313
:10C0FC00A803A903000000000000000000000000DD
:10C10C0000000000B103B203B303B403B503B603DC
:10C11C00B703B803B903BA03BB03BC03BD03BE0327
:10C12C00BF03C003C103C303C403C503C603C703D2
:10C13C00C803C903100411041204130414041504D5
:10C14C00010416041704180419041A041B041C0413
:10C15C001D041E041F0420042104220423042404AF
:10C16C00250426042704280429042A042B042C045F
:10C17C002D042E042F04000000000000000000001D
:10C18C0000000000000000000000000000000000A3
:10C19C00000000003004310432043304340435044C
:10C1AC00510436043704380439043A043B043C0483
:10C1BC003D043E043F04400441044204430444044F
:10C1CC00450446044704480449044A044B044C04FF
:10C1DC004D044E044F040000002502250C251025AB
:10C1EC00182514251C252C25242534253C25012512
:10C1FC0003250F2513251B251725232533252B2533
:10C20C003B254B2520252F25282537253F251D256A
:10C21C0030252525382542259C4E1655035A3F9628
:10C22C00C0541B612863F659229075841C83507A84
:10C23C00AA60E163256EED656684A682F59B936822
:10C24C002757A16571629B5BD0597B86F498627D00
:10C25C00BE7D8E9B16629F7CB788895BB55E096339
:10C26C0097664868C7958D974F67E54E0A4F4D4FB7
:10C27C009D4F4950F2563759D459015A095CDF6029
:10C28C000F61706113660569BA704F757075FB7933
:10C29C00AD7DEF7DC3800E846388028B55907A90C0
:10C2AC003B53954EA54EDF57B280C190EF78004EB0
:10C2BC00F158A26E3890327A28838B822F9C415190
:10C2CC007053BD54E154E056FB59155FF298EB6D79
:10C2DC00E4802D8562967096A096FB970B54F353D1
:10C2EC00875BCF70BD7FC28FE8966F535C9DBA7A27
:10C2FC00114E9378FC81266E185604551D6B1A85C9
:10C30C003B9CE559A953666DDC748F954256914E52
:10C31C004B90F2964F830C99E153B655305B715F9D
:10C32C002066F3660468386CF36C296D5B74C87610
:10C33C004E7A3498F1825B88608AED92B26DAB755F
:10C34C00CA76C599A660018B8A8DB2958E69AD535C
:10C35C008651125730584459B45BF65E2860A96375
:10C36C00F463BF6C146F8E7014715971D5713F7377
:10C37C00017E7682D182978560905B921B9D695875
:10C38C00BC655A6C2575F9512E596559805FDC5F77
:10C39C00BC62FA652A6A276BB46B8B73C17F5689B2
:10C3AC002C9D0E9DC49EA15C966C7B8304514B5CB2
:10C3BC00B661C68176686172594EFA4F78536960DE
:10C3CC00296E4F7AF3970B4E1653EE4E554F3D4F49
:10C3DC00A14F734FA052EF5309560F59C15AB65B78
:10C3EC00E15BD17987669C67B6674C6BB36C6B70FD
:10C3FC00C2738D79BE793C7A877BB182DB820483F0
:10C40C007783EF83D3836687B28A2956A88CE68F0D
:10C41C004E901E978A86C44FE85C116259723B7528
:10C42C00E581BD82FE86C08CC5961399D599CB4EFD
:10C43C001A4FE389DE564A58CA58FB5EEB5F2A60F6
:10C44C0094606260D0611262D0623965419B66660D
:10C45C00B068776D70704C758676757DA582F9879E
:10C46C008B958E969D8CF151BE521659B354B35B7D
:10C47C00165D68618269AF6D8D78CB845788728A3E
:10C48C00A793B89A6C6DA899D986A357FF67CE86E7
:10C49C000E92835287560454D35EE162B9643C68B1
:10C4AC003868BB6B7273BA786B7A9A89D2896B8D48
:10C4BC00038FED90A39594966997665BB35C7D6949
:10C4CC004D984E989B63207B2B6A7F6AB6680D9CB7
:10C4DC005F6F72529D557060EC623B6D076ED16E52
:10C4EC005B841089448F144E399CF6531B693A6A4D
:10C4FC0084972A685C51C37AB284DC918C935B5626
:10C50C00289D226805833184A57C0852C582E67477
:10C51C007E4E834FA051D25B0A52D852E752FB5D3C
:10C52C009A552A58E6598C5B985BDB5B725E795E98
:10C53C00A3601F616361BE61DB636265D167536891
:10C54C00FA683E6B536B576C226F976F456FB074E4
:10C55C001875E3760B77FF7AA17B217CE97D367F1A
:10C56C00F07F9D8066829E83B389CC8AAB8C84904D
:10C57C00519493959195A2956596D3972899188285
:10C58C00384E2B54B85CCC5DA9734C763C77A95CC7
:10C59C00EB7F0B8DC196119854985898014F0E4F04
:10C5AC0071539C556856FA574759095BC45B905CAC
:10C5BC000C5E7E5ECC5FEE633A67D765E2651F6703
:10C5CC00CB68C4685F6A305EC56B176C7D6C7F7519
:10C5DC004879635B007A007DBD5F8F89188AB48CC3
:10C5EC00778DCC8E1D8FE2980E9A3C9B804E7D50A1
:10C5FC00005193599C5B2F628062EC643A6BA07281
:10C60C0091754779A97FFB87BC8A708BAC63CA8311
:10C61C00A09709540354AB555468586A708A27780C
:10C62C007567CD9E7453A25B1A8150860690184E86
:10C63C00454EC74E114FCA533854AE5B135F25603D
:10C64C0051653D67426C726CE36C78700374767A5A
:10C65C00AE7A087B1A7DFE7C667DE7655B72BB5308
:10C66C00455CE85DD262E0621963206E5A86318ABD
:10C67C00DD8DF892016FA6795A9BA84EAB4EAC4E4D
:10C68C009B4FA04FD1504751F67A7151F6515453EC
:10C69C0021537F53EB53AC558358E15C375F4A5FB2
:10C6AC002F6050606D601F6359654B6AC16CC2721C
:10C6BC00ED72EF77F880058108824E85F790E19353
:10C6CC00FF9757995A9AF04EDD512D5C81666D6932
:10C6DC00405CF266756989735068817CC550E45280
:10C6EC004757FE5D2693A465236B3D6B34748179AB
:10C6FC00BD794B7BCA7DB982CC837F885F89398BAE
:10C70C00D18FD1911F5480925D4E3650E5533A53E0
:10C71C00D7729673E977E682AF8EC699C899D2998B
:10C72C0077511A615E86B0557A7A7650D35B479012
:10C73C008596324EDB6AE791515C485C98639F7A30
:10C74C00936C7497618FAA7A8A718896827C176829
:10C75C00707E51686C93F2521B54AB85138AA47F84
:10C76C00CD8EE190665388884179C24FBE501152EC
:10C77C00445153552D57EA738B575159625F845F5F
:10C78C00756076616761A961B2633A646C656F66C6
:10C79C004268136E66753D7AFB7C4C7D997D4B7EB1
:10C7AC006B7F0E834A83CD86088A638A668BFD8EE7
:10C7BC001A988F9DB882CE8FE89B87521F62836434
:10C7CC00C06F999641689150206B7A6C546F747A53
:10C7DC00507D4088238A0867F64E395026506550A4
:10C7EC007C5138526352A7550F570558CC5AFA5EF4
:10C7FC00B261F861F36272631C69296A7D72AC7272
:10C80C002E7314786F78797D0C77A9808B89198BAE
:10C81C00E28CD28E639075937A965598139A789E83
:10C82C0043519F53B3537B5E265F1B6E906E847394
:10C83C00FE73437D3782008AFA8A50964E4E0B5017
:10C84C00E4537C54FA56D159645BF15DAB5E275FBF
:10C85C0038624565AF67566ED072CA7CB488A180C9
:10C86C00E180F0834E86878AE88D3792C796679869
:10C87C00139F944E924E0D4F485349543E542F5A89
:10C88C008C5FA15F9F60A7688E6A5A7481789E8ABC
:10C89C00A48A778B90915E4EC99BA44E7C4FAF4F70
:10C8AC001950165049516C519F52B952FE529A531D
:10C8BC00E35311540E5489555157A2577D59545B6B
:10C8CC005D5B8F5BE55DE75DF75D785E835E9A5E31
:10C8DC00B75E185F52604C619762D862A7633B6584
:10C8EC0002664366F4666D6721689768CB695F6C76
:10C8FC002A6D696D2F6E9D6E327587766C783F7AD6
:10C90C00E07C057D187D5E7DB17D15800380AF8058
:10C91C00B18054818F812A8252834C8861881B8B11
:10C92C00A28CFC8CCA90759171923F78FC92A49564
:10C93C004D9605989999D89A3B9D5B52AB52F753FB
:10C94C000854D558F762E06F6A8C5F8FB99E4B51D3
:10C95C003B524A54FD56407A7791609DD29E447367
:10C96C00096F70811175FD5FDA60A89ADB72BC8F5C
:10C97C00646B0398CA4EF0566457BE585A5A686096
:10C98C00C7610F6606663968B168F76DD5753A7D73
:10C99C006E82429B9B4E504FC95306556F5DE65DB0
:10C9AC00EE5DFB67996C73740278508A9693DF88FE
:10C9BC005057A75E2B63B550AC508D510067C954CE
:10C9CC005E58BB59B05B695F4D62A1633D68736B88
:10C9DC00086E7D70C7918072157826786D798E659A
:10C9EC00307DDC83C188098F9B9664522857506731
:10C9FC006A7FA18CB45142572A963A588A69B480FE
:10CA0C00B2540E5DFC579578FA9D5C4F4A528B548C
:10CA1C003E6428661467F567847A567B227D2F93D3
:10CA2C005C68AD9B397B19538A513752DF5BF662D8
:10CA3C00AE64E6642D67BA6BA985D1969076D69BC9
:10CA4C004C630693AB9BBF765266094E9850C2530B
:10CA5C00715CE860926463655F68E671CA73237504
:10CA6C00977B827E9586838BDB8C78911099AC6555
:10CA7C00AB668B6BD54ED44E3A4F7F4F3A52F85330
:10CA8C00F253E355DB56EB58CB59C959FF59505B60
:10CA9C004D5C025E2B5ED75F1D6007632F655C5B90
:10CAAC00AF65BD65E8659D67626B7B6B0F6C45730D
:10CABC004979C179F87C197D2B7DA2800281F381A3
:10CACC0096895E8A698A668A8C8AEE8AC78CDC8C27
:10CADC00CC96FC986F6B8B4E3C4F8D4F5051575BE7
:10CAEC00FA5B486101634266216BCB6EBB6C3E7294
:10CAFC00BD74D475C1783A790C803380EA81948402
:10CB0C009E8F506C7F9E0F5F588B2B9DFA7AF88E00
:10CB1C008D5BEB96034EF153F7573159C95AA45B11
:10CB2C0089607F6E066FBE75EA8C9F5B0085E07B2B
:10CB3C007250F4679D82615C4A851E7E0E8299510B
:10CB4C00045C6863668D9C656E713E79177D05800B
:10CB5C001D8BCA8E6E90C786AA901F50FA523A5CF3
:10CB6C0053677C7035724C91C8912B93E582C25BF4
:10CB7C00315FF9603B4ED653885B4B6231678A6BF1
:10CB8C00E972E0732E7A6B81A38D529196991251B2
:10CB9C00D7536A54FF5B8863396AAC7D0097DA56C9
:10CBAC00CE536854975B315CDE5DEE4F0161FE62E3
:10CBBC00326DC079CB79427D4D7ED27FED811F8263
:10CBCC00908446887289908B748E2F8F31904B9104
:10CBDC006C91C6969C91C04E4F4F45514153935FFB
:10CBEC000E62D467416C0B6E6373267ECD9183927B
:10CBFC00D4531959BF5BD16D5D792E7E9B7C7E58C9
:10CC0C009F71FA515388F08FCA4FFB5C2566AC7745
:10CC1C00E37A1C82FF99C651AA5FEC656F69896B38
:10CC2C00F36D966E646FFE76147DE15D7590879161
:10CC3C000698E6511D5240629166D9661A6EB65E30
:10CC4C00D27D727FF866AF85F785F88AA952D953E1
:10CC5C0073598F5E905F5560E4926496B7501F5184
:10CC6C00DD5220534753EC53E85446553155175673
:10CC7C006859BE593C5AB55B065C0F5C115C1A5C7A
:10CC8C00845E8A5EE05E705F7F628462DB628C63CE
:10CC9C00776307660C662D6676667E67A2681F6AE8
:10CCAC00356ABC6C886D096E586E3C712671677163
:10CCBC00C77501775D7801796579F079E07A117B38
:10CCCC00A77C397D9680D6838B8449855D88F388D3
:10CCDC001F8A3C8A548A738A618CDE8CA49166927A
:10CCEC007E9318949C9698970A4E084E1E4E574E5B
:10CCFC0097517052CE573458CC58225B385EC56071
:10CD0C00FE6461675667446DB6727375637AB88456
:10CD1C00728BB89120933156F457FE98ED620D69E1
:10CD2C00966BED71547E77807282E689DF98558719
:10CD3C00B18F3B5C384FE14FB54F0755205ADD5B47
:10CD4C00E95BC35F4E612F63B0654B66EE689B6910
:10CD5C00786DF16D3375B9751F775E79E679337D32
:10CD6C00E381AF82AA85AA893A8AAB8E9B8F3290D7
:10CD7C00DD910797BA4EC14E03527558EC580B5CB7
:10CD8C001A753D5C4E810A8AC58F63966D97257B1B
:10CD9C00CF8A08986291F356A8531790395482574A
:10CDAC00255EA863346C8A7061778B7CE07F708819
:10CDBC0042905491109318938F965E74C49A075DA9
:10CDCC00695D7065A267A88DDB966E63496719690A
:10CDDC00C5831798C096FE88846F7A64F85B164EEC
:10CDEC002C705D752F66C4513652E252D359815F57
:10CDFC00276010623F6574651F667466F26816687A
:10CE0C00636B056E72721F75DB76BE7C5680F058B4
:10CE1C00FD887F89A08A938ACB8A1D909291529724
:10CE2C00599789650E7A0681BB962D5EDC601A6275
:10CE3C00A56514669067F3774D7A4D7C3E7E0A812A
:10CE4C00AC8C648DE18D5F8EA9780752D962A56395
:10CE5C00426498622D8A837AC07BAC8AEA96767D8E
:10CE6C000C824987D94E485143536053A35B025CF3
:10CE7C00165CDD5D26624762B06413683468C96C69
:10CE8C00456D176DD3675C6F4E717D71CB657F7A85
:10CE9C00AD7BDA7D4A7EA87F7A811B823982A6859A
:10CEAC006E8ACE8CF58D78907790AD929192839519
:10CEBC00AE9B4D528455386F367168518579557ECD
:10CECC00B381CE7C4C565158A85CAA63FE66FD66B5
:10CEDC005A69D9728F758E750E795679DF79977C70
:10CEEC00207D447D0786348A3B966190209FE750D5
:10CEFC007552CC53E2530950AA55EE584F593D7216
:10CF0C008B5B645C1D53E360F3605C6383633F6322
:10CF1C00BB63CD64E965F966E35DCD69FD69156FA9
:10CF2C00E571894EE975F876937ADF7CCF7D9C7D2F
:10CF3C006180498358836C84BC84FB85C588708D63
:10CF4C0001906D9097931C97129ACF5097588E61C1
:10CF5C00D3813585088D2090C34F7450475273533D
:10CF6C006F6049635F672C6EB38D1F90D74F5E5C0B
:10CF7C00CA8CCF659A7D525396887651C363585BA1
:10CF8C006B5B0A5C0D6451675C90D64E1A592A593A
:10CF9C00706C518A3E551558A559F0605362C167A3
:10CFAC00358255694096C499289A534F0658FE5BB2
:10CFBC001080B15C2F5E855F20604B613462FF6630
:10CFCC00F06CDE6ECE807F81D4828B88B88C009022
:10CFDC002E908A96DB9EDB9BE34EF05327592C7BDD
:10CFEC008D914C98F99DDD6E277053534455855B9C
:10CFFC0058629E62D362A26CEF6F2274178A3894C7
:10D00C00C16FFE8A3883E751F886EA53E953464FDD
:10D01C005490B08F6A593181FD5DEA7ABF8FDA681E
:10D02C00378CF872489C3D6AB08A394E5853065674
:10D03C006657C562A263E6654E6BE16D5B6EAD70C3
:10D04C00ED77EF7AAA7BBB7D3D80C680CB86958A37
:10D05C005B93E356C7583E5FAD659666806AB56BC9
:10D06C003775C78A2450E57730571B5F65607A6641
:10D07C00606CF4751A7A6E7FF48118874590B399B9
:10D08C00C97B5C75F97A517BC4841090E979927AEA
:10D09C003683E15A40772D4EF24E995BE05FBD62CC
:10D0AC003C66F167E86C6B8677883B8A4E91F3920D
:10D0BC00D099176A26702A73E7825784AF8C014E79
:10D0CC004651CB518B55F55B165E335E815E145F1A
:10D0DC00355F6B5FB45FF2611163A2661D676E6FA3
:10D0EC0052723A753A777480398178817687BF8A23
:10D0FC00DC8A858DF38D9A9277950298E59CC552C2
:10D10C005763F4761567886CCD73C38CAE937396A6
:10D11C00256D9C580E69CC69FD8F9A93DB751A901E
:10D12C005A580268B463FB69434F2C6FD867BB8FA6
:10D13C002685B47D54933F69706F6A57F7582C5B02
:10D14C002C7D2A720A54E391B49DAD4E4E4F5C5027
:10D15C00755043529E8C485424589A5B1D5E955EC4
:10D16C00AD5EF75E1F5F8C60B5623A63D063AF68EB
:10D17C00406C87788E790B7AE07D4782028AE68A4A
:10D18C00448E1390B8902D91D8910E9FE56C5864F5
:10D19C00E2647565F46E84761B7B6990D193BA6EEC
:10D1AC00F254B95FA4644D8FED8F449278516B5853
:10D1BC002959555C975EFB6D8F7E1C75BC8CE28E7D
:10D1CC005B98B9701D4FBF6BB16F3075FB964E51AC
:10D1DC00105435585758AC59605C925F97655C6732
:10D1EC00216E7B76DF83ED8C1490FD904D9325782A
:10D1FC003A78AA52A65E1F577459126012505A51AF
:10D20C00AC51CD5100521055545858585759955B44
:10D21C00F65C8B5DBC6095622D6471674368BC687D
:10D22C00DF68D776D86D6F6E9B6D6F70C871535F6A
:10D23C00D8757779497B547B527BD67C717D305283
:10D24C0063846985E4850E8A048B468C0F8E03906B
:10D25C000F90199476962D98309AD895CD50D5522A
:10D26C000C5402580E5CA7619E641E6DB377E57A70
:10D27C00F480048453908592E05C079D3F53975F44
:10D28C00B35F9C6D79726377BF79E47BD26BEC7280
:10D29C00AD8A0368616AF851817A34694A5CF69CFC
:10D2AC00EB82C55B49911E7078566F5CC7606665F2
:10D2BC008C6C5A8C419013985154C7660D924859F6
:10D2CC00A39085514D4EEA5199850E8B58707A6317
:10D2DC004B936269B499047E777557536069DF8EFE
:10D2EC00E3965D6C8C4E3C5C105FE98F0253D18CE5
:10D2FC0089807986FF5EE565734E655182593F5C86
:10D30C00EE97FB4E8A59CD5F8D8AE16FB0796279C9
:10D31C00E75B71842B73B171745EF55F7B639A6408
:10D32C00C371987C434EFC5E4B4EDC57A256A960F1
:10D33C00C36F0D7DFD803381BF81B28F9789A48629
:10D34C00F45D8A62AD6487897767E26C3E6D3674F2
:10D35C003478465A757FAD82AC99F34FC35EDD626B
:10D36C00926357656F67C3764C72CC80BA80298FF5
:10D37C004D910D50F957925A856873696471FD721D
:10D38C00B78CF258E08C6A9619907F87E479E7772E
:10D39C0029842F4F65525A53CD62CF67CA6C7D7664
:10D3AC00947B957C36828485EB8FDD66206F0672CC
:10D3BC001B7EAB83C199A69EFD51B17B7278B87B65
:10D3CC008780487BE86A615E8C80517560756B5113
:10D3DC0062928C6E7A769791EA9A104F707F9C626B
:10D3EC004F7BA595E99C7A565958E486BC96344FE8
:10D3FC0024524A53CD53DB53065E2C6491657F67F0
:10D40C003E6C4E6C4872AF72ED735475417E2C823B
:10D41C00E985A98CC47BC69169711298EF983D631C
:10D42C0069666A75E476D0784385EE862A53515343
:10D43C0026548359875E7C5FB26049627962AB6225
:10D44C009065D46BCC6CB275AE769178D879CB7D77
:10D45C00777FA580AB88B98ABB8C7F905E97DB9871
:10D46C000B6A387C99503E5CAE5F8767D86B35741D
:10D47C0009778E7F3B9FCA67177A39538B75ED9A64
:10D48C00665F9D81F18398803C5FC55F6275467BCA
:10D49C003C906768EB599B5A107D7E762C8BF54F30
:10D4AC006A5F196A376C026FE27468796888558A0A
:10D4BC00798CDF5ECF63C575D279D7822893F292CF
:10D4CC009C84ED862D9CC1546C5F8C655C6D1570D5
:10D4DC00A78CD38C3B984F65F6740D4ED84EE05705
:10D4EC002B59665ACC5BA851035E9C5E1660766223
:10D4FC007765A7656E666E6D3672267B50819A8154
:10D50C0099825C8BA08CE68C748D1C964496AE4FE5
:10D51C00AB64666B1E8261846A85E890015C53691A
:10D52C00A8987A8457850F4F6F52A95F455E0D6797
:10D53C008F79798107898689F56D175F5562B86C8B
:10D54C00CF4E6972929B06523B547456B358A461E9
:10D55C006E621A716E59897CDE7C1B7DF096876534
:10D56C005E80194E754F75514058635E735E0A5F4D
:10D57C00C467264E3D8589955B96737C0198FB505C
:10D58C00C1585676A7782552A5771185867B4F50C2
:10D59C0009594772C77BE87DBA8FD48F4D90BF4F26
:10D5AC00C952295A015FAD97DD4F1782EA92035792
:10D5BC005563696B2B75DC88148F427ADF52935854
:10D5CC0055610A62AE66CD6B3F7CE9832350F84F00
:10D5DC0005534654315849599D5BF05CEF5C295D0D
:10D5EC00965EB16267633E65B9650B67D56CE16C9D
:10D5FC00F97032782B7EDE80B3820C84EC84028747
:10D60C0012892A8A4A8CA690D292FD98F39C6C9D22
:10D61C004F4EA14E8D5056524A57A8593D5ED85F79
:10D62C00D95F3F62B4661B67D067D2689251217D87
:10D63C00AA80A881008B8C8CBF8C7E923296205451
:10D64C002C981753D5505C53A858B2643467677242
:10D65C006677467AE691C352A16C866B00584C5E95
:10D66C0054592C67FB7FE151C6766964E878549B6A
:10D67C00BB9ECB57B95927669A67CE6BE954D969CB
:10D68C00555E9C819567AA9BFE67529C5D68A64E71
:10D69C00E34FC853B9622B67AB6CC48FAD4F6D7E33
:10D6AC00BF9E074E6261806E2B6F138573542A6781
:10D6BC00459BF35D957BAC5CC65B1C874A6ED18445
:10D6CC00147A088199598D7C116C2077D952225982
:10D6DC0021715F72DB772797619D0B697F5A185A0E
:10D6EC00A5510D547D540E66DF76F78F9892F49CFD
:10D6FC00EA595D72C56E4D51C968BF7DEC7D62976C
:10D70C00BA9E7864216A028384595F5BDB6B1B735E
:10D71C00F276B27D1780998432512867D99EEE76C5
:10D72C006267FF520599245C3B627E7CB08C4F553E
:10D73C00B6600B7D809501535F4EB6511C593A7201
:10D74C003680CE91255FE2778453795F047DAC857A
:10D75C00338A8D8E5697F367AE85539409610861B1
:10D76C00B96C5276ED8A388F2F55514F2A51C752CA
:10D77C00CB53A55B7D5EA0608261D6630967DA67D7
:10D78C00676E8C6D3673377331755079D588988A7E
:10D79C004A909190F590C4968D871559884E594FA3
:10D7AC000E4E898A3F8F1098AD507C5E9659B95BAE
:10D7BC00B85EDA63FA63C164DC664A69D8690B6DDA
:10D7CC00B66E94712875AF7A8A7F00804984C984BB
:10D7DC008189218B0A8E65907D960A997E61916272
:10D7EC00326B836C746DCC7FFC7FC06D857FBA8788
:10D7FC00F8886567B1833C98F7961B6D617D3D8415
:10D80C006A91714E7553505D046BEB6FCD852D860F
:10D81C00A78929520F54655C4E67A86806748374F7
:10D82C00E275CF88E188CC91E29678968B5F87730E
:10D83C00CB7A4E84A06365758952416D9C6E0974D8
:10D84C0059756B78927C8696DC7A8D9FB64F6E619B
:10D85C00C5655C86864EAE4EDA50214ECC51EE5BE1
:10D86C0099658168BC6D1F734276AD771C7AE77C35
:10D87C006F82D28A7C90CF91759618989B52D17DED
:10D88C002B5098539767CB6DD0713374E8812A8FE6
:10D89C00A396579C9F9E60744158996D2F7D5E98FE
:10D8AC00E44E364F8B4FB751B152BA5D1C60B27318
:10D8BC003C79D3823492B796F6960A97979E629FDC
:10D8CC00A666746B1752A352C870C288C95E4B60AF
:10D8DC009061236F49713E7CF47D6F80EE842390C0
:10D8EC002C9342546F9BD36A8970C28CEF8D329704
:10D8FC00B452415ACA5E045F17677C6994696A6DB9
:10D90C000F6F6272FC72ED7B01807E804B87CE9034
:10D91C006D51939E84798B803293D68A2D508C5482
:10D92C00718A6A6BC48C0781D160A067F29D994E95
:10D93C00984E109C6B8AC185688500697E6E9778BD
:10D94C00558100000A0001000200030004000500DC
:10D95C0006000700080009000A000B000C000D006F
:10D96C000E000F001000000020202020202020207E
:10D97C00202020202020202020202020202020209B
:10D98C002020202020202020000000001F001C2030
:10D99C00000000001421000002001624000000000A
:10D9AC0014250000020015280000000011290000B9
:10D9BC000000142A00000000182B00000000142C9A
:10D9CC0000000000102D00000000142E00000100CB
:10D9DC000C3000000900143A00000100183C000053
:10D9EC000200143F00000100034100001900155B08
:10D9FC0000000000145C00000000115D000000003D
:10DA0C00175E000000000F5F0000000017600000B0
:10DA1C000000036100001900157B00000000187C59
:10DA2C0000000000117D00000000187E00000000C6
:10DA3C00007F000020001CA00000000014A10000CA
:10DA4C00000016A20000030019A60000000014A795
:10DA5C000000000017A80000000019A90000000039
:10DA6C0006AA0000000013AB0000000018AC000078
:10DA7C00000001AD0000000019AE0000000017AF5F
:10DA8C000000000019B00000000018B100000000F8
:10DA9C000EB20000010017B40000000003B5000036
:10DAAC00000014B60000010017B8000000000EB909
:10DABC000000000006BA0000000012BB00000000CD
:10DACC000EBC0000020014BF0000000003C00000E8
:10DADC00160018D70000000003D80000060004DF71
:10DAEC000000000003E00000160018F70000000022
:10DAFC0003F800003F000438010000000339010066
:10DB0C000F00044901000000034A01004200048D8B
:10DB1C0001000000038E01000C00049B01000000BA
:10DB2C00039C01000D0004AA0100010003AC0100DC
:10DB3C000D0004BA0100000006BB0100000003BC8C
:10DB4C000100010004BE0100000003BF0100000041
:10DB5C0006C00100030003C40100000007C501005A
:10DB6C00000003C60100010007C80100000003C942
:10DB7C000100010007CB0100000003CC01002300D1
:10DB8C0004F00100000003F10100000007F20100A5
:10DB9C00000003F301002D00042102000000032209
:10DBAC0002001100043402000500033A02001A00BE
:10DBBC000455020000000356020001000458020044
:10DBCC000000035902000000045A02000000035B2D
:10DBDC0002000100045D020002000360020001006B
:10DBEC0004620200000003630200000004640200EF
:10DBFC0000000365020001000467020000000368D6
:10DC0C0002000400046D02000100036F020000001A
:10DC1C000470020000000371020001000473020092
:10DC2C000100037502000000047602000600037D6B
:10DC3C0002000000047E02000100038002000000CC
:10DC4C00048102000000038202000100048402002F
:10DC5C000200038702000500048D020004000392F9
:10DC6C000200000004930200000006940200000071
:10DC7C00049502000700039D02000100049F0200AE
:10DC8C00100005B00200110017C20200030005C607
:10DC9C0002000B0017D202000D0005E00200040088
:10DCAC0017E50200060005EC0200000017ED02006B
:10DCBC00000005EE0200000017EF020010000B0040
:10DCCC0003006F00037003000300057403000000E1
:10DCDC00177503000000037603000100057A0300AA
:10DCEC000000037B03000200147E03000000037F8E
:10DCFC0003000000178403000100038603000000EA
:10DD0C00148703000000038803000200038C030047
:10DD1C000000038E03000100049003000000039137
:10DD2C000300100003A303000C0004B00300000068
:10DD3C0003B10300200008D20300020003D5030046
:10DD4C00200018F60300000003F70300040004FC95
:10DD5C000300000003FD030084001982040000008E
:10DD6C000B83040004000A8804000100038A0400E9
:10DD7C00A500033105002500055905000000145AC3
:10DD8C000500050004600500000003610500250086
:10DD9C00048705000100148905000000108A0500A5
:10DDAC000000198D05000100168F050000000B9175
:10DDBC0005002C0010BE050000000BBF0500000084
:10DDCC0014C0050000000BC10500010014C30500C0
:10DDDC0000000BC40500010014C6050000000BC7B1
:10DDEC000500000006D005001A0006EF0500030030
:10DDFC0014F30500010001000600050018060600DA
:10DE0C000200140906000100160B06000000140C99
:10DE1C0006000100190E060001000B1006000A0096
:10DE2C00141B06000000011C06000000141D060057
:10DE3C000200062006001F000540060000000641F7
:10DE4C00060009000B4B060014000C6006000900CC
:10DE5C00146A06000300066E060001000B70060033
:10DE6C00000006710600620014D40600000006D5FE
:10DE7C00060000000BD60600060001DD06000000BF
:10DE8C0019DE060000000BDF0600050005E50600A4
:10DE9C0001000BE70600010019E9060000000BEA7F
:10DEAC000600030006EE060001000CF00600090057
:10DEBC0006FA0600020019FD0600010006FF060026
:10DECC000000140007000D00010F070000000610F1
:10DEDC00070000000B1107000000061207001D00D0
:10DEEC000B3007001A00064D070058000BA6070060
:10DEFC000A0006B1070000000CC00700090006CAA2
:10DF0C00070020000BEB0700080005F407000100D8
:10DF1C0019F60700000014F70700020005FA0700C5
:10DF2C0000000BFD0700000016FE070001000600B4
:10DF3C00080015000B1608000300051A0800000065
:10DF4C000B1B080008000524080000000B25080026
:10DF5C0002000528080000000B29080004001430FA
:10DF6C0008000E000640080018000B5908000200BB
:10DF7C00145E08000000066008000A000670080025
:10DF8C00170017880800000006890800050001909A
:10DF9C00080001000B980800070006A008002800E4
:10DFAC0005C9080000000BCA0800170001E20800B0
:10DFBC0000000BE308001F00090309000000060421
:10DFCC00090035000B3A09000000093B090000006C
:10DFDC000B3C09000000063D09000000093E090049
:10DFEC0002000B41090007000949090003000B4D11
:10DFFC0009000000094E090001000650090000004C
:10E00C000B51090006000658090009000B620900B3
:10E01C0001001464090001000C6609000900147069
:10E02C0009000000057109000000067209000E00CD
:10E03C000B81090000000982090001000685090016
:10E04C000700068F0900010006930900150006AAB7
:10E05C000900060006B20900000006B6090003001C
:10E06C000BBC0900000006BD0900000009BE090038
:10E07C0002000BC10900030009C70900010009CB0C
:10E08C00090001000BCD0900000006CE09000000BC
:10E09C0009D70900000006DC0900010006DF0900B1
:10E0AC0002000BE2090001000CE60900090006F071
:10E0BC000900010016F2090001000EF40900050028
:10E0CC0019FA0900000016FB0900000006FC090003
:10E0DC00000014FD090000000BFE090000000B01FC
:10E0EC000A00010009030A00000006050A000500E9
:10E0FC00060F0A00010006130A001500062A0A0082
:10E10C00060006320A00010006350A000100063836
:10E11C000A0001000B3C0A000000093E0A00020044
:10E12C000B410A0001000B470A0001000B4B0A00CF
:10E13C0002000B510A00000006590A000300065E9B
:10E14C000A0000000C660A0009000B700A000100AE
:10E15C0006720A0002000B750A00000014760A0011
:10E16C0000000B810A00010009830A0000000685EB
:10E17C000A000800068F0A00020006930A00150028
:10E18C0006AA0A00060006B20A00010006B50A003B
:10E19C0004000BBC0A00000006BD0A00000009BE0A
:10E1AC000A0002000BC10A0004000BC70A000100A0
:10E1BC0009C90A00000009CB0A0001000BCD0A00B6
:10E1CC00000006D00A00000006E00A0001000BE285
:10E1DC000A0001000CE60A00090014F00A00000015
:10E1EC0016F10A00000006F90A0000000BFA0A00FA
:10E1FC0005000B010B00000009020B0001000605D5
:10E20C000B000700060F0B00010006130B00150096
:10E21C00062A0B00060006320B00010006350B0027
:10E22C0004000B3C0B000000063D0B000000093EF7
:10E23C000B0000000B3F0B00000009400B0000001E
:10E24C000B410B00030009470B000100094B0B00AD
:10E25C0001000B4D0B0000000B550B000100095782
:10E26C000B000000065C0B000100065F0B000200B7
:10E27C000B620B0001000C660B00090019700B00FF
:10E28C00000006710B0000000E720B0005000B82E3
:10E29C000B00000006830B00000006850B00050038
:10E2AC00068E0B00020006920B00030006990B0071
:10E2BC000100069C0B000000069E0B00010006A34B
:10E2CC000B00010006A80B00020006AE0B000B00B1
:10E2DC0009BE0B0001000BC00B00000009C10B00B4
:10E2EC00010009C60B00020009CA0B0002000BCD8D
:10E2FC000B00000006D00B00000009D70B0000003B
:10E30C000CE60B0009000EF00B00020019F30B00D9
:10E31C00050016F90B00000019FA0B0000000B00A9
:10E32C000C00000009010C0002000B040C000000A2
:10E33C0006050C000700060E0C00020006120C006D
:10E34C001600062A0C000F000B3C0C000000063DCA
:10E35C000C0000000B3E0C00020009410C000300F5
:10E36C000B460C0002000B4A0C0003000B550C0072
:10E37C00010006580C000200065D0C00000006604F
:10E38C000C0001000B620C0001000C660C00090073
:10E39C0014770C0000000E780C000600197F0C009E
:10E3AC00000006800C0000000B810C0000000982AC
:10E3BC000C00010014840C00000006850C00070002
:10E3CC00068E0C00020006920C00160006AA0C0029
:10E3DC00090006B50C0004000BBC0C00000006BDC7
:10E3EC000C00000009BE0C0000000BBF0C0000006C
:10E3FC0009C00C0004000BC60C00000009C70C007F
:10E40C00010009CA0C0001000BCC0C00010009D55D
:10E41C000C00010006DD0C00010006E00C00010000
:10E42C000BE20C0001000CE60C00090006F10C00DC
:10E43C0001000B000D00010009020D000100060493
:10E44C000D000800060E0D00020006120D0028003B
:10E45C000B3B0D000100063D0D000000093E0D00B8
:10E46C0002000B410D00030009460D000200094A91
:10E47C000D0002000B4D0D000000064E0D000000BB
:10E48C00194F0D00000006540D00020009570D0035
:10E49C0000000E580D000600065F0D0002000B6216
:10E4AC000D0001000C660D0009000E700D00080037
:10E4BC0019790D000000067A0D0005000B810D0086
:10E4CC00000009820D00010006850D001100069A5E
:10E4DC000D00170006B30D00080006BD0D0000006E
:10E4EC0006C00D0006000BCA0D00000009CF0D0080
:10E4FC0002000BD20D0002000BD60D00000009D853
:10E50C000D0007000CE60D00090009F20D000100DA
:10E51C0014F40D00000006010E002F000B310E004C
:10E52C00000006320E0001000B340E000600163FF0
:10E53C000E00000006400E00050005460E0000000F
:10E54C000B470E000700144F0E0000000C500E007D
:10E55C000900145A0E00010006810E000100068409
:10E56C000E00000006860E000400068C0E0017003C
:10E57C0006A50E00000006A70E0009000BB10E0048
:10E58C00000006B20E0001000BB40E00080006BD20
:10E59C000E00000006C00E00040005C60E000000B0
:10E5AC000BC80E0005000CD00E00090006DC0E0096
:10E5BC00030006000F00000019010F0002001404F4
:10E5CC000F000E0019130F00000014140F000000B0
:10E5DC0019150F0002000B180F000100191A0F007B
:10E5EC0005000C200F0009000E2A0F000900193439
:10E5FC000F0000000B350F00000019360F00000053
:10E60C000B370F00000019380F0000000B390F00FA
:10E61C000000153A0F000000113B0F000000153CE4
:10E62C000F000000113D0F000000093E0F0001001B
:10E63C0006400F00070006490F0023000B710F0066
:10E64C000D00097F0F0000000B800F0004001485E3
:10E65C000F0000000B860F00010006880F0004005D
:10E66C000B8D0F000A000B990F00230019BE0F0031
:10E67C0007000BC60F00000019C70F00050019CECC
:10E68C000F00010014D00F00040019D50F00030077
:10E69C0014D90F000100060010002A00092B1000ED
:10E6AC0001000B2D100003000931100000000B328B
:10E6BC00100005000938100000000B391000010093
:10E6CC00093B100001000B3D10000100063F10003B
:10E6DC0000000C4010000900144A10000500065000
:10E6EC00100005000956100001000B581000010025
:10E6FC00065A100003000B5E1000020006611000A9
:10E70C000000096210000200066510000100096794
:10E71C0010000600066E100002000B7110000300C2
:10E72C00067510000C000B8210000000098310000D
:10E73C0001000B85100001000987100005000B8DEE
:10E74C0010000000068E10000000098F1000000061
:10E75C000C9010000900099A100002000B9D10008B
:10E76C000000199E1000010003A01000250003C733
:10E77C001000000003CD1000000003D010002A0090
:10E78C0014FB1000000005FC1000000003FD10003D
:10E79C000200060011004801064A12000300065050
:10E7AC0012000600065812000000065A1200030060
:10E7BC00066012002800068A120003000690120060
:10E7CC00200006B21200030006B81200060006C0B4
:10E7DC001200000006C21200030006C812000E0050
:10E7EC0006D8120038000612130003000618130096
:10E7FC0042000B5D130002001460130008000E6948
:10E80C0013001300068013000F0019901300090069
:10E81C0003A01300550003F81300050010001400AA
:10E82C000000060114006B02196D16000000146E36
:10E83C0016000000066F160010001C801600000069
:10E84C00068116001900159B16000000119C16007D
:10E85C00000006A016004A0014EB160002000DEE94
:10E86C001600020006F11600070006001700110042
:10E87C000B1217000200091517000000061F1700E5
:10E88C0012000B3217000100093417000000143578
:10E89C00170001000640170011000B521700010071
:10E8AC00066017000C00066E170002000B721700B2
:10E8BC0001000680170033000BB41700010009B6E5
:10E8CC00170000000BB71700060009BE1700070061
:10E8DC000BC61700000009C7170001000BC9170071
:10E8EC000A0014D41700020005D71700000014D832
:10E8FC001700020016DB1700000006DC17000000F2
:10E90C000BDD170000000CE0170009000EF01700DB
:10E91C000900140018000500100618000000140768
:10E92C00180003000B0B18000200010E1800000069
:10E93C000B0F180000000C1018000900062018001E
:10E94C00220005431800000006441800340006801D
:10E95C00180004000B851800010006871800210020
:10E96C000BA91800000006AA1800000006B0180039
:10E97C004500060019001E000B2019000200092397
:10E98C00190003000B2719000100092919000200C6
:10E99C000930190001000B3219000000093319006D
:10E9AC0005000B391900020019401900000014442D
:10E9BC00190001000C4619000900065019001D0031
:10E9CC00067019000400068019002B0006B019000F
:10E9DC0019000CD0190009000EDA1900000019DE1C
:10E9EC001900210006001A0016000B171A0001006E
:10E9FC0009191A0001000B1B1A000000141E1A0042
:10EA0C00010006201A00340009551A0000000B56AC
:10EA1C001A00000009571A0000000B581A000600D3
:10EA2C000B601A00000009611A0000000B621A004A
:10EA3C00000009631A0001000B651A000700096D3C
:10EA4C001A0005000B731A0009000B7F1A00000056
:10EA5C000C801A0009000C901A00090014A01A006E
:10EA6C00060005A71A00000014A81A0005000BB038
:10EA7C001A000D000ABE1A0000000BBF1A000F008E
:10EA8C000B001B00030009041B00000006051B0003
:10EA9C002E000B341B00000009351B0000000B3648
:10EAAC001B000400093B1B0000000B3C1B0000007A
:10EABC00093D1B0004000B421B00000009431B0016
:10EACC00010006451B0007000C501B000900145ADE
:10EADC001B00060019611B0009000B6B1B000800D2
:10EAEC0019741B000800147D1B0001000B801B0017
:10EAFC00010009821B00000006831B001D0009A1F8
:10EB0C001B0000000BA21B00030009A61B00010048
:10EB1C000BA81B00010009AA1B0000000BAB1B007B
:10EB2C00020006AE1B0001000CB01B00090006BA67
:10EB3C001B002B000BE61B00000009E71B0000006C
:10EB4C000BE81B00010009EA1B0002000BED1B0087
:10EB5C00000009EE1B0000000BEF1B00020009F285
:10EB6C001B00010014FC1B00030006001C0023000A
:10EB7C0009241C0007000B2C1C00070009341C0086
:10EB8C0001000B361C000100143B1C0004000C405F
:10EB9C001C000900064D1C0002000C501C00090052
:10EBAC00065A1C001D0005781C000500147E1C0074
:10EBBC00010003801C00080003901C002A0003BD08
:10EBCC001C00020014C01C0007000BD01C0002002B
:10EBDC0014D31C0000000BD41C000C0009E11C0019
:10EBEC0000000BE21C00060006E91C0003000BED04
:10EBFC001C00000006EE1C0005000BF41C000000BD
:10EC0C0006F51C00010009F71C0000000BF81C00A5
:10EC1C00010006FA1C00000004001D002B00052C4E
:10EC2C001D003E00046B1D000C0005781D0000004B
:10EC3C0003791D000000047A1D000200037D1D00F5
:10EC4C000000047E1D000F00038E1D000000048FC9
:10EC5C001D000B00059B1D0024000BC01D003F0078
:10EC6C0003001E00950004961E000400039B1E006A
:10EC7C000000049C1E000100039E1E000000049F67
:10EC8C001E00000003A01E00750003181F000500E5
:10EC9C0003201F00250003481F00050004501F001F
:10ECAC00000003511F00000004521F00000003531A
:10ECBC001F00000004541F00000003551F0000003B
:10ECCC0004561F00000003571F00000003591F00CB
:10ECDC000000035B1F000000035D1F000000035FCA
:10ECEC001F001E0003801F00070007881F0007007D
:10ECFC0003901F00070007981F00070003A01F00C8
:10ED0C00070007A81F00070003B01F00010004B292
:10ED1C001F00000003B31F00000004B41F0000001C
:10ED2C0004B61F00010003B81F00030007BC1F003E
:10ED3C00000017BD1F00000003BE1F00000017BF1E
:10ED4C001F00020004C21F00000003C31F000000CC
:10ED5C0004C41F00000004C61F00010003C81F00EC
:10ED6C00030007CC1F00000017CD1F00020003D0CA
:10ED7C001F00010004D21F00010004D61F00010077
:10ED8C0003D81F00030017DD1F00020003E01F0063
:10ED9C00010004E21F00020003E51F00000004E66E
:10EDAC001F00010003E81F00040017ED1F00020004
:10EDBC0004F21F00000003F31F00000004F41F0006
:10EDCC00000004F61F00010003F81F00030007FCFD
:10EDDC001F00000017FD1F0001001C0020000A008E
:10EDEC00010B200004001010200005001416200058
:10EDFC000100131820000000121920000000151A41
:10EE0C0020000000131B20000100121D2000000038
:10EE1C00151E20000000131F2000000014202000ED
:10EE2C0007001A28200000001B2920000000012ADE
:10EE3C00200004001C2F20000000143020000800CB
:10EE4C00133920000000123A20000000143B20006F
:10EE5C0003000F3F20000100144120000200184461
:10EE6C002000000015452000000011462000000085
:10EE7C00144720000A0018522000000014532000F0
:10EE8C0000000F54200000001455200009001C5FE6
:10EE9C002000000001602000040001662000090031
:10EEAC000E70200000000571200000000E74200080
:10EEBC000500187A20000200157D20000000117E4C
:10EECC0020000000057F200000000E8020000900BB
:10EEDC00188A20000200158D20000000118E2000E1
:10EEEC000000059020000C0016A0200020000BD084
:10EEFC0020000C000ADD200003000BE120000000C4
:10EF0C000AE2200002000BE520000B001900210092
:10EF1C00010008022100000019032100030008076A
:10EF2C0021000000190821000100040A2100000042
:10EF3C00080B21000200040E210001000810210022
:10EF4C000200041321000000191421000000081510
:10EF5C0021000000191621000100181821000000E2
:10EF6C00081921000400191E2100050008242100A5
:10EF7C00000019252100000003262100000019279C
:10EF8C0021000000082821000000192921000000A0
:10EF9C00032A21000100082C21000100192E210058
:10EFAC000000042F21000000083021000100033272
:10EFBC00210000000833210000000434210000006F
:10EFCC00063521000300043921000000193A210004
:10EFDC000100043C21000100083E21000100184002
:10EFEC002100040008452100000004462100030014
:10EFFC00194A21000000184B21000000194C210077
:10F00C000100034E21000000194F210000000E509A
:10F01C0021000F000D60210022000383210001005C
:10F02C000D85210003000E8921000000198A2100A2
:10F03C000100189021000400199521000400189A71
:10F04C0021000100199C2100030018A021000000E0
:10F05C0019A12100010018A32100000019A421000E
:10F06C00010018A62100000019A72100060018AE07
:10F07C002100000019AF21001E0018CE2100010054
:10F08C0019D02100010018D22100000019D3210051
:10F09C00000018D42100000019D521001E0018F41E
:10F0AC0021000B01190023000700150823000000A4
:10F0BC00110923000000150A23000000110B230086
:10F0CC000000190C23001300182023000100192242
:10F0DC0023000600152923000000112A230000003C
:10F0EC00192B23005000187C23000000197D2300ED
:10F0FC001D00189B2300180019B42300270018DCEE
:10F10C002300050019E223004400194024000A00E2
:10F11C000E6024003B00199C24004D000EEA2400D4
:10F12C00150019002500B60018B72500000019B805
:10F13C002500080018C12500000019C22500350063
:10F14C0018F825000700190026006E00186F26001D
:10F15C00000019702600F7001568270000001169DF
:10F16C0027000000156A27000000116B2700000023
:10F17C00156C27000000116D27000000156E27008C
:10F18C000000116F2700000015702700000011719E
:10F19C0027000000157227000000117327000000E3
:10F1AC001574270000001175270000000E7627004B
:10F1BC001D00199427002B0018C02700040015C54A
:10F1CC002700000011C62700000018C727001E00EA
:10F1DC0015E62700000011E72700000015E82700BE
:10F1EC00000011E92700000015EA2700000011EBD0
:10F1FC002700000015EC2700000011ED270000008F
:10F20C0015EE2700000011EF2700000018F0270072
:10F21C000F0019002800FF00180029008200158338
:10F22C002900000011842900000015852900000028
:10F23C00118629000000158729000000118829007B
:10F24C000000158929000000118A29000000158B87
:10F25C0029000000118C29000000158D29000000E8
:10F26C00118E29000000158F290000001190290033
:10F27C00000015912900000011922900000015933F
:10F28C0029000000119429000000159529000000A8
:10F29C0011962900000015972900000011982900EB
:10F2AC000000189929003E0015D82900000011D93A
:10F2BC002900000015DA2900000011DB29000000EC
:10F2CC0018DC29001F0015FC2900000011FD290085
:10F2DC00000018FE2900010119002B002F00183026
:10F2EC002B00140019452B00010018472B000500BA
:10F2FC00194D2B00260019762B001F0019972B0097
:10F30C00680003002C00700004712C0000000372D4
:10F31C002C00010004742C00000003752C0001006B
:10F32C0004772C000400057C2C000100037E2C00CB
:10F33C00650004E42C00000019E52C00050003EB2B
:10F34C002C0003000BEF2C00020003F22C00010038
:10F35C0014F92C0003000EFD2C00000014FE2C00F0
:10F36C00010003002D00250003272D000000032DB4
:10F37C002D00000006302D003700056F2D00000019
:10F38C0014702D0000000B7F2D00000006802D0056
:10F39C00160006A02D00060006A82D00060006B0DB
:10F3AC002D00060006B82D00060006C02D00060034
:10F3BC0006C82D00060006D02D00060006D82D002C
:10F3CC0006000BE02D001F0014002E00010013029C
:10F3DC002E00000012032E00000013042E0000006B
:10F3EC0012052E00000014062E00020013092E0038
:10F3FC000000120A2E000000140B2E000000130C4B
:10F40C002E000000120D2E000000140E2E0008001D
:10F41C0010172E00000014182E000100101A2E00D8
:10F42C000000141B2E000000131C2E000000121DE7
:10F43C002E000000141E2E00010013202E000000D0
:10F44C0012212E00000015222E00000011232E0088
:10F45C00000015242E00000011252E00000015269A
:10F46C002E00000011272E00000015282E00000091
:10F47C0011292E000000142A2E000400052F2E0046
:10F48C00000014302E000900103A2E000100143C2C
:10F49C002E00030010402E00000014412E0000002E
:10F4AC0015422E00000014432E000C0019502E00A3
:10F4BC00010014522E00020015552E0000001156AA
:10F4CC002E00000015572E00000011582E000000D1
:10F4DC0015592E000000115A2E000000155B2E004D
:10F4EC000000115C2E000000105D2E000000198041
:10F4FC002E001900199B2E00580019002F00D50062
:10F50C0019F02F000B001C0030000000140130001B
:10F51C00020019043000000005053000000006064A
:10F52C00300000000D07300000001508300000000E
:10F53C00110930000000150A30000000110B3000DA
:10F54C000000150C30000000110D30000000150EED
:10F55C0030000000110F30000000151030000000CA
:10F56C001111300000001912300001001514300088
:10F57C0000001115300000001516300000001117A6
:10F58C003000000015183000000011193000000088
:10F59C00151A30000000111B30000000101C300048
:10F5AC000000151D30000000111E30000100192054
:10F5BC00300000000D21300008000B2A3000030041
:10F5CC00092E3000010010303000000005313000F1
:10F5DC0004001936300001000D3830000200053BE4
:10F5EC0030000000063C30000000143D30000000EC
:10F5FC00193E300001000641300055000B993000D7
:10F60C000100179B30000100059D30000100069F92
:10F61C003000000010A03000000006A1300059009E
:10F62C0014FB3000000005FC3000020006FF300027
:10F63C000000060531002A00063131005D001990EA
:10F64C00310001000E9231000300199631000900BF
:10F65C0006A031001F0019C03100230006F0310054
:10F66C000F00190032001E000E2032000900192A6A
:10F67C0032001D000E483200070019503200000005
:10F68C000E5132000E00196032001F000E80320045
:10F69C000900198A320026000EB132000E0019C082
:10F6AC0032003F0106003400BF1919C04D003F0065
:10F6BC0006004E0014520515A00000000616A0000E
:10F6CC0076041990A400360006D0A400270005F893
:10F6DC00A400050014FEA40001000600A5000B0107
:10F6EC00050CA6000000140DA60002000610A600D2
:10F6FC000F000C20A6000900062AA60001000340FA
:10F70C00A6002D00066EA60000000B6FA6000000E0
:10F71C000A70A60002001473A60000000B74A60069
:10F72C000900147EA6000000057FA60000000380DF
:10F73C00A6001B00059CA60001000B9EA600010064
:10F74C0006A0A60045000DE6A60009000BF0A600D9
:10F75C00010014F2A60005001700A70016000517FB
:10F76C00A70008001720A70001000322A7000D0026
:10F77C000430A70001000332A7003D000570A7006C
:10F78C0000000471A70007000379A7000E0005888C
:10F79C00A70000001789A7000100038BA700020037
:10F7AC00048EA7000000068FA70000000390A7009E
:10F7BC0004000495A70000000396A700180004AFEE
:10F7CC00A700000003B0A7001A0003D0A700010097
:10F7DC0004D3A700000004D5A700000003D6A7009F
:10F7EC00030005F2A700020003F5A700010006F7CD
:10F7FC00A700000005F8A700010004FAA70000000C
:10F80C0006FBA70006000B02A80000000603A800D8
:10F81C0002000B06A80000000607A80003000B0B53
:10F82C00A8000000060CA80016000923A80001007F
:10F83C000B25A80001000927A80000001928A80022
:10F84C0003000B2CA80000000E30A8000500193690
:10F85C00A80001001638A80000001939A800000003
:10F86C000640A80033001474A80003000980A80007
:10F87C0001000682A800310009B4A8000F000BC4D7
:10F88C00A800010014CEA80001000CD0A8000900AB
:10F89C000BE0A800110006F2A800050014F8A8005F
:10F8AC00020006FBA800000014FCA800000006FDE6
:10F8BC00A80001000BFFA80000000C00A900090023
:10F8CC00060AA9001B000B26A9000700142EA9008C
:10F8DC0001000630A90016000B47A9000A000952C6
:10F8EC00A9000100145FA90000000660A9001C001B
:10F8FC000B80A90002000983A90000000684A9005E
:10F90C002E000BB3A900000009B4A90001000BB62E
:10F91C00A900030009BAA90001000BBCA900010051
:10F92C0009BEA900020014C1A9000C0005CFA90052
:10F93C0000000CD0A900090014DEA900010006E0AB
:10F94C00A90004000BE5A900000005E6A9000000D1
:10F95C0006E7A90008000CF0A900090006FAA900A6
:10F96C0004000600AA0028000B29AA000500092F94
:10F97C00AA0001000B31AA0001000933AA00010002
:10F98C000B35AA0001000640AA0002000B43AA0096
:10F99C0000000644AA0007000B4CAA000000094D09
:10F9AC00AA0000000C50AA000900145CAA00030075
:10F9BC000660AA000F000570AA0000000671AA00DC
:10F9CC0005001977AA000200067AAA000000097B3C
:10F9DC00AA0000000B7CAA000000097DAA00000010
:10F9EC00067EAA0031000BB0AA00000006B1AA00E6
:10F9FC0000000BB2AA00020006B5AA0001000BB76A
:10FA0C00AA00010006B9AA0004000BBEAA0001005E
:10FA1C0006C0AA0000000BC1AA00000006C2AA0082
:10FA2C00000006DBAA00010005DDAA00000014DEC0
:10FA3C00AA00010006E0AA000A0009EBAA000000D7
:10FA4C000BECAA00010009EEAA00010014F0AA00B8
:10FA5C00010006F2AA00000005F3AA00010009F556
:10FA6C00AA0000000BF6AA0000000601AB0005007E
:10FA7C000609AB0005000611AB0005000620AB0023
:10FA8C0006000628AB0006000430AB00220003532E
:10FA9C00AB0000000454AB000600175BAB00000089
:10FAAC00055CAB0003000460AB0008000569AB000B
:10FABC000000176AAB0001000370AB004F0006C0DA
:10FACC00AB00220009E3AB0001000BE5AB0000002A
:10FADC0009E6AB0001000BE8AB00000009E9AB0044
:10FAEC00010014EBAB00000009ECAB0000000BEDC7
:10FAFC00AB0000000CF0AB0009000600AC00A32B1F
:10FB0C0006B0D700160006CBD70030000200D80094
:10FB1C00FF070600F9006D010670FA006900040089
:10FB2C00FB0006000413FB000400061DFB00000094
:10FB3C000B1EFB000000061FFB0009001829FB0030
:10FB4C000000062AFB000C000638FB000400063EF1
:10FB5C00FB0000000640FB0001000643FB00010017
:10FB6C000646FB006B0017B2FB00100006D3FB002F
:10FB7C006A01113EFD000000153FFD000000194018
:10FB8C00FD000F000650FD003F000692FD00350001
:10FB9C0019CFFD00000006F0FD000B0016FCFD0067
:10FBAC00000019FDFD0002000B00FE000F001410F8
:10FBBC00FE0006001517FE0000001118FE000000E4
:10FBCC001419FE0000000B20FE000F001430FE0084
:10FBDC0000001031FE0001000F33FE00010015354E
:10FBEC00FE0000001136FE0000001537FE0000007C
:10FBFC001138FE0000001539FE000000113AFE001D
:10FC0C000000153BFE000000113CFE000000153DFD
:10FC1C00FE000000113EFE000000153FFE0000003B
:10FC2C001140FE0000001541FE0000001142FE00D4
:10FC3C0000001543FE0000001144FE0000001445B6
:10FC4C00FE0001001547FE0000001148FE000000F8
:10FC5C001449FE0003000F4DFE0002001450FE007C
:10FC6C0002001454FE0003001058FE000000155949
:10FC7C00FE000000115AFE000000155BFE000000A3
:10FC8C00115CFE000000155DFE000000115EFE0020
:10FC9C000000145FFE0002001862FE0000001063FA
:10FCAC00FE0000001864FE0002001468FE00000054
:10FCBC001669FE000000146AFE0001000670FE00CA
:10FCCC0004000676FE00860001FFFE000000140111
:10FCDC00FF0002001604FF0000001405FF000200E4
:10FCEC001508FF0000001109FF000000140AFF00B6
:10FCFC000000180BFF000000140CFF000000100D9A
:10FD0C00FF000000140EFF0001000C10FF000900A2
:10FD1C00141AFF000100181CFF000200141FFF0042
:10FD2C0001000321FF001900153BFF000000143CEB
:10FD3C00FF000000113DFF000000173EFF00000017
:10FD4C000F3FFF0000001740FF0000000341FF00C1
:10FD5C001900155BFF000000185CFF000000115D2E
:10FD6C00FF000000185EFF000000155FFF000000A0
:10FD7C001160FF0000001461FF0000001562FF001D
:10FD8C0000001163FF0000001464FF000100066610
:10FD9C00FF0009000570FF0000000671FF002C0039
:10FDAC00059EFF00010006A0FF001E0006C2FF001A
:10FDBC00050006CAFF00050006D2FF00050006DAA2
:10FDCC00FF00020016E0FF00010018E2FF00000037
:10FDDC0017E3FF00000019E4FF00000016E5FF0028
:10FDEC00010019E8FF00000018E9FF00030019EDFD
:10FDFC00FF00010001F9FF00020019FCFF000100E7
:10FE0C00060000010B00060D000119000628000178
:10FE1C001200063C00010100063F00010E000650D6
:10FE2C0000010D00068000017A001400010102009F
:10FE3C000E0701012C001937010108000D400101CA
:10FE4C0034000E75010103001979010110000E8AAE
:10FE5C0001010100198C01010200199001010C0033
:10FE6C0019A00101000019D001012C000BFD0101AA
:10FE7C000000068002011C0006A0020130000BE00D
:10FE8C00020100000EE102011A00060003011F002E
:10FE9C000E2003010300062D030113000D41030185
:10FEAC0000000642030107000D4A03010000065042
:10FEBC00030125000B7603010400068003011D00DD
:10FECC00149F0301000006A00301230006C80301D0
:10FEDC00070014D0030100000DD10301040003003E
:10FEEC0004014F00065004014D000CA00401090050
:10FEFC0003B00401230003D804012300060005010C
:10FF0C002700063005013300146F05010000037053
:10FF1C0005010A00037C05010E00038C0501060097
:10FF2C00039405010100039705010A0003A30501D1
:10FF3C000E0003B30501060003BB0501010006001A
:10FF4C00060136010640070115000660070107008F
:10FF5C0005800701050005870701290005B2070187
:10FF6C000800060008010500060808010000060A42
:10FF7C0008012B00063708010100063C08010000AF
:10FF8C00063F080116001457080100000E5808011E
:10FF9C0007000660080116001977080101000E79A8
:10FFAC0008010600068008011E000EA708010800C3
:10FFBC0006E00801120006F4080101000EFB08011E
:10FFCC0004000600090115000E1609010500141F96
:10FFDC0009010000062009011900143F0901000065
:10FFEC000680090137000EBC0901010006BE09019B
:04FFFC0001000EC032
:02000004600298
:1000000009010F000ED209012D0006000A010000AF
:100010000B010A0102000B050A0101000B0C0A0189
:10002000030006100A01030006150A010200061962
:100030000A011C000B380A0102000B3F0A010000F4
:100040000E400A01080014500A01080006600A0167
:100050001C000E7D0A010100147F0A0100000680C9
:100060000A011C000E9D0A01020006C00A010700D9
:1000700019C80A01000006C90A011B000BE50A01A4
:1000800001000EEB0A01040014F00A01060006004C
:100090000B01350014390B01060006400B01150059
:1000A0000E580B01070006600B0112000E780B01C1
:1000B000070006800B01110014990B0103000EA923
:1000C0000B01060006000C01480003800C01320001
:1000D00003C00C0132000EFA0C01050006000D01F0
:1000E00023000B240D0103000C300D0109000E60EC
:1000F0000E011E0006800E0129000BAB0E0101004F
:1001000010AD0E01000006B00E01010006000F0147
:100110001C000E1D0F01090006270F01000006300C
:100120000F0115000B460F010A000E510F010300CD
:1001300014550F01040006700F0111000B820F010E
:10014000030014860F01030006B00F0114000EC552
:100150000F01060006E00F01160009001001000063
:100160000B0110010000090210010000060310013C
:1001700034000B3810010E001447100106000E5217
:10018000100113000C66100109000B701001000033
:100190000671100101000B731001010006751001BA
:1001A00000000B7F1001020009821001000006838D
:1001B00010012C0009B0100102000BB31001030064
:1001C00009B7100101000BB91001010014BB1001A7
:1001D000010001BD1001000014BE100103000BC29C
:1001E0001001000001CD1001000006D01001180020
:1001F0000CF0100109000B001101020006031101AF
:1002000023000B2711010400092C110100000B2D04
:10021000110107000C3611010900144011010300FF
:1002200006441101000009451101010006471101B2
:1002300000000650110122000B731101000014741C
:10024000110101000676110100000B80110101006F
:10025000098211010000068311012F0009B3110169
:1002600002000BB61101080009BF1101010006C10F
:100270001101030014C5110103000BC91101030092
:1002800014CD1101000009CE110100000BCF1101A6
:1002900000000CD01101090006DA1101000014DB86
:1002A0001101000006DC1101000014DD1101020043
:1002B0000EE11101130006001201110006131201D4
:1002C0001800092C120102000B2F12010200093242
:1002D000120101000B341201000009351201000067
:1002E0000B36120101001438120105000B3E1201F9
:1002F0000000068012010600068812010000068A2E
:1003000012010300068F12010E00069F1201090060
:1003100014A91201000006B012012E000BDF120119
:10032000000009E0120102000BE3120107000CF0CB
:10033000120109000B001301010009021301010061
:10034000060513010700060F130101000613130130
:100350001500062A130106000632130101000635B6
:10036000130104000B3B13010100063D13010000C3
:10037000093E130101000B40130100000941130164
:100380000300094713010100094B13010200065045
:1003900013010000095713010000065D130104005A
:1003A0000962130101000B66130106000B701301B3
:1003B00004000600140134000935140102000B3852
:1003C000140107000940140101000B42140102004E
:1003D0000945140100000B461401000006471401F2
:1003E0000300144B140104000C5014010900145AAA
:1003F00014010100145D140100000B5E14010000E3
:10040000065F14010200068014012F0009B01401D8
:1004100002000BB31401050009B9140100000BBA66
:100420001401000009BB140103000BBF14010100FB
:1004300009C1140100000BC21401010006C414011B
:10044000010014C61401000006C7140100000CD0FE
:1004500014010900068015012E0009AF15010200E4
:100460000BB21501030009B8150103000BBC1501FF
:10047000010009BE150100000BBF1501010014C1E8
:100480001501160006D8150103000BDC150101004B
:10049000060016012F000930160102000B33160169
:1004A0000700093B160101000B3D16010000093E43
:1004B000160100000B3F1601010014411601020055
:1004C0000644160100000C501601090014601601C4
:1004D0000C00068016012A000BAB1601000009ACC7
:1004E000160100000BAD1601000009AE1601010057
:1004F0000BB01601050009B6160100000BB7160176
:10050000000006B81601000014B9160100000CC066
:1005100016010900060017011A000B1D1701020041
:100520000920170101000B221701030009261701FA
:1005300000000B27170104000C30170109000E3AC8
:1005400017010100143C17010200193F17010000B8
:10055000064017010600060018012B00092C18019F
:1005600002000B2F180108000938180100000B3990
:1005700018010100143B1801000003A018013F00FE
:100580000CE0180109000EEA1801080006FF180126
:100590000700060919010000060C190107000615DD
:1005A0001901010006181901170009301901050089
:1005B0000937190101000B3B19010100093D19011F
:1005C00000000B3E19010000063F19010000094020
:1005D000190100000641190100000942190100003B
:1005E0000B43190100001444190102000C501901B9
:1005F000090006A01901070006AA1901260009D161
:10060000190102000BD4190103000BDA19010100D2
:1006100009DC190103000BE01901000006E11901D2
:10062000000014E21901000006E31901000009E4CA
:100630001901000006001A0100000B011A0109004F
:10064000060B1A0127000B331A01050009391A019C
:100650000000063A1A0100000B3B1A010300143F88
:100660001A0107000B471A01000006501A0100008A
:100670000B511A01050009571A0101000B591A0103
:100680000200065C1A012D000B8A1A010C00099762
:100690001A0100000B981A010100149A1A010200B5
:1006A000069D1A010000149E1A01040006B01A01EA
:1006B000480006001C010800060A1C012400092F3E
:1006C0001C0100000B301C0106000B381C0105004A
:1006D000093E1C0100000B3F1C01000006401C01EC
:1006E000000014411C0104000C501C0109000E5AAA
:1006F0001C01120014701C01010006721C011D0077
:100700000B921C01150009A91C0100000BAA1C0179
:10071000060009B11C0100000BB21C01010009B464
:100720001C0100000BB51C01010006001D010600A4
:1007300006081D010100060B1D0125000B311D01DE
:1007400005000B3A1D0100000B3C1D0101000B3F91
:100750001D01060006461D0100000B471D0100009B
:100760000C501D01090006601D01050006671D01F2
:100770000100066A1D011F00098A1D0104000B907B
:100780001D01010009931D0101000B951D010000D1
:1007900009961D0100000B971D01000006981D0120
:1007A00000000CA01D01090006E01E0112000BF361
:1007B0001E01010009F51E01010014F71E010100D0
:1007C00006B01F0100000EC01F01140019D51F0143
:1007D000070016DD1F01030019E11F01100014FFBF
:1007E0001F0100000600200199030D0024016E0086
:1007F00014702401040006802401C30006902F0118
:10080000600014F12F010100060030012E040130B8
:10081000340108000600440146020600680138025F
:1008200006406A011E000C606A010900146E6A012C
:10083000010006706A014E000CC06A01090006D072
:100840006A011D000BF06A01040014F56A01000042
:1008500006006B012F000B306B01060014376B0193
:100860000400193C6B01030005406B0103001444B4
:100870006B01000019456B0100000C506B01090071
:100880000E5B6B01060006636B011400067D6B01B5
:10089000120003406E013F000E806E011600149797
:1008A0006E01030006006F014A000B4F6F0100004C
:1008B00006506F01000009516F0136000B8F6F0168
:1008C000030005936F010C0005E06F01010014E2C5
:1008D0006F01000005E36F0100000BE46F010000F1
:1008E00009F06F01010006007001F717060088018A
:1008F000D50406008D01080005F0AF01030005F5E1
:10090000AF01060005FDAF0101000600B0012201A4
:100910000650B10102000664B10103000670B10186
:100920008B010600BC016A000670BC010C00068049
:10093000BC0108000690BC010900199CBC01000024
:100940000B9DBC010100149FBC01000001A0BC0173
:1009500003000B00CF012D000B30CF011600195002
:10096000CF0173001900D001F5001900D101260054
:100970001929D1013B000965D10101000B67D101A3
:100980000200196AD1010200096DD101050001734D
:10099000D10107000B7BD10107001983D1010100B0
:1009A0000B85D1010600198CD1011D000BAAD101C4
:1009B000030019AED1013C001900D20141000B42E5
:1009C000D20102001945D20100000EE0D20113004D
:1009D0001900D30156000E60D30118000800D4019D
:1009E0001900041AD40119000834D4011900044E66
:1009F000D40106000456D40111000868D40119007E
:100A00000482D4011900089CD4010000089ED4017E
:100A1000010008A2D401000008A5D401010008A922
:100A2000D401030008AED401070004B6D4010300CA
:100A300004BBD401000004BDD401060004C5D401E8
:100A40000A0008D0D401190004EAD40119000804EE
:100A5000D50101000807D5010300080DD5010700E5
:100A60000816D5010600041ED50119000838D50165
:100A70000100083BD50103000840D50104000846E9
:100A8000D5010000084AD50106000452D50119001D
:100A9000086CD50119000486D501190008A0D501FC
:100AA000190004BAD501190008D4D501190004EEC3
:100AB000D50119000808D60119000422D601190031
:100AC000083CD60119000456D60119000870D60159
:100AD0001900048AD6011B0008A8D601180018C105
:100AE000D601000004C2D601180018DBD6010000B0
:100AF00004DCD601050008E2D601180018FBD60177
:100B0000000004FCD60118001815D70100000416D7
:100B1000D7010500081CD70118001835D7010000BF
:100B20000436D7011800184FD70100000450D70130
:100B300005000856D7011800186FD701000004708F
:100B4000D70118001889D7010000048AD7010500D1
:100B50000890D701180018A9D701000004AAD701EE
:100B6000180018C3D701000004C4D701050008CA43
:100B7000D701000004CBD70100000CCED701310013
:100B80001900D801FF010B00DA0136001937DA012C
:100B900003000B3BDA013100196DDA0107000B7518
:100BA000DA0100001976DA010D000B84DA01000089
:100BB0001985DA0101001487DA0104000B9BDA01C0
:100BC00004000BA1DA010E000400DF010900060A8F
:100BD000DF010000040BDF0113000B00E001060041
:100BE0000B08E00110000B1BE00106000B23E001E5
:100BF00001000B26E00104000600E1012C000B308F
:100C0000E10106000537E10106000C40E1010900A1
:100C1000064EE1010000194FE10100000690E201DB
:100C20001D000BAEE201000006C0E2012B000BEC40
:100C3000E20103000CF0E201090016FFE2010000EE
:100C400006E0E701060006E8E701030006EDE7011C
:100C5000010006F0E7010E000600E801C4000EC71F
:100C6000E80108000BD0E80106000300E901430099
:100C70000B44E9010600054BE90100000C50E901B5
:100C80000900145EE90101000E71EC013A0019AC93
:100C9000EC0100000EADEC01020016B0EC0100000A
:100CA0000EB1EC0103000E01ED012C00192EED0137
:100CB00000000E2FED010E000600EE0103000605F8
:100CC000EE011A000621EE0101000624EE010000EB
:100CD0000627EE0100000629EE0109000634EE01A8
:100CE00003000639EE010000063BEE01000006425B
:100CF000EE0100000647EE0100000649EE0100008B
:100D0000064BEE010000064DEE0102000651EE0119
:100D100001000654EE0100000657EE0100000659DE
:100D2000EE010000065BEE010000065DEE01000032
:100D3000065FEE0100000661EE0101000664EE01AF
:100D400000000667EE010300066CEE010600067463
:100D5000EE0103000679EE010300067EEE010000BD
:100D60000680EE010900068BEE01100006A1EE01DF
:100D7000020006A5EE01040006ABEE01100018F01B
:100D8000EE0101001900F0012B001930F0016300A1
:100D900019A0F0010E0019B1F0010E0019C1F00107
:100DA0000E0019D1F00124000E00F1010C00190D04
:100DB000F101A00019E6F1011C001910F2012B004D
:100DC0001940F20108001950F20101001960F20106
:100DD00005001900F301FA0017FBF30104001900E4
:100DE000F401D70219DDF6010F0019F0F6010C002D
:100DF0001900F70173001980F701580019E0F70195
:100E00000B0019F0F70100001900F8010B00191090
:100E1000F80137001950F80109001960F80127009E
:100E20001990F8011D0019B0F80101001900F9012D
:100E300053011960FA010D001970FA0104001978C4
:100E4000FA0104001980FA0106001990FA011C0049
:100E500019B0FA010A0019C0FA01050019D0FA0107
:100E6000090019E0FA01070019F0FA01060019005B
:100E7000FB0192001994FB0136000CF0FB01090004
:100E800006000002DFA60600A70238100640B702DF
:100E9000DD000620B802811606B0CE02301D060025
:100EA000F8021D02060000034A130101000E0000B3
:100EB0000120000E5F000B00010EEF0066775F74EB
:100EC00065656E73793430000C5F104E154E2A4EF6
:100ED000314E364E3C4E3F4E424E564E584E824E4E
:100EE000854E6B8C8A4E12820D5F8E4E9E4E9F4EAB
:100EF000A04EA24EB04EB34EB64ECE4ECD4EC44EC8
:100F0000C64EC24ED74EDE4EED4EDF4EF74E094F67
:100F10005A4F304F5B4F5D4F574F474F764F884F7B
:100F20008F4F984F7B4F694F704F914F6F4F864F48
:100F3000964F1851D44FDF4FCE4FD84FDB4FD14F84
:100F4000DA4FD04FE44FE54F1A50285014502A5032
:100F5000255005501C4FF64F215029502C50FE4F64
:100F6000EF4F1150065043504750036755505050B3
:100F700048505A5056506C50785080509A50855076
:100F8000B450B250C950CA50B350C250D650DE50BF
:100F9000E550ED50E350EE50F950F5500951015134
:100FA00002511651155114511A5121513A513751CC
:100FB0003C513B513F51405152514C51545162515F
:100FC000F87A69516A516E5180518251D8568C51CC
:100FD00089518F519151935195519651A451A651D8
:100FE000A251A951AA51AB51B351B151B251B05113
:100FF000B551BD51C551C951DB51E0515586E9513B
:10100000ED51F051F551FE5104520B5214520E5253
:1010100027522A522E52335239524F5244524B5277
:101020004C525E5254526A527452695273527F52F9
:101030007D528D5294529252715288529152A88F81
:10104000A78FAC52AD52BC52B552C152CD52D752FD
:10105000DE52E352E652ED98E052F352F552F85266
:10106000F9520653085338750D5310530F53155347
:101070001A5323532F53315333533853405346534A
:101080004553174E49534D53D6515E5369536E53D2
:1010900018597B53775382539653A053A653A553A5
:1010A000AE53B053B653C353127CD996DF53FC668C
:1010B000EE71EE53E853ED53FA5301543D5440544E
:1010C0002C542D543C542E54365429541D544E54F3
:1010D0008F5475548E545F54715477547054925495
:1010E0007B5480547654845490548654C754A254EC
:1010F000B854A554AC54C454C854A854AB54C254A6
:10110000A454BE54BC54D854E554E6540F55145559
:10111000FD54EE54ED54FA54E2543955405563559C
:101120004C552E555C5545555655575538553355E4
:101130005D5599558055AF548A559F557B557E55C1
:1011400098559E55AE557C558355A9558755A8553C
:10115000DA55C555DF55C455DC55E455D4551456FC
:10116000F7551656FE55FD551B56F9554E56505619
:10117000DF7134563656325638566B5664562F56F3
:101180006C566A56865680568A56A05694568F5686
:10119000A556AE56B656B456C256BC56C156C356E0
:1011A000C056C856CE56D156D356D756EE56F956D7
:1011B0000057FF560457095708570B570D57135739
:1011C00018571657C7551C572657375738574E5775
:1011D0003B5740574F576957C057885761577F57FC
:1011E00089579357A057B357A457AA57B057C35717
:1011F000C657D457D257D3570A58D657E3570B5828
:1012000019581D587258215862584B587058C06B65
:1012100052583D5879588558B9589F58AB58BA58C4
:10122000DE58BB58B858AE58C558D358D158D758BF
:10123000D958D858E558DC58E458DF58EF58FA58D0
:10124000F958FB58FC58FD5802590A5910591B59B6
:10125000A66825592C592D59325938593E59D27AF8
:10126000555950594E595A595859625960596759E8
:101270006C596959785981599D595E4FAB4FA359A3
:10128000B259C659E859DC598D59D959DA59255AF4
:101290001F5A115A1C5A095A1A5A405A6C5A495A1A
:1012A000355A365A625A6A5A9A5ABC5ABE5ACB5A58
:1012B000C25ABD5AE35AD75AE65AE95AD65AFA5A86
:1012C000FB5A0C5B0B5B165B325BD05A2A5B365BBE
:1012D0003E5B435B455B405B515B555B5A5B5B5BD5
:1012E000655B695B705B735B755B785B88657A5B7C
:1012F000805B835BA65BB85BC35BC75BC95BD45B8E
:10130000D05BE45BE65BE25BDE5BE55BEB5BF05BEB
:10131000F65BF35B055C075C085C0D5C135C205CB2
:10132000225C285C385C395C415C465C4E5C535CFA
:10133000505C4F5C715B6C5C6E5C624E765C795CA1
:101340008C5C915C945C9B59AB5CBB5CB65CBC5C9C
:10135000B75CC55CBE5CC75CD95CE95CFD5CFA5CF3
:10136000ED5C8C5DEA5C0B5D155D175D5C5D1F5D82
:101370001B5D115D145D225D1A5D195D185D4C5D8C
:10138000525D4E5D4B5D6C5D735D765D875D845D2A
:10139000825DA25D9D5DAC5DAE5DBD5D905DB75D46
:1013A000BC5DC95DCD5DD35DD25DD65DDB5DEB5DC2
:1013B000F25DF55D0B5E1A5E195E115E1B5E365EB8
:1013C000375E445E435E405E4E5E575E545E5F5ED7
:1013D000625E645E475E755E765E7A5EBC9E7F5E30
:1013E000A05EC15EC25EC85ED05ECF5ED65EE35ECA
:1013F000DD5EDA5EDB5EE25EE15EE85EE95EEC5EEB
:10140000F15EF35EF05EF45EF85EFE5E035F095F20
:101410005D5F5C5F0B5F115F165F295F2D5F385F5B
:10142000415F485F4C5F4E5F2F5F515F565F575F74
:10143000595F615F6D5F735F775F835F825F7F5F1F
:101440008A5F885F915F875F9E5F995F985FA05F0B
:10145000A85FAD5FBC5FD65FFB5FE45FF85FF15FE5
:10146000DD5FB360FF5F216060601960106029601C
:101470000E6031601B6015602B6026600F603A6063
:101480005A6041606A6077605F604A6046604D60A4
:1014900063604360646042606C606B60596081604F
:1014A0008D60E76083609A6084609B60966097605F
:1014B0009260A7608B60E160B860E060D360B46068
:1014C000F05FBD60C660B560D8604D6115610661B2
:1014D000F660F7600061F460FA6003612161FB600F
:1014E000F1600D610E6147613E61286127614A61CB
:1014F0003F613C612C6134613D61426144617361D3
:101500007761586159615A616B6174616F6165619E
:1015100071615F615D615361756199619661876118
:10152000AC6194619A618A619161AB61AE61CC6199
:10153000CA61C961F761C861C361C661BA61CB6143
:10154000797FCD61E661E361F661FA61F461FF6183
:10155000FD61FC61FE610062086209620D620C625D
:1015600014621B621E6221622A622E623062326243
:10157000336241624E625E6263625B6260626862B5
:101580007C62826289627E62926293629662D462B7
:1015900083629462D762D162BB62CF62FF62C6622D
:1015A000D464C862DC62CC62CA62C262C7629B62F7
:1015B000C9620C63EE62F162276302630863EF6243
:1015C000F56250633E634D631C644F6396638E63A4
:1015D0008063AB637663A3638F6389639F63B56343
:1015E0006B636963BE63E963C063C663E363C96336
:1015F000D263F663C46316643464066413642664B9
:1016000036641D65176428640F6467646F647664CC
:101610004E642A6595649364A564A9648864BC6477
:10162000DA64D264C564C764BB64D864C264F1641C
:10163000E7640982E064E164AC62E364EF642C6512
:10164000F664F464F264FA640065FD6418651C6570
:101650000565246523652B65346535653765366515
:1016600038654B754865566555654D6558655E65C9
:101670005D6572657865826583658A8B9B659F650C
:10168000AB65B765C365C665C165C465CC65D26524
:10169000DB65D965E065E165F16572670A66036639
:1016A000FB6573673566366634661C664F6644664E
:1016B000496641665E665D666466676668665F6623
:1016C00062667066836688668E66896684669866DA
:1016D0009D66C166B966C966BE66BC66C466B86604
:1016E000D666DA66E0663F66E666E966F066F56647
:1016F000F7660F6716671E672667276738972E6796
:101700003F67366741673867376746675E67606778
:1017100059676367646789677067A9677C676A67E9
:101720008C678B67A667A1678567B767EF67B46744
:10173000EC67B367E967B867E467DE67DD67E267B0
:10174000EE67B967CE67C667E7679C6A1E6846683A
:10175000296840684D6832684E68B3682B685968DC
:10176000636877687F689F688F68AD6894689D68D4
:101770009B688368AE6AB9687468B568A068BA681F
:101780000F698D687E680169CA680869D86822692E
:101790002669E1680C69CD68D468E768D568366960
:1017A00012690469D768E3682569F968E068EF6839
:1017B00028692A691A6923692169C668796977697C
:1017C0005C6978696B6954697E696E6939697469A5
:1017D0003D695969306961695E695D6981696A69F4
:1017E000B269AE69D069BF69C169D369BE69CE69A2
:1017F000E85BCA69DD69BB69C369A7692E6A91693B
:10180000A0699C699569B469DE69E869026A1B6A26
:10181000FF690A6BF969F269E769056AB1691E6ACD
:10182000ED69146AEB690A6A126AC16A236A136A6B
:10183000446A0C6A726A366A786A476A626A596AE6
:10184000666A486A386A226A906A8D6AA06A846AFF
:10185000A26AA36A976A1786BB6AC36AC26AB86A31
:10186000B36AAC6ADE6AD16ADF6AAA6ADA6AEA6ACD
:10187000FB6A056B1686FA6A126B166B319B1F6B3F
:10188000386B376BDC76396BEE98476B436B496B83
:10189000506B596B546B5B6B5F6B616B786B796BE7
:1018A0007F6B806B846B836B8D6B986B956B9E6B82
:1018B000A46BAA6BAB6BAF6BB26BB16BB36BB76B5B
:1018C000BC6BC66BCB6BD36BDF6BEC6BEB6BF36BF7
:1018D000EF6BBE9E086C136C146C1B6C246C236C39
:1018E0005E6C556C626C6A6C826C8D6C9A6C816CEF
:1018F0009B6C7E6C686C736C926C906CC46CF16CBD
:10190000D36CBD6CD76CC56CDD6CAE6CB16CBE6C51
:10191000BA6CDB6CEF6CD96CEA6C1F6D4D88366D60
:101920002B6D3D6D386D196D356D336D126D0C6D10
:10193000636D936D646D5A6D796D596D8E6D956D96
:10194000E46F856DF96D156E0A6EB56DC76DE66D48
:10195000B86DC66DEC6DDE6DCC6DE86DD26DC56D8C
:10196000FA6DD96DE46DD56DEA6DEE6D2D6E6E6E0E
:101970002E6E196E726E5F6E3E6E236E6B6E2B6EE8
:10198000766E4D6E1F6E436E3A6E4E6E246EFF6E17
:101990001D6E386E826EAA6E986EC96EB76ED36E6B
:1019A000BD6EAF6EC46EB26ED46ED56E8F6EA56E08
:1019B000C26E9F6E416F116F4C70EC6EF86EFE6ED2
:1019C0003F6FF26E316FEF6E326FCC6E3E6F136F02
:1019D000F76E866F7A6F786F816F806F6F6F5B6F56
:1019E000F36F6D6F826F7C6F586F8E6F916FC26FE8
:1019F000666FB36FA36FA16FA46FB96FC66FAA6F45
:101A0000DF6FD56FEC6FD46FD86FF16FEE6FDB6F58
:101A100009700B70FA6F117001700F70FE6F1B7000
:101A20001A70746F1D7018701F7030703E703270B5
:101A30005170637099709270AF70F170AC70B87043
:101A4000B370AE70DF70CB70DD70D9700971FD704E
:101A50001C711971657155718871667162714C7173
:101A600056716C718F71FB7184719571A871AC7135
:101A7000D771B971BE71D271C971D471CE71E07173
:101A8000EC71E771F571FC71F971FF710D721072F3
:101A90001B7228722D722C72307232723B723C7241
:101AA0003F72407246724B72587274727E728272CA
:101AB0008172877292729672A272A772B972B272B2
:101AC000C372C672C472CE72D272E272E072E172F6
:101AD000F972F7720F5017730A731C7316731D7324
:101AE00034732F73297325733E734E734F73D89ECF
:101AF00057736A7368737073787375737B737A73D3
:101B0000C873B373CE73BB73C073E573EE73DE73C8
:101B1000A27405746F742574F87332743A74557432
:101B20003F745F74597441745C7469747074637445
:101B30006A7476747E748B749E74A774CA74CF743E
:101B4000D474F173E074E374E774E974EE74F274BE
:101B5000F074F174F874F7740475037505750C75F9
:101B60000E750D75157513751E7526752C753C75DE
:101B700044754D754A7549755B7546755A75697535
:101B8000647567756B756D7578757675867587750F
:101B900074758A758975827594759A759D75A57524
:101BA000A375C275B375C375B575BD75B875BC75CC
:101BB000B175CD75CA75D275D975E375DE75FE75CB
:101BC000FF75FC750176F075FA75F275F3750B7695
:101BD0000D7609761F762776207621762276247672
:101BE000347630763B764776487646765C7658761D
:101BF00061766276687669766A7667766C767076F4
:101C00007276767678767C768076837688768B7632
:101C10008E769676937699769A76B076B476B8760E
:101C2000B976BA76C276CD76D676D276DE76E1769B
:101C3000E576E776EA762F86FB76087707770477EE
:101C4000297724771E77257726771B77377738779C
:101C500047775A7768776B775B7765777F777E779B
:101C600079778E778B779177A0779E77B077B677F5
:101C7000B977BF77BC77BD77BB77C777CD77D77795
:101C8000DA77DC77E377EE77FC770C7812782679D1
:101C900020782A7945788E78747886787C789A7856
:101CA0008C78A378B578AA78AF78D178C678CB78D5
:101CB000D478BE78BC78C578CA78EC78E778DA78DA
:101CC000FD78F47807791279117919792C792B79C3
:101CD0004079607957795F795A79557953797A796A
:101CE0007F798A799D79A7794B9FAA79AE79B37963
:101CF000B979BA79C979D579E779EC79E179E37974
:101D0000087A0D7A187A197A207A1F7A8079317ACE
:101D10003B7A3E7A377A437A577A497A617A627A9D
:101D2000697A9D9F707A797A7D7A887A977A957A9E
:101D3000987A967AA97AC87AB07AB67AC57AC47A45
:101D4000BF7A8390C77ACA7ACD7ACF7AD57AD37A96
:101D5000D97ADA7ADD7AE17AE27AE67AED7AF07A9D
:101D6000027B0F7B0A7B067B337B187B197B1E7BF8
:101D7000357B287B367B507B7A7B047B4D7B0B7BD2
:101D80004C7B457B757B657B747B677B707B717B54
:101D90006C7B6E7B9D7B987B9F7B8D7B9C7B9A7BFA
:101DA0008B7B927B8F7B5D7B997BCB7BC17BCC7B61
:101DB000CF7BB47BC67BDD7BE97B117C147CE67B2F
:101DC000E57B607C007C077C137CF37BF77B177CD6
:101DD0000D7CF67B237C277C2A7C1F7C377C2B7C2C
:101DE0003D7C4C7C437C547C4F7C407C507C587CBC
:101DF0005F7C647C567C657C6C7C757C837C907C91
:101E0000A47CAD7CA27CAB7CA17CA87CB37CB27CA6
:101E1000B17CAE7CB97CBD7CC07CC57CC27CD87CEE
:101E2000D27CDC7CE27C3B9BEF7CF27CF47CF67C1D
:101E3000FA7C067D027D1C7D157D0A7D457D4B7DEE
:101E40002E7D327D3F7D357D467D737D567D4E7D79
:101E5000727D687D6E7D4F7D637D937D897D5B7D29
:101E60008F7D7D7D9B7DBA7DAE7DA37DB57DC77D5C
:101E7000BD7DAB7D3D7EA27DAF7DDC7DB87D9F7D50
:101E8000B07DD87DDD7DE47DDE7DFB7DF27DE17D75
:101E9000057E0A7E237E217E127E317E1F7E097E94
:101EA0000B7E227E467E667E3B7E357E397E437E7D
:101EB000377E327E3A7E677E5D7E567E5E7E597EBE
:101EC0005A7E797E6A7E697E7C7E7B7E837ED57D2E
:101ED0007D7EAE8F7F7E887E897E8C7E927E907E98
:101EE000937E947E967E8E7E9B7E9C7E387F3A7F0C
:101EF000457F4C7F4D7F4E7F507F517F557F547F74
:101F0000587F5F7F607F687F697F677F787F827F90
:101F1000867F837F887F877F8C7F947F9E7F9D7F56
:101F20009A7FA37FAF7FB27FB97FAE7FB67FB87F46
:101F3000718BC57FC67FCA7FD57FD47FE17FE67F67
:101F4000E97FF37FF97FDC98068004800B801280A4
:101F5000188019801C80218028803F803B804A8027
:101F60004680528058805A805F806280688073808B
:101F700072807080768079807D807F80848086808A
:101F800085809B8093809A80AD809051AC80DB806F
:101F9000E580D980DD80C480DA80D6800981EF8039
:101FA000F1801B81298123812F814B818B96468172
:101FB0003E8153815181FC8071816E816581668192
:101FC0007481838188818A8180818281A0819581C9
:101FD000A481A3815F819381A981B081B581BE81F4
:101FE000B881BD81C081C281BA81C981CD81D181D1
:101FF000D981D881C881DA81DF81E081E781FA81E6
:10200000FB81FE8101820282058207820A820D82A3
:102010001082168229822B82388233824082598232
:1020200058825D825A825F826482628268826A829A
:102030006B822E827182778278827E828D829282FA
:10204000AB829F82BB82AC82E182E382DF82D2825A
:10205000F482F382FA8293830383FB82F982DE8225
:102060000683DC820983D9823583348316833283E5
:10207000318340833983508345832F832B83178398
:10208000188385839A83AA839F83A283968323835D
:102090008E8387838A837C83B58373837583A083D0
:1020A0008983A883F4831384EB83CE83FD83038425
:1020B000D8830B84C183F7830784E083F2830D8484
:1020C00022842084BD8338840685FB836D842A8422
:1020D0003C845A85848477846B84AD846E84828446
:1020E000698446842C846F8479843584CA846284AC
:1020F000B984BF849F84D984CD84BB84DA84D0849E
:10210000C184C684D684A1842185FF84F484178584
:1021100018852C851F8515851485FC84408563856D
:1021200058854885418502864B8555858085A485DF
:10213000888591858A85A8856D8594859B85EA85A6
:1021400087859C8577857E859085C985BA85CF856D
:10215000B985D085D585DD85E585DC85F9850A8657
:1021600013860B86FE85FA85068622861A863086B9
:102170003F864D86554E54865F8667867186938668
:10218000A386A986AA868B868C86B686AF86C486E9
:10219000C686B086C9862388AB86D486DE86E98665
:1021A000EC86DF86DB86EF86128706870887008746
:1021B0000387FB86118709870D87F9860A8734878D
:1021C0003F8737873B87258729871A8760875F87FF
:1021D00078874C874E877487578768876E875987BB
:1021E000538763876A870588A2879F878287AF871F
:1021F000CB87BD87C087D087D696AB87C487B38788
:10220000C787C687BB87EF87F287E0870F880D886F
:10221000FE87F687F7870E88D2871188168815887B
:102220002288218831883688398827883B884488E5
:102230004288528859885E8862886B8881887E8847
:102240009E8875887D88B5887288828897889288EC
:10225000AE889988A2888D88A488B088BF88B18804
:10226000C388C488D488D888D988DD88F988028949
:10227000FC88F488E888F28804890C890A89138923
:1022800043891E8925892A892B89418944893B896B
:10229000368938894C891D8960895E896689648997
:1022A0006D896A896F89748977897E89838988892C
:1022B0008A8993899889A189A989A689AC89AF89D6
:1022C000B289BA89BD89BF89C089DA89DC89DD898B
:1022D000E789F489F889038A168A108A0C8A1B8A8E
:1022E0001D8A258A368A418A5B8A528A468A488AAA
:1022F0007C8A6D8A6C8A628A858A828A848AA88AA4
:10230000A18A918AA58AA68A9A8AA38AC48ACD8A32
:10231000C28ADA8AEB8AF38AE78AE48AF18A148B22
:10232000E08AE28AF78ADE8ADB8A0C8B078B1A8BBB
:10233000E18A168B108B178B208B338BAB97268BF8
:102340002B8B3E8B288B418B4C8B4F8B4E8B498B31
:10235000568B5B8B5A8B6B8B5F8B6C8B6F8B748B01
:102360007D8B808B8C8B8E8B928B938B968B998BAA
:102370009A8B3A8C418C3F8C488C4C8C4E8C508C78
:10238000558C628C6C8C788C7A8C828C898C858C48
:102390008A8C8D8C8E8C948C7C8C988C1D62AD8CF0
:1023A000AA8CBD8CB28CB38CAE8CB68CC88CC18C14
:1023B000E48CE38CDA8CFD8CFA8CFB8C048D058D1F
:1023C0000A8D078D0F8D0D8D108D4E9F138DCD8C29
:1023D000148D168D678D6D8D718D738D818D998D99
:1023E000C28DBE8DBA8DCF8DDA8DD68DCC8DDB8D25
:1023F000CB8DEA8DEB8DDF8DE38DFC8D088E098E04
:10240000FF8D1D8E1E8E108E1F8E428E358E308E4D
:10241000348E4A8E478E498E4C8E508E488E598E01
:10242000648E608E2A8E638E558E768E728E7C8E32
:10243000818E878E858E848E8B8E8A8E938E918EE2
:10244000948E998EAA8EA18EAC8EB08EC68EB18ED1
:10245000BE8EC58EC88ECB8EDB8EE38EFC8EFB8E41
:10246000EB8EFE8E0A8F058F158F128F198F138FAB
:102470001C8F1F8F1B8F0C8F268F338F3B8F398FB5
:10248000458F428F3E8F4C8F498F468F4E8F578F8F
:102490005C8F628F638F648F9C8F9F8FA38FAD8FB4
:1024A000AF8FB78FDA8FE58FE28FEA8FEF8F87904C
:1024B000F48F0590F98FFA8F1190159021900D905F
:1024C0001E9016900B902790369035903990F88F8B
:1024D0004F905090519052900E9049903E9056904F
:1024E00058905E9068906F907690A89672908290C7
:1024F0007D90819080908A9089908F90A890AF90E5
:10250000B190B590E290E4904862DB900291129114
:102510001991329130914A915691589163916591F8
:102520006991739172918B9189918291A291AB91F2
:10253000AF91AA91B591B491BA91C091C191C9914D
:10254000CB91D091D691DF91E191DB91FC91F59106
:10255000F6911E92FF9114922C92159211925E9216
:102560005792459249926492489295923F924B922B
:1025700050929C92969293929B925A92CF92B99239
:10258000B792E9920F93FA9244932E931993229360
:102590001A9323933A9335933B935C9360937C9384
:1025A0006E935693B093AC93AD939493B993D693A3
:1025B000D793E893E593D893C393DD93D093C893CF
:1025C000E4931A94149413940394079410943694F7
:1025D0002B94359421943A944194529444945B946E
:1025E000609462945E946A9429927094759477943E
:1025F0007D945A947C947E9481947F94829587955F
:102600008A959495969598959995A095A895A7954E
:10261000AD95BC95BB95B995BE95CA95F66FC3951A
:10262000CD95CC95D595D495D695DC95E195E59548
:10263000E295219628962E962F9642964C964F9686
:102640004B9677965C965E965D965F9666967296CA
:102650006C968D96989695969796AA96A796B1960B
:10266000B296B096B496B696B896B996CE96CB96E4
:10267000C996CD964D89DC960D97D596F996049717
:102680000697089713970E9711970F971697199714
:1026900024972A97309739973D973E9744974697C6
:1026A0004897429749975C976097649766976897B1
:1026B000D2526B977197799785977C9781977A9784
:1026C00086978B978F9790979C97A897A697A39795
:1026D000B397B497C397C697C897CB97DC97ED97F6
:1026E0004F9FF297DF7AF697F5970F980C983898E6
:1026F0002498219837983D9846984F984B986B9816
:102700006F987098719874987398AA98AF98B198C8
:10271000B698C498C398C698E998EB980399099914
:1027200012991499189921991D991E992499209903
:102730002C992E993D993E994299499945995099DC
:102740004B99519952994C99559997999899A5995E
:10275000AD99AE99BC99DF99DB99DD99D899D1995A
:10276000ED99EE99F199F299FB99F899019A0F9ADE
:10277000059AE299199A2B9A379A459A429A409A61
:10278000439A3E9A559A4D9A5B9A579A5F9A629AE3
:10279000659A649A699A6B9A6A9AAD9AB09ABC9A49
:1027A000C09ACF9AD19AD39AD49ADE9ADF9AE29AB3
:1027B000E39AE69AEF9AEB9AEE9AF49AF19AF79ADC
:1027C000FB9A069B189B1A9B1F9B229B239B259B76
:1027D000279B289B299B2A9B2E9B2F9B329B449BAC
:1027E000439B4F9B4D9B4E9B519B589B749B939B34
:1027F000839B919B969B979B9F9BA09BA89BB49B25
:10280000C09BCA9BB99BC69BCF9BD19BD29BE39B92
:10281000E29BE49BD49BE19B3A9CF29BF19BF09B57
:10282000159C149C099C139C0C9C069C089C129C57
:102830000A9C049C2E9C1B9C259C249C219C309CC7
:10284000479C329C469C3E9C5A9C609C679C769C14
:10285000789CE79CEC9CF09C099D089DEB9C039D5B
:10286000069D2A9D269DAF9D239D1F9D449D159DE0
:10287000129D419D3F9D3E9D469D489D5D9D5E9D57
:10288000649D519D509D599D729D899D879DAB9DD5
:102890006F9D7A9D9A9DA49DA99DB29DC49DC19D49
:1028A000BB9DB89DBA9DC69DCF9DC29DD99DD39D10
:1028B000F89DE69DED9DEF9DFD9D1A9E1B9E1E9E23
:1028C000759E799E7D9E819E889E8B9E8C9E929EFB
:1028D000959E919E9D9EA59EA99EB89EAA9EAD9EE8
:1028E0006197CC9ECE9ECF9ED09ED49EDC9EDE9ED7
:1028F000DD9EE09EE59EE89EEF9EF49EF69EF79E8E
:10290000F99EFB9EFC9EFD9E079F089FB776159F34
:10291000219F2C9F3E9F4A9F529F549F639F5F9F82
:10292000609F619F669F679F6C9F6A9F779F729F62
:10293000769F959F9C9FA09F2F58C769599064745C
:10294000DC51997100000042C8801F40B8821F40CE
:102950000800000000000042C4801F40B4821F40F5
:102960000400000000C0004224801F4014821F4069
:102970001000000000C0004228801F4018821F4045
:102980002000000000C000422C801F401C821F401D
:102990004000000000C0004234801F4024821F40DD
:1029A000000100000040004264811F4054831F402A
:1029B000000400000040004280811F4070831F40DF
:1029C00000000200004000427C811F406C831F40D9
:1029D000000001000040004268811F4058831F40F2
:1029E00000080000004000423C811F402C831F4033
:1029F000010000000040004244811F4034831F401A
:102A0000040000000040004240811F4030831F400E
:102A1000020000000040004248811F4038831F40F0
:102A2000080000000000004204811F40F4821F40A3
:102A3000000004000000004208811F40F8821F408F
:102A4000000008000000004218811F4008831F405A
:102A5000000080000000004214811F4004831F40DA
:102A6000000040000000004200811F40F0821F4033
:102A70000000020000000042FC801F40EC821F406A
:102A8000000001000000004224811F4014831F4009
:102A9000000000040000004228811F4018831F40EE
:102AA00000000008000000421C811F400C831F40F2
:102AB000000000010000004220811F4010831F40E1
:102AC0000000000200000042EC801F40DC821F403A
:102AD0000010000000000042F0801F40E0821F4014
:102AE000002000000000004234811F4024831F406A
:102AF000000000400000004238811F4028831F4032
:102B0000000000800080004294801F4084821F40AB
:102B10000000040000C0004290801F4080821F40DF
:102B20000000008000800042A8801F4098821F4063
:102B30000000800000800042A4801F4094821F405B
:102B400000004000004000426C811F405C831F4039
:102B50000010000000C0004230801F4020821F4053
:102B60008000000000800042C8811F40B8831F40E1
:102B70000080000000800042C4811F40B4831F40D9
:102B80000040000000800042C0811F40B0831F4011
:102B90000020000000800042BC811F40AC831F4029
:102BA0000010000000800042D0811F40C0831F4001
:102BB0000000020000800042CC811F40BC831F4007
:102BC0000000010035000000CEFBFFFFCB0300003A
:102BD000010000000000000034000000CEFBFFFFF9
:102BE000CB030000010000000000000053544154DA
:102BF00055533A46575F4552524F523A777269746D
:102C00006500000046575F53455249414C5F4245BD
:102C100047494E3A000000005354415455533A4638
:102C2000575F4552524F523A6275666665720000B0
:102C30005B46575D20726563656976696E67200043
:102C4000206279746573000046575F5345524941CD
:102C50004C5F454E440000005354415455533A468E
:102C6000575F4552524F523A73697A65000000002F
:102C70005354415455533A46575F444F4E45000014
:102C80005354415455533A46575F4552524F523A66
:102C90006170706C7900000053414C415F53594E94
:102CA000435F50494E473A00506C61796572206825
:102CB00065617274626561743A20756E6D757465D4
:102CC0006400000053414C415F53594E435F414300
:102CD0004B3A415554484F52495A45445F52454337
:102CE000454956455200000053414C415F53594EEF
:102CF000435F51554552593A494E464F0000000036
:102D000053414C415F53594E435F524553503A0033
:102D100053573D003B48573D00000000312E310025
:102D20003B49443D000000002530386C58253038C0
:102D30006C5800003B54454D503D000053414C4100
:102D40005F53594E435F5245424F4F5400000000BD
:102D500053414C415F53594E435F564F4C5F4C4972
:102D60004D49543A0000000025662C2566000000FD
:102D7000506C617965722068656172746265617416
:102D8000206C6F73743A206D7574656400000000E8
:102D9000535044494620666F6C6C6F7765723A20D9
:102DA000756E6D75746564005350444946206C6FB0
:102DB00073743A206D7574656400000005000000AE
:102DC000190000007D00000007080C0B06050F002D
:102DD0000D0E0102838407080C0B06050F000D0E73
:102DE000010283843D3D3D3D3D3D3D3D3D3D3D3DFD
:102DF0003D3D3D3D3D3D3D3D3D3D3D3D3D3D3D3D03
:102E00003D3D3D3D3D3D3D3D3D3D3D3D00000000E6
:102E1000536F756E64204C6F756E6765205A6F6EC8
:102E20006573204E6578742000000000312E312E2D
:102E300030000000426F6F74206D757465643B2034
:102E400077616974696E6720666F7220506C617972
:102E5000657220686561727462656174206F7220AA
:102E600053504449460000004C435F434F4C4C4193
:102E7000544500004C435F43545950450000000046
:102E80004C435F4D4F4E4554415259004C435F4EA9
:102E9000554D4552494300004C435F54494D450050
:102EA0004C435F4D455353414745530000010000DB
:102EB0000C8700201200000000060000B41F006014
:102EC0000A00000000020000501F006062000000C5
:102ED00000070000EC1E006062000000EE0300002E
:102EE0004887002012000000000004EE2087002028
:102EF0002800000000030000E81E00600000000041
:102F000001030904D01E0060000000000203090450
:102F1000B81E006000000000030309045C87002065
:102F200000000000000000000000000000000000A1
:102F30003030303030303030303030303030303091
:102F40003030303030303030303030303030303081
:102F5000000000000000000070160120D8160120BB
:102F600040170120000000000000000000000000E9
:102F70000000000000000000000000000000000051
:102F80000000000000000000000000000000000041
:102F90000000000000000000000000000000000031
:102FA0000000000000000000000000000000000021
:102FB0000000000000000000000000000000000011
:102FC0000000000000000000000000000000000001
:102FD00000000000000000000000000000000000F1
:102FE00000000000000000000000000001000000E0
:102FF000000000000E33CDAB34126DE6ECDE0500B0
:103000000B000000000000000000000000000000B5
:1030100000000000000000000000000000000000B0
:1030200000000000000000000000000000000000A0
:103030000000000000000000000000000000000090
:103040000000000000000000000000000000000080
:103050000000000000000000000000000000000070
:103060000000000000000000000000000000000060
:10307000000000000029DE07007B9A1700003A409C
:10308000FC0700200000000000000000000000001D
:103090000000000000000000000000000000000030
:1030A0000000000000000000000000000000000020
:1030B0000000000000000000000000000000000010
:1030C00000000000000000000000000024090020B3
:1030D00000000000E8030000000000005809002084
:1030E00000000000E803000000000000008019401C
:1030F000E40500200000000010920020D091002084
:10310000000000000000000040000000400000003F
:10311000400000004000000000000000000000002F
:10312000000000000000000000000000000000009F
:103130000000000000000000000000003433D34015
:10314000713D0A410000803F0000803F0000803F49
:103150000000C8413433D340713D0A41FFFFFFFFF7
:1031600030160120A0432120000000004300000091
:10317000000000000000000000000000000000004F
:1031800000000000000000000000000043000000FC
:10319000000000000000000000000000000000002F
:1031A00000000000000000000000000043000000DC
:1031B000000000000000000000000000000000000F
:1031C00000000000000000000000000043000000BC
:1031D00000000000000000000000000000000000EF
:1031E000000000000000000000000000430000009C
:1031F00000000000000000000000000000000000CF
:10320000000000000000000000000000430000007B
:1032100000000000000000000000000000000000AE
:10322000000000000000000000000000430000005B
:10323000000000000000000000000000000000008E
:1032400000000000000000000000000065260100F2
:10325000C51B010000000000440D00208C07002069
:103260002C0700202C0700202C0700202C07002012
:103270002C0700202C0700202C0700202C07002002
:103280002C070020FFFFFFFFFFFFFFFFFFFFFFFFF7
:10329000FFFF0000010041534349490000000000C6
:1032A000000000000000000000000000000000001E
:1032B00000000000000041534349490000000000A5
:1032C00000000000000000000000000000000000FE
:1032D00000000000000000000000000000000000EE
:1032E000EC820020EC820020F4820020F482002096
:1032F000FC820020FC820020048300200483002044
:103300000C8300200C8300201483002014830020F1
:103310001C8300201C8300202483002024830020A1
:103320002C8300202C830020348300203483002051
:103330003C8300203C830020448300204483002001
:103340004C8300204C8300205483002054830020B1
:103350005C8300205C830020648300206483002061
:103360006C8300206C830020748300207483002011
:103370007C8300207C8300208483002084830020C1
:103380008C8300208C830020948300209483002071
:103390009C8300209C830020A4830020A483002021
:1033A000AC830020AC830020B4830020B4830020D1
:1033B000BC830020BC830020C4830020C483002081
:1033C000CC830020CC830020D4830020D483002031
:1033D000DC830020DC830020E4830020E4830020E1
:1033E000EC830020EC830020F4830020F483002091
:1033F000FC830020FC83002004840020048400203F
:103400000C8400200C8400201484002014840020EC
:103410001C8400201C84002024840020248400209C
:103420002C8400202C84002034840020348400204C
:103430003C8400203C8400204484002044840020FC
:103440004C8400204C8400205484002054840020AC
:103450005C8400205C84002064840020648400205C
:103460006C8400206C84002074840020748400200C
:103470007C8400207C8400208484002084840020BC
:103480008C8400208C84002094840020948400206C
:103490009C8400209C840020A4840020A48400201C
:1034A000AC840020AC840020B4840020B4840020CC
:1034B000BC840020BC840020C4840020C48400207C
:1034C000CC840020CC840020D4840020D48400202C
:1034D000DC840020DC840020E4840020E4840020DC
:1034E000EC840020EC840020F4840020F48400208C
:1034F000FC840020FC84002004850020048500203A
:103500000C8500200C8500201485002014850020E7
:103510001C8500201C850020248500202485002097
:103520002C8500202C850020348500203485002047
:103530003C8500203C8500204485002044850020F7
:103540004C8500204C8500205485002054850020A7
:103550005C8500205C850020648500206485002057
:103560006C8500206C850020748500207485002007
:103570007C8500207C8500208485002084850020B7
:103580008C8500208C850020948500209485002067
:103590009C8500209C850020A4850020A485002017
:1035A000AC850020AC850020B4850020B4850020C7
:1035B000BC850020BC850020C4850020C485002077
:1035C000CC850020CC850020D4850020D485002027
:1035D000DC850020DC850020E4850020E4850020D7
:1035E000EC850020EC850020F4850020F485002087
:1035F000FC850020FC850020048600200486002035
:103600000C8600200C8600201486002014860020E2
:103610001C8600201C860020248600202486002092
:103620002C8600202C860020348600203486002042
:103630003C8600203C8600204486002044860020F2
:103640004C8600204C8600205486002054860020A2
:103650005C8600205C860020648600206486002052
:103660006C8600206C860020748600207486002002
:103670007C8600207C8600208486002084860020B2
:103680008C8600208C860020948600209486002062
:103690009C8600209C860020A4860020A486002012
:1036A000AC860020AC860020B4860020B4860020C2
:1036B000BC860020BC860020C4860020C486002072
:1036C000CC860020CC860020D4860020D486002022
:1036D000DC860020DC860020E4860020E4860020D2
:1036E000FFFFFFFF000002000000000003000000D9
:1036F00070160120687F002012010002EF020140D5
:10370000C0168304790201020301000028000000B2
:103710000001040001000000000000000201574900
:103720004E55534200000000000000000000000061
:103730000000000012034D00530046005400310009
:1037400030003000F80000000C0300000000000012
:10375000000000000000000000000000000001293F
:103760000101010000000000000000000000000056
:103770000000000000000000000000000000000049
:103780000000000000000000000000000000000039
:103790000000000000000000000000000000000029
:1037A0000000000000000000000000000000000019
:1037B0000000000000000000000000000000000009
:1037C00000000000000000000000000000000000F9
:1037D00000000000000000000000000000000000E9
:1037E00000000000000000000000000000000000D9
:1037F00000000000000000000000000000000000C9
:1038000000000000000000000000000000000000B8
:1038100000000000000000000000000000000000A8
:103820000000000000000000000000000000000098
:103830000000000000000000000000000000000088
:103840000000000000000000000000000000000078
:103850000000000000000000000000000000000068
:103860000000000000000000000000000000000058
:103870000000000000000000000000000000000048
:103880000000000000000000000000000000000038
:103890000000000000000000000000000000000028
:1038A0000000000000000000000000000000000018
:1038B0000000000000000000000000000000000008
:1038C00000000000000000000000000000000000F8
:1038D00000000000000000000000000000000000E8
:1038E00000000000000000000000000000000000D8
:1038F00000000000000000000000000000000000C8
:1039000000000000000000000000000000000000B7
:1039100000000000000000000000000000000000A7
:103920000000000000000000000000000000000097
:103930000000000000000000000000000000000087
:103940000000000000000000000000000000000077
:103950000000000000000000000000000000000067
:103960000000000000000000000000000000000057
:103970000000000000000000000000000000000047
:103980000000000000000000000000000000000037
:103990000000000000000000000000000000000027
:1039A0000000000000000000000000000000000017
:1039B0000000000000000000000000000000000007
:1039C00000000000000000000000000000000000F7
:1039D00000000000000000000000000000000000E7
:1039E00000000000000000000000000000000000D7
:1039F00000000000000000000000000000000000C7
:103A000000000000000000000000000000000000B6
:103A100000000000000000000000000000000000A6
:103A20000000000000000000000000000000000096
:103A30000000000000000000000000000000000086
:103A40000000000000000000000000000000000076
:103A50000000000000000000000000000000000066
:103A60000000000000000000000000000000000056
:103A70000000000000000000000000000000000046
:103A80000000000000000000000000000000000036
:103A90000000000000000000000000000000000026
:0C3AA0000000000000000000000000001A
:103AAC00FFFFFFFFFFFFFFFFFFFFFFFFFFFFFFFF1A
:103ABC00FFFFFFFFFFFFFFFFFFFFFFFFFFFFFFFF0A
:103ACC00FFFFFFFFFFFFFFFFFFFFFFFFFFFFFFFFFA
:103ADC00FFFFFFFFFFFFFFFFFFFFFFFFFFFFFFFFEA
:103AEC00FFFFFFFFFFFFFFFFFFFFFFFFFFFFFFFFDA
:103AFC00FFFFFFFFFFFFFFFFFFFFFFFFFFFFFFFFCA
:103B0C00FFFFFFFFFFFFFFFFFFFFFFFFFFFFFFFFB9
:103B1C00FFFFFFFFFFFFFFFFFFFFFFFFFFFFFFFFA9
:103B2C00FFFFFFFFFFFFFFFFFFFFFFFFFFFFFFFF99
:103B3C00FFFFFFFFFFFFFFFFFFFFFFFFFFFFFFFF89
:103B4C00FFFFFFFFFFFFFFFFFFFFFFFFFFFFFFFF79
:103B5C00FFFFFFFFFFFFFFFFFFFFFFFFFFFFFFFF69
:103B6C00FFFFFFFFFFFFFFFFFFFFFFFFFFFFFFFF59
:103B7C00FFFFFFFFFFFFFFFFFFFFFFFFFFFFFFFF49
:103B8C00FFFFFFFFFFFFFFFFFFFFFFFFFFFFFFFF39
:103B9C00FFFFFFFFFFFFFFFFFFFFFFFFFFFFFFFF29
:103BAC00FFFFFFFFFFFFFFFFFFFFFFFFFFFFFFFF19
:103BBC00FFFFFFFFFFFFFFFFFFFFFFFFFFFFFFFF09
:103BCC00FFFFFFFFFFFFFFFFFFFFFFFFFFFFFFFFF9
:103BDC00FFFFFFFFFFFFFFFFFFFFFFFFFFFFFFFFE9
:103BEC00FFFFFFFFFFFFFFFFFFFFFFFFFFFFFFFFD9
:103BFC00FFFFFFFF000000000000000000000000BD
:103C0C0000000000000000000000000000000000A8
:103C1C000000000000000000000000000000000098
:103C2C000000000000000000000000000000000088
:103C3C000000000000000000000000000000000078
:103C4C000000000000000000000000000000000068
:103C5C000000000000000000000000000000000058
:103C6C000000000000000000000000000000000048
:103C7C000000000000000000000000000000000038
:103C8C000000000000000000000000000000000028
:103C9C000000000000000000000000000000000018
:103CAC000000000000000000000000000000000008
:103CBC0000000000000000000000000000000000F8
:103CCC0000000000000000000000000000000000E8
:103CDC0000000000000000000000000000000000D8
:103CEC0000000000000000000000000000000000C8
:103CFC0000000000000000000000000000000000B8
:103D0C0000000000000000000000000000000000A7
:103D1C000000000000000000000000000000000097
:103D2C000000000000000000000000000000000087
:103D3C000000000000000000000000000000000077
:103D4C000000000000000000000000000000000067
:103D5C000000000000000000000000000000000057
:103D6C000000000000000000000000000000000047
:103D7C000000000000000000000000000000000037
:103D8C000000000000000000000000000000000027
:103D9C000000000000000000000000000000000017
:103DAC000000000000000000000000000000000007
:103DBC0000000000000000000000000000000000F7
:103DCC0000000000000000000000000000000000E7
:103DDC0000000000000000000000000000000000D7
:103DEC0000000000000000000000000000000000C7
:103DFC0000000000000000000000000000000000B7
:103E0C0000000000000000000000000000000000A6
:103E1C000000000000000000000000000000000096
:103E2C000000000000000000000000000000000086
:103E3C000000000000000000000000000000000076
:103E4C000000000000000000000000000000000066
:103E5C000000000000000000000000000000000056
:103E6C000000000000000000000000000000000046
:103E7C000000000000000000000000000000000036
:103E8C000000000000000000000000000000000026
:103E9C000000000000000000000000000000000016
:103EAC000000000000000000000000000000000006
:103EBC0000000000000000000000000000000000F6
:103ECC0000000000000000000000000000000000E6
:103EDC0000000000000000000000000000000000D6
:103EEC0000000000000000000000000000000000C6
:103EFC0000000000000000000000000000000000B6
:103F0C0000000000000000000000000000000000A5
:103F1C000000000000000000000000000000000095
:103F2C000000000000000000000000000000000085
:103F3C000000000000000000000000000000000075
:103F4C000000000000000000000000000000000065
:103F5C000000000000000000000000000000000055
:103F6C000000000000000000000000000000000045
:103F7C000000000000000000000000000000000035
:103F8C000000000000000000000000000000000025
:103F9C000000000000000000000000000000000015
:103FAC000000000000000000000000000000000005
:103FBC0000000000000000000000000000000000F5
:103FCC0000000000000000000000000000000000E5
:103FDC0000000000000000000000000000000000D5
:103FEC0000000000000000000000000000000000C5
:103FFC0000000000000000000000000000000000B5
:10400C0000000000000000000000000000000000A4
:10401C000000000000000000000000000000000094
:10402C000000000000000000000000000000000084
:10403C000000000000000000000000000000000074
:10404C000000000000000000000000000000000064
:10405C000000000000000000000000000000000054
:10406C000000000000000000000000000000000044
:10407C000000000000000000000000000000000034
:10408C000000000000000000000000000000000024
:10409C000000000000000000000000000000000014
:1040AC000000000000000000000000000000000004
:1040BC0000000000000000000000000000000000F4
:1040CC0000000000000000000000000000000000E4
:1040DC0000000000000000000000000000000000D4
:1040EC0000000000000000000000000000000000C4
:1040FC0000000000000000000000000000000000B4
:10410C0000000000000000000000000000000000A3
:10411C000000000000000000000000000000000093
:10412C000000000000000000000000000000000083
:10413C000000000000000000000000000000000073
:10414C000000000000000000000000000000000063
:10415C000000000000000000000000000000000053
:10416C000000000000000000000000000000000043
:10417C000000000000000000000000000000000033
:10418C000000000000000000000000000000000023
:10419C000000000000000000000000000000000013
:1041AC000000000000000000000000000000000003
:1041BC0000000000000000000000000000000000F3
:1041CC0000000000000000000000000000000000E3
:1041DC0000000000000000000000000000000000D3
:1041EC0000000000000000000000000000000000C3
:1041FC0000000000000000000000000000000000B3
:10420C0000000000000000000000000000000000A2
:10421C000000000000000000000000000000000092
:10422C000000000000000000000000000000000082
:10423C000000000000000000000000000000000072
:10424C000000000000000000000000000000000062
:10425C000000000000000000000000000000000052
:10426C000000000000000000000000000000000042
:10427C000000000000000000000000000000000032
:10428C000000000000000000000000000000000022
:10429C000000000000000000000000000000000012
:1042AC000000000000000000000000000000000002
:1042BC0000000000000000000000000000000000F2
:1042CC0000000000000000000000000000000000E2
:1042DC0000000000000000000000000000000000D2
:1042EC0000000000000000000000000000000000C2
:1042FC0000000000000000000000000000000000B2
:10430C0000000000000000000000000000000000A1
:10431C000000000000000000000000000000000091
:10432C000000000000000000000000000000000081
:10433C000000000000000000000000000000000071
:10434C000000000000000000000000000000000061
:10435C000000000000000000000000000000000051
:10436C000000000000000000000000000000000041
:10437C000000000000000000000000000000000031
:10438C000000000000000000000000000000000021
:10439C000000000000000000000000000000000011
:1043AC000000000000000000000000000000000001
:1043BC0000000000000000000000000000000000F1
:1043CC0000000000000000000000000000000000E1
:1043DC0000000000000000000000000000000000D1
:1043EC0000000000000000000000000000000000C1
:1043FC0000000000000000000000000000000000B1
:10440C0000000000000000000000000000000000A0
:10441C000000000000000000000000000000000090
:10442C000000000000000000000000000000000080
:10443C000000000000000000000000000000000070
:10444C000000000000000000000000000000000060
:10445C000000000000000000000000000000000050
:10446C000000000000000000000000000000000040
:10447C000000000000000000000000000000000030
:10448C000000000000000000000000000000000020
:10449C000000000000000000000000000000000010
:1044AC000000000000000000000000000000000000
:1044BC0000000000000000000000000000000000F0
:1044CC0000000000000000000000000000000000E0
:1044DC0000000000000000000000000000000000D0
:1044EC0000000000000000000000000000000000C0
:1044FC0000000000000000000000000000000000B0
:10450C00000000000000000000000000000000009F
:10451C00000000000000000000000000000000008F
:10452C00000000000000000000000000000000007F
:10453C00000000000000000000000000000000006F
:10454C00000000000000000000000000000000005F
:10455C00000000000000000000000000000000004F
:10456C00000000000000000000000000000000003F
:10457C00000000000000000000000000000000002F
:10458C00000000000000000000000000000000001F
:10459C00000000000000000000000000000000000F
:1045AC0000000000000000000000000000000000FF
:1045BC0000000000000000000000000000000000EF
:1045CC0000000000000000000000000000000000DF
:1045DC0000000000000000000000000000000000CF
:1045EC0000000000000000000000000000000000BF
:1045FC0000000000000000000000000000000000AF
:10460C00000000000000000000000000000000009E
:10461C00000000000000000000000000000000008E
:10462C00000000000000000000000000000000007E
:10463C00000000000000000000000000000000006E
:10464C00000000000000000000000000000000005E
:10465C00000000000000000000000000000000004E
:10466C00000000000000000000000000000000003E
:10467C00000000000000000000000000000000002E
:10468C00000000000000000000000000000000001E
:10469C00000000000000000000000000000000000E
:1046AC0000000000000000000000000000000000FE
:1046BC0000000000000000000000000000000000EE
:1046CC0000000000000000000000000000000000DE
:1046DC0000000000000000000000000000000000CE
:1046EC0000000000000000000000000000000000BE
:1046FC0000000000000000000000000000000000AE
:10470C00000000000000000000000000000000009D
:10471C00000000000000000000000000000000008D
:10472C00000000000000000000000000000000007D
:10473C00000000000000000000000000000000006D
:10474C00000000000000000000000000000000005D
:10475C00000000000000000000000000000000004D
:10476C00000000000000000000000000000000003D
:10477C00000000000000000000000000000000002D
:10478C00000000000000000000000000000000001D
:10479C00000000000000000000000000000000000D
:1047AC0000000000000000000000000000000000FD
:1047BC0000000000000000000000000000000000ED
:1047CC0000000000000000000000000000000000DD
:1047DC0000000000000000000000000000000000CD
:1047EC0000000000000000000000000000000000BD
:0447FC0000000000B9
:040000056000100087
:00000001FF
